sim,state,soln,step,pH,pe,temp(C),charge(eq),pct_err,Na(mol/kgw),Cl(mol/kgw),K(mol/kgw),P(mol/kgw),Cu(mol/kgw),Fe(mol/kgw),S(mol/kgw),Au(mol/kgw),P(5)(mol/kgw),Cu(1)(mol/kgw),Cu(2)(mol/kgw),Fe(2)(mol/kgw),Fe(3)(mol/kgw),S(-2)(mol/kgw),S(6)(mol/kgw),Au(1)(mol/kgw),Au(3)(mol/kgw),m_Fe+2(mol/kgw),m_Fe+3(mol/kgw),m_FeOH+(mol/kgw),m_FeOH+2(mol/kgw),m_FeCl+(mol/kgw),m_FeCl+2(mol/kgw),m_FeCl2(mol/kgw),m_FeCl2+(mol/kgw),m_Fe(OH)4-(mol/kgw),la_SO4-2,la_Cu(HS)2-,la_Au(HS)2-,la_AuHS,la_H+,la_OH-,la_HS-,la_H2S,la_Au(OH)2-,la_Au+,la_Au+3,la_AuCl,la_AuCl2-,la_AuCl3-2,la_AuCl4-,la_AuOH,la_Cu2S(HS)2-2,la_CuCl+,la_CuCl2,la_CuCl2-,la_CuCl3-,la_CuCl3-2,la_CuCl4-2,la_CuHS,la_CuCl,la_CuOH,la_CuOH+,la_S-2,Magnetite,d_Magnetite,Chalcocite(alpha),d_Chalcocite(alpha),Chalcopyrite(alpha),d_Chalcopyrite(alpha),Bornite(alpha),d_Bornite(alpha),Au(element),d_Au(element),Pyrite,d_Pyrite,Cu(element),d_Cu(element),si_Hematite,si_Magnetite,si_Chalcocite(alpha),si_Pyrite,si_Chalcopyrite(alpha),si_Bornite(alpha),si_Cu(element),si_Au(element),rxn_step,pH_user,logaHS-,logaH2S,SR_Hematite,add_Hematite,add_Chalcopyrite(alpha),add_H2S(g),add_Cu(1),add_Au(3),Pyrite_pct,Chalcopyrite(alpha)_pct,Bornite(alpha)_pct,Magnetite_pct,Chalcocite(alpha)_pct,Au(element)_pct,Cu(element)_pct
1,i_soln,1,-99,8.0,0.0,240.0,0.2530442006431134,15.361351353009542,1.05,0.5,0.001,0.1,0.0004999999999999997,0.00010000000000000038,0.1,0.0001,0.1,0.0004999999999999997,0.0,0.0,0.00010000000000000038,0.1,0.0,0.0,0.0001,0.0,2.604573813803929e-24,0.0,1.0010281996927607e-16,0.0,3.8355796623880335e-21,0.0,4.6738275439683367e-23,9.96427781024963e-05,-999.999,-3.7517610069083522,-999.999,-999.999,-8.0,-3.220620433705687,-1.378513727650429,-2.430779058765941,-999.999,-999.999,-5.988543203309693,-999.999,-999.999,-999.999,-32.40537179594306,-999.999,-8.76534748493536,-999.999,-999.999,-8.153219603438968,-999.999,-10.778298745961305,-999.999,-3.9933821671339143,-9.872901312496996,-8.531377158918952,-999.999,-6.409464160168408,0.0,0.0,0.0,0.0,0.0,0.0,0.0,0.0,0.0,0.0,0.0,0.0,0.0,0.0,7.155900769729101,-999.999,1.4294868124043774,-999.999,-999.999,-999.999,-999.999,40.18178087308985,1.0,8.0,-1.378513727650429,-2.430779058765941,14318607.015665315,1.0914590509806667e-05,2.818186173076992e-06,0.001341990354489021,7.065734611525068e-05,6.666666666666666e-07,0.0,0.0,0.0,0.0,0.0,0.0,0.0
1,i_soln,100101,-99,8.0,0.0,240.0,-0.000492783605584837,-63.42297352997195,0.0,0.0,0.0,0.0,0.9999999999999971,0.0,0.0,0.0,0.0,0.9999999999999971,0.0,0.0,0.0,0.0,0.0,0.0,0.0,0.0,0.0,0.0,0.0,0.0,0.0,0.0,0.0,0.0,-999.999,-999.999,-999.999,-999.999,-8.0,-3.2157004040477073,-999.999,-999.999,-999.999,-999.999,-999.999,-999.999,-999.999,-999.999,-999.999,-999.999,-999.999,-999.999,-999.999,-999.999,-999.999,-999.999,-999.999,-999.999,-999.999,-6.196071767946686e-05,-999.999,-999.999,0.0,0.0,0.0,0.0,0.0,0.0,0.0,0.0,0.0,0.0,0.0,0.0,0.0,0.0,-999.999,-999.999,-999.999,-999.999,-999.999,-999.999,-999.999,-999.999,1.0,8.0,-99.99,-99.99,0.0,1.0914590509806667e-05,2.818186173076992e-06,0.001341990354489021,7.065734611525068e-05,6.666666666666666e-07,0.0,0.0,0.0,0.0,0.0,0.0,0.0
1,i_soln,100102,-99,8.0,0.0,240.0,2.9986045440461253,99.90701205807707,0.0,0.0,0.0,0.0,0.0,0.0,0.0,0.999999999999999,0.0,0.0,0.0,0.0,0.0,0.0,0.0,0.0,0.999999999999999,0.0,0.0,0.0,0.0,0.0,0.0,0.0,0.0,0.0,-999.999,-999.999,-999.999,-999.999,-8.0,-3.215706120982619,-999.999,-999.999,-999.999,-999.999,-2.212279423983691,-999.999,-999.999,-999.999,-999.999,-999.999,-999.999,-999.999,-999.999,-999.999,-999.999,-999.999,-999.999,-999.999,-999.999,-999.999,-999.999,-999.999,0.0,0.0,0.0,0.0,0.0,0.0,0.0,0.0,0.0,0.0,0.0,0.0,0.0,0.0,-999.999,-999.999,-999.999,-999.999,-999.999,-999.999,-999.999,43.95804465241585,1.0,8.0,-99.99,-99.99,0.0,1.0914590509806667e-05,2.818186173076992e-06,0.001341990354489021,7.065734611525068e-05,6.666666666666666e-07,0.0,0.0,0.0,0.0,0.0,0.0,0.0
1,react,1,1,8.158523798185207,-7.899196994776558,240.0,0.2530461648940231,15.375423819186176,1.0498786894435184,0.49994223306834207,0.000999884466136685,0.09998844661366826,3.453622682217364e-07,6.89122686597049e-09,0.09708712762951079,1.3855514063951497e-05,0.09998844580643047,3.4536226822172356e-07,1.28278959742089e-20,5.481779038117413e-09,1.4094478278530773e-09,0.09708679801158276,2.482937182694045e-07,1.3855514063951497e-05,0.0,2.189266058881448e-12,8.529288203017301e-30,2.2771201803095028e-10,4.722884201402632e-22,6.82347959120899e-11,1.2563415245981487e-26,3.2241200190421635e-13,1.5316910739557146e-28,1.4059492528994331e-09,-8.7186828770663,-6.913151771514948,-5.211051061730559,-7.659316537385777,-8.158523798185207,-3.062083912855825,-1.3824972935033175,-2.5932864228040557,-14.795595290349526,-22.594807450110775,-69.86791506072916,-17.056280586029025,-16.57997028986478,-17.581643884664416,-96.28453468288225,-9.827356581701608,-14.925621650109127,-24.841613198222475,-23.781836995459507,-11.306538751099662,-24.82043155217559,-13.931565651001884,-27.010384254607253,-7.150789365887732,-13.026272702777803,-11.52626427097001,-23.149150391256164,-6.2549239278359865,0.0,0.0,0.0,0.0,0.0005731301301144592,0.0005703119439413822,0.0,0.0,8.680955163668237e-05,8.680955163668237e-05,0.0015515103450589416,0.0015515103450589416,0.0,0.0,-2.86200875843652,-3.2697382291418275,-4.722820221064936,2.1316282072803006e-14,2.842170943040401e-14,-5.416610591631894,-4.518690352153089,1.7763568394002505e-15,1.0,8.158523798185207,-1.3824972935033175,-2.5932864228040557,0.001374014264925082,1.0914590509806667e-05,2.818186173076992e-06,0.001341990354489021,7.065734611525068e-05,6.666666666666666e-07,70.15805585699466,25.91648570694467,0.0,0.0,0.0,3.9254584360606706,0.0
2,i_soln,100201,-99,8.0,0.0,240.0,-0.000492783605584837,-63.42297352997195,0.0,0.0,0.0,0.0,0.9999999999999971,0.0,0.0,0.0,0.0,0.9999999999999971,0.0,0.0,0.0,0.0,0.0,0.0,0.0,0.0,0.0,0.0,0.0,0.0,0.0,0.0,0.0,0.0,-999.999,-999.999,-999.999,-999.999,-8.0,-3.2157004040477073,-999.999,-999.999,-999.999,-999.999,-999.999,-999.999,-999.999,-999.999,-999.999,-999.999,-999.999,-999.999,-999.999,-999.999,-999.999,-999.999,-999.999,-999.999,-999.999,-6.196071767946686e-05,-999.999,-999.999,0.0,0.0,0.0,0.0,0.0,0.0,0.0,0.0,0.0,0.0,0.0,0.0,0.0,0.0,-999.999,-999.999,-999.999,-999.999,-999.999,-999.999,-999.999,-999.999,2.0,8.0,-99.99,-99.99,0.0,1.0913743221205396e-05,2.8590736868218044e-06,0.001340043334466399,7.064747301052629e-05,6.632996632996632e-07,0.0,0.0,0.0,0.0,0.0,0.0,0.0
2,i_soln,100202,-99,8.0,0.0,240.0,2.9986045440461253,99.90701205807707,0.0,0.0,0.0,0.0,0.0,0.0,0.0,0.999999999999999,0.0,0.0,0.0,0.0,0.0,0.0,0.0,0.0,0.999999999999999,0.0,0.0,0.0,0.0,0.0,0.0,0.0,0.0,0.0,-999.999,-999.999,-999.999,-999.999,-8.0,-3.215706120982619,-999.999,-999.999,-999.999,-999.999,-2.212279423983691,-999.999,-999.999,-999.999,-999.999,-999.999,-999.999,-999.999,-999.999,-999.999,-999.999,-999.999,-999.999,-999.999,-999.999,-999.999,-999.999,-999.999,0.0,0.0,0.0,0.0,0.0,0.0,0.0,0.0,0.0,0.0,0.0,0.0,0.0,0.0,-999.999,-999.999,-999.999,-999.999,-999.999,-999.999,-999.999,43.95804465241585,2.0,8.0,-99.99,-99.99,0.0,1.0913743221205396e-05,2.8590736868218044e-06,0.001340043334466399,7.064747301052629e-05,6.632996632996632e-07,0.0,0.0,0.0,0.0,0.0,0.0,0.0
2,react,2,1,8.158396559522565,-7.886392464028661,240.0,0.2530481190534911,15.375553905875215,1.0498024879604317,0.49990594664782445,0.00099981189329565,0.09998118932956493,3.556424634995244e-07,6.536658484598579e-09,0.09708008021856167,1.4267683239076898e-05,0.09998118856812994,3.556424634995108e-07,1.3595304746447813e-20,5.168738531480384e-09,1.3679199531181946e-09,0.09707968054636297,3.1347141764770843e-07,1.4267683239076898e-05,0.0,2.065391575559084e-12,8.287387827083883e-30,2.1476909746802563e-10,4.587633170831213e-22,6.437121257820105e-11,1.2206440946019479e-26,3.0414040305888456e-13,1.4881112811727279e-28,1.364523453669209e-09,-8.617421869910421,-6.9004169346937925,-5.198316224909375,-7.646546853601244,-8.158396559522565,-3.0622099624935073,-1.3825321404666842,-2.5931940311047654,-14.783042858876998,-22.58200291936288,-69.82950146848546,-17.043502151685527,-16.567217951925677,-17.56891764312971,-96.24622547625614,-9.814678100591395,-14.900244368166046,-24.816030233131077,-23.756280126772513,-11.293786413160566,-24.79490077989299,-13.918839409467184,-26.98487957872905,-7.138019682103199,-13.01349426843431,-11.513585789859802,-23.123667379398057,-6.255086013461979,0.0,0.0,0.0,0.0,0.000643767295924037,7.063716580957779e-05,0.0,0.0,8.705959873907379e-05,2.500471023914242e-07,0.0014808735333841866,-7.063681167475497e-05,0.0,0.0,-2.887729342329349,-3.320996991578806,-4.697373245195131,3.552713678800501e-14,1.4210854715202004e-14,-5.36571663989227,-4.5186903521530954,0.0,2.0,8.158396559522565,-1.3825321404666842,-2.5931940311047654,0.0012950026516208573,1.0913743221205396e-05,2.8590736868218044e-06,0.001340043334466399,7.064747301052629e-05,6.632996632996632e-07,66.9563343482121,29.107345993164945,0.0,0.0,0.0,3.936319658622954,0.0
3,i_soln,100301,-99,8.0,0.0,240.0,-0.000492783605584837,-63.42297352997195,0.0,0.0,0.0,0.0,0.9999999999999971,0.0,0.0,0.0,0.0,0.9999999999999971,0.0,0.0,0.0,0.0,0.0,0.0,0.0,0.0,0.0,0.0,0.0,0.0,0.0,0.0,0.0,0.0,-999.999,-999.999,-999.999,-999.999,-8.0,-3.2157004040477073,-999.999,-999.999,-999.999,-999.999,-999.999,-999.999,-999.999,-999.999,-999.999,-999.999,-999.999,-999.999,-999.999,-999.999,-999.999,-999.999,-999.999,-999.999,-999.999,-6.196071767946686e-05,-999.999,-999.999,0.0,0.0,0.0,0.0,0.0,0.0,0.0,0.0,0.0,0.0,0.0,0.0,0.0,0.0,-999.999,-999.999,-999.999,-999.999,-999.999,-999.999,-999.999,-999.999,3.0,8.0,-99.99,-99.99,0.0,1.0912842993776011e-05,2.901219180168995e-06,0.0013380364107898359,7.063698303146514e-05,6.599326599326598e-07,0.0,0.0,0.0,0.0,0.0,0.0,0.0
3,i_soln,100302,-99,8.0,0.0,240.0,2.9986045440461253,99.90701205807707,0.0,0.0,0.0,0.0,0.0,0.0,0.0,0.999999999999999,0.0,0.0,0.0,0.0,0.0,0.0,0.0,0.0,0.999999999999999,0.0,0.0,0.0,0.0,0.0,0.0,0.0,0.0,0.0,-999.999,-999.999,-999.999,-999.999,-8.0,-3.215706120982619,-999.999,-999.999,-999.999,-999.999,-2.212279423983691,-999.999,-999.999,-999.999,-999.999,-999.999,-999.999,-999.999,-999.999,-999.999,-999.999,-999.999,-999.999,-999.999,-999.999,-999.999,-999.999,-999.999,0.0,0.0,0.0,0.0,0.0,0.0,0.0,0.0,0.0,0.0,0.0,0.0,0.0,0.0,-999.999,-999.999,-999.999,-999.999,-999.999,-999.999,-999.999,43.95804465241585,3.0,8.0,-99.99,-99.99,0.0,1.0912842993776011e-05,2.901219180168995e-06,0.0013380364107898359,7.063698303146514e-05,6.599326599326598e-07,0.0,0.0,0.0,0.0,0.0,0.0,0.0
3,react,3,1,8.158271012686471,-7.872852498624302,240.0,0.25305006312181594,15.375683730293249,1.0497263142377116,0.49986967344652916,0.0009997393468930598,0.09997393468930582,3.6684875565989644e-07,6.1824863849296245e-09,0.09707303537553498,1.4716987157287999e-05,0.09997393397350876,3.66848755659882e-07,1.4457669983498114e-20,4.857104274572652e-09,1.3253821103569718e-09,0.09707254252451204,4.011700135880753e-07,1.4716987157287999e-05,0.0,1.94192657377399e-12,8.03867587403363e-30,2.0187654751024355e-10,4.448706382847683e-22,6.052071332353123e-11,1.1839473354286756e-26,2.8593255030591893e-13,1.443316694515992e-28,1.3220902684668597e-09,-8.510262562122929,-6.886947462002019,-5.18484675221763,-7.633042134553172,-8.158271012686471,-3.0623343212211607,-1.3825673868229846,-2.593103730624968,-14.76975161092794,-22.56846295395852,-69.78888157227239,-17.02998827371109,-16.55373016138117,-17.555455940015122,-96.20570992976276,-9.801262493914688,-14.873395723262329,-24.788976389752285,-23.72925237082364,-11.280298622616053,-24.767899111374046,-13.905377706352596,-26.957903997640024,-7.124514963055141,-12.999980390459871,-11.500170183183094,-23.09671180731699,-6.255246806654373,0.0,0.0,0.0,0.0,0.0007143930439294615,7.062574800542458e-05,0.0,0.0,8.726907480405181e-05,2.0947606497801797e-07,0.0014102481391687776,-7.062539421540896e-05,0.0,0.0,-2.9149158170597094,-3.375191716296836,-4.670454107578813,-7.105427357601002e-15,1.4210854715202004e-14,-5.311878364659663,-4.518690352153094,0.0,3.0,8.158271012686471,-1.3825673868229846,-2.593103730624968,0.0012164217670241927,1.0912842993776011e-05,2.901219180168995e-06,0.0013380364107898359,7.063698303146514e-05,6.599326599326598e-07,63.75702332997064,32.297560055938725,0.0,0.0,0.0,3.9454166140906257,0.0
4,i_soln,100401,-99,8.0,0.0,240.0,-0.000492783605584837,-63.42297352997195,0.0,0.0,0.0,0.0,0.9999999999999971,0.0,0.0,0.0,0.0,0.9999999999999971,0.0,0.0,0.0,0.0,0.0,0.0,0.0,0.0,0.0,0.0,0.0,0.0,0.0,0.0,0.0,0.0,-999.999,-999.999,-999.999,-999.999,-8.0,-3.2157004040477073,-999.999,-999.999,-999.999,-999.999,-999.999,-999.999,-999.999,-999.999,-999.999,-999.999,-999.999,-999.999,-999.999,-999.999,-999.999,-999.999,-999.999,-999.999,-999.999,-6.196071767946686e-05,-999.999,-999.999,0.0,0.0,0.0,0.0,0.0,0.0,0.0,0.0,0.0,0.0,0.0,0.0,0.0,0.0,-999.999,-999.999,-999.999,-999.999,-999.999,-999.999,-999.999,-999.999,4.0,8.0,-99.99,-99.99,0.0,1.0911886519885768e-05,2.944661357175988e-06,0.0013359677404131823,7.062583763558663e-05,6.565656565656565e-07,0.0,0.0,0.0,0.0,0.0,0.0,0.0
4,i_soln,100402,-99,8.0,0.0,240.0,2.9986045440461253,99.90701205807707,0.0,0.0,0.0,0.0,0.0,0.0,0.0,0.999999999999999,0.0,0.0,0.0,0.0,0.0,0.0,0.0,0.0,0.999999999999999,0.0,0.0,0.0,0.0,0.0,0.0,0.0,0.0,0.0,-999.999,-999.999,-999.999,-999.999,-8.0,-3.215706120982619,-999.999,-999.999,-999.999,-999.999,-2.212279423983691,-999.999,-999.999,-999.999,-999.999,-999.999,-999.999,-999.999,-999.999,-999.999,-999.999,-999.999,-999.999,-999.999,-999.999,-999.999,-999.999,-999.999,0.0,0.0,0.0,0.0,0.0,0.0,0.0,0.0,0.0,0.0,0.0,0.0,0.0,0.0,-999.999,-999.999,-999.999,-999.999,-999.999,-999.999,-999.999,43.95804465241585,4.0,8.0,-99.99,-99.99,0.0,1.0911886519885768e-05,2.944661357175988e-06,0.0013359677404131823,7.062583763558663e-05,6.565656565656565e-07,0.0,0.0,0.0,0.0,0.0,0.0,0.0
4,react,4,1,8.158146808110049,-7.858500276044006,240.0,0.25305199709932097,15.375813416752743,1.0496501696524385,0.49983341412020843,0.0009996668282404191,0.09996668282404185,3.791157662274158e-07,5.829005915346297e-09,0.09706599322836601,1.5208823329459322e-05,0.09996668215366382,3.7911576622740036e-07,1.5432494356841236e-20,4.547227513486391e-09,1.281778401859906e-09,0.09706537419494193,5.21157035920784e-07,1.5208823329459322e-05,0.0,1.8190180770088636e-12,7.782828069074739e-30,1.8904930862537933e-10,4.305922479305796e-22,5.6687878323605796e-11,1.1462036531726913e-26,2.678100713456007e-13,1.397249441470286e-28,1.2785939369003448e-09,-8.396593624034573,-6.87266673790284,-5.170566028118422,-7.618725661213439,-8.158146808110049,-3.0624573388289935,-1.382603136063536,-2.5930152752890976,-14.755645423563314,-22.554110731378223,-69.7458249045315,-17.015662128705806,-16.539430093950898,-17.541181950159864,-96.16275757232191,-9.787033288942228,-14.844922730399773,-24.76029802216669,-23.700600080813064,-11.26599855518577,-24.73927289893848,-13.891103716497327,-26.929303862779474,-7.110198489715394,-12.985654245454576,-11.48594097821062,-23.06813037976422,-6.2554067604713595,0.0,0.0,0.0,0.0,0.0007850065838469145,7.061353991745295e-05,0.0,0.0,8.743257247778367e-05,1.6349767373186074e-07,0.0013396349524009913,-7.061318676778632e-05,0.0,0.0,-2.943722113505162,-3.4326297724531827,-4.641909616235175,2.1316282072803006e-14,2.842170943040401e-14,-5.254789381972415,-4.518690352153081,0.0,4.0,8.158146808110049,-1.382603136063536,-2.5930152752890976,0.001138355437879441,1.0911886519885768e-05,2.944661357175988e-06,0.0013359677404131823,7.062583763558663e-05,6.565656565656565e-07,60.56012983998603,35.4873546392681,0.0,0.0,0.0,3.952515520745866,0.0
5,i_soln,100501,-99,8.0,0.0,240.0,-0.000492783605584837,-63.42297352997195,0.0,0.0,0.0,0.0,0.9999999999999971,0.0,0.0,0.0,0.0,0.9999999999999971,0.0,0.0,0.0,0.0,0.0,0.0,0.0,0.0,0.0,0.0,0.0,0.0,0.0,0.0,0.0,0.0,-999.999,-999.999,-999.999,-999.999,-8.0,-3.2157004040477073,-999.999,-999.999,-999.999,-999.999,-999.999,-999.999,-999.999,-999.999,-999.999,-999.999,-999.999,-999.999,-999.999,-999.999,-999.999,-999.999,-999.999,-999.999,-999.999,-6.196071767946686e-05,-999.999,-999.999,0.0,0.0,0.0,0.0,0.0,0.0,0.0,0.0,0.0,0.0,0.0,0.0,0.0,0.0,-999.999,-999.999,-999.999,-999.999,-999.999,-999.999,-999.999,-999.999,5.0,8.0,-99.99,-99.99,0.0,1.0910870285240104e-05,2.9894401127017625e-06,0.0013338354235855824,7.061399587226522e-05,6.531986531986531e-07,0.0,0.0,0.0,0.0,0.0,0.0,0.0
5,i_soln,100502,-99,8.0,0.0,240.0,2.9986045440461253,99.90701205807707,0.0,0.0,0.0,0.0,0.0,0.0,0.0,0.999999999999999,0.0,0.0,0.0,0.0,0.0,0.0,0.0,0.0,0.999999999999999,0.0,0.0,0.0,0.0,0.0,0.0,0.0,0.0,0.0,-999.999,-999.999,-999.999,-999.999,-8.0,-3.215706120982619,-999.999,-999.999,-999.999,-999.999,-2.212279423983691,-999.999,-999.999,-999.999,-999.999,-999.999,-999.999,-999.999,-999.999,-999.999,-999.999,-999.999,-999.999,-999.999,-999.999,-999.999,-999.999,-999.999,0.0,0.0,0.0,0.0,0.0,0.0,0.0,0.0,0.0,0.0,0.0,0.0,0.0,0.0,-999.999,-999.999,-999.999,-999.999,-999.999,-999.999,-999.999,43.95804465241585,5.0,8.0,-99.99,-99.99,0.0,1.0910870285240104e-05,2.9894401127017625e-06,0.0013338354235855824,7.061399587226522e-05,6.531986531986531e-07,0.0,0.0,0.0,0.0,0.0,0.0,0.0
5,react,5,1,8.158023275265853,-7.843253729254466,240.0,0.2530539209863504,15.375943145681848,1.0495740559616353,0.4997971695055406,0.0009995943390110821,0.09995943390110826,3.925995584029731e-07,5.4767019474344564e-09,0.09705895394050307,1.574944857397822e-05,0.09995943327584969,3.9259955840295654e-07,1.6541106902802262e-20,4.239635302891835e-09,1.2370666445426212e-09,0.09705816073190737,6.882856715838104e-07,1.574944857397822e-05,0.0,1.6968854410231418e-12,7.519621435822309e-30,1.7630973279709032e-10,4.159153637410195e-22,5.287954108116337e-11,1.1073803824762075e-26,2.498052341994172e-13,1.3498698571492469e-28,1.2339923773045729e-09,-8.275764698211958,-6.857492980837089,-5.155392271052699,-7.603515509285806,-8.158023275265853,-3.062579686181699,-1.3826395309254411,-2.5929281373068207,-14.740643571479188,-22.538864184588686,-69.70008526416287,-17.000441648449186,-16.524235680227193,-17.52601360296908,-96.11712219808497,-9.771909089505394,-14.814662354250647,-24.729830995120544,-23.670159120299832,-11.250804141462078,-24.708858004958167,-13.875935369306553,-26.898915035332077,-7.094988337787761,-12.970433765197967,-11.4708167787738,-23.037759633537856,-6.25556668817746,0.0,0.0,0.0,0.0,0.0008556070629528103,7.060047910589578e-05,0.0,0.0,8.754382319600993e-05,1.112507182262631e-07,0.001269034825319185,-7.060012708180632e-05,0.0,0.0,-2.974313136850567,-3.4936399141623724,-4.611576450362229,-7.105427357601002e-15,-2.842170943040401e-14,-5.194123050226494,-4.5186903521530954,0.0,5.0,8.158023275265853,-1.3826395309254411,-2.5929281373068207,0.0010609303248707263,1.0910870285240104e-05,2.9894401127017625e-06,0.0013338354235855824,7.061399587226522e-05,6.531986531986531e-07,57.36565509579458,38.67699978882108,0.0,0.0,0.0,3.9573451153843644,0.0
6,i_soln,100601,-99,8.0,0.0,240.0,-0.000492783605584837,-63.42297352997195,0.0,0.0,0.0,0.0,0.9999999999999971,0.0,0.0,0.0,0.0,0.9999999999999971,0.0,0.0,0.0,0.0,0.0,0.0,0.0,0.0,0.0,0.0,0.0,0.0,0.0,0.0,0.0,0.0,-999.999,-999.999,-999.999,-999.999,-8.0,-3.2157004040477073,-999.999,-999.999,-999.999,-999.999,-999.999,-999.999,-999.999,-999.999,-999.999,-999.999,-999.999,-999.999,-999.999,-999.999,-999.999,-999.999,-999.999,-999.999,-999.999,-6.196071767946686e-05,-999.999,-999.999,0.0,0.0,0.0,0.0,0.0,0.0,0.0,0.0,0.0,0.0,0.0,0.0,0.0,0.0,-999.999,-999.999,-999.999,-999.999,-999.999,-999.999,-999.999,-999.999,6.0,8.0,-99.99,-99.99,0.0,1.0909790555970356e-05,3.0355965690440457e-06,0.0013316375021068497,7.060141423226884e-05,6.498316498316497e-07,0.0,0.0,0.0,0.0,0.0,0.0,0.0
6,i_soln,100602,-99,8.0,0.0,240.0,2.9986045440461253,99.90701205807707,0.0,0.0,0.0,0.0,0.0,0.0,0.0,0.999999999999999,0.0,0.0,0.0,0.0,0.0,0.0,0.0,0.0,0.999999999999999,0.0,0.0,0.0,0.0,0.0,0.0,0.0,0.0,0.0,-999.999,-999.999,-999.999,-999.999,-8.0,-3.215706120982619,-999.999,-999.999,-999.999,-999.999,-2.212279423983691,-999.999,-999.999,-999.999,-999.999,-999.999,-999.999,-999.999,-999.999,-999.999,-999.999,-999.999,-999.999,-999.999,-999.999,-999.999,-999.999,-999.999,0.0,0.0,0.0,0.0,0.0,0.0,0.0,0.0,0.0,0.0,0.0,0.0,0.0,0.0,-999.999,-999.999,-999.999,-999.999,-999.999,-999.999,-999.999,43.95804465241585,6.0,8.0,-99.99,-99.99,0.0,1.0909790555970356e-05,3.0355965690440457e-06,0.0013316375021068497,7.060141423226884e-05,6.498316498316497e-07,0.0,0.0,0.0,0.0,0.0,0.0,0.0
6,react,6,1,8.157899194041622,-7.827030853160586,240.0,0.2530558347832695,15.376073184282873,1.0494979754976677,0.49976094071317506,0.0009995218814263507,0.09995218814263519,4.0747650961957367e-07,5.126367115389504e-09,0.09705191772921516,1.6345933469945987e-05,0.09995218756207401,4.074765096195559e-07,1.78091853903522e-20,3.935131953145655e-09,1.1912351622438478e-09,0.09705087925044785,9.254941650945093e-07,1.6345933469945987e-05,0.0,1.5758619186840946e-12,7.24904799457556e-30,1.6369185155138213e-10,4.008386836871333e-22,4.9106083187874295e-11,1.0674765256945172e-26,2.319670606390218e-13,1.3011768850680039e-28,1.1882739361268476e-09,-8.147130927912528,-6.8413445875759695,-5.139243877791552,-7.587329874608287,-8.157899194041622,-3.0627025839102227,-1.3826767723418096,-2.59284129749895,-14.72466649084235,-22.522641308494805,-69.65141663588123,-16.98424482619087,-16.508064911804443,-17.509868888381895,-96.0685577851456,-9.755809111140037,-14.782452407536196,-24.697411296768347,-23.637765475783198,-11.234633373039324,-24.676490414277097,-13.859790654719363,-26.866573498486574,-7.078802703110242,-12.95423694293965,-11.45471680040844,-23.005436779078615,-6.25572801081805,0.0,0.0,0.0,0.0,0.00092619356464554,7.058650169272976e-05,0.0,0.0,8.75957424467311e-05,5.191925072117363e-08,0.0011984486737316893,-7.058615158749568e-05,0.0,0.0,-3.0068545353342024,-3.5585513985053314,-4.579292020815046,7.105427357601002e-15,2.842170943040401e-14,-5.129554191132144,-4.518690352153091,0.0,6.0,8.157899194041622,-1.3826767723418096,-2.59284129749895,0.0009843407503389188,1.0909790555970356e-05,3.0355965690440457e-06,0.0013316375021068497,7.060141423226884e-05,6.498316498316497e-07,54.173587295762836,41.86681417975539,0.0,0.0,0.0,3.9595985244817817,0.0
7,i_soln,100701,-99,8.0,0.0,240.0,-0.000492783605584837,-63.42297352997195,0.0,0.0,0.0,0.0,0.9999999999999971,0.0,0.0,0.0,0.0,0.9999999999999971,0.0,0.0,0.0,0.0,0.0,0.0,0.0,0.0,0.0,0.0,0.0,0.0,0.0,0.0,0.0,0.0,-999.999,-999.999,-999.999,-999.999,-8.0,-3.2157004040477073,-999.999,-999.999,-999.999,-999.999,-999.999,-999.999,-999.999,-999.999,-999.999,-999.999,-999.999,-999.999,-999.999,-999.999,-999.999,-999.999,-999.999,-999.999,-999.999,-6.196071767946686e-05,-999.999,-999.999,0.0,0.0,0.0,0.0,0.0,0.0,0.0,0.0,0.0,0.0,0.0,0.0,0.0,0.0,-999.999,-999.999,-999.999,-999.999,-999.999,-999.999,-999.999,-999.999,7.0,8.0,-99.99,-99.99,0.0,1.09086433649147e-05,3.0831731137037304e-06,0.0013293719575291647,7.058804648789652e-05,6.464646464646464e-07,0.0,0.0,0.0,0.0,0.0,0.0,0.0
7,i_soln,100702,-99,8.0,0.0,240.0,2.9986045440461253,99.90701205807707,0.0,0.0,0.0,0.0,0.0,0.0,0.0,0.999999999999999,0.0,0.0,0.0,0.0,0.0,0.0,0.0,0.0,0.999999999999999,0.0,0.0,0.0,0.0,0.0,0.0,0.0,0.0,0.0,-999.999,-999.999,-999.999,-999.999,-8.0,-3.215706120982619,-999.999,-999.999,-999.999,-999.999,-2.212279423983691,-999.999,-999.999,-999.999,-999.999,-999.999,-999.999,-999.999,-999.999,-999.999,-999.999,-999.999,-999.999,-999.999,-999.999,-999.999,-999.999,-999.999,0.0,0.0,0.0,0.0,0.0,0.0,0.0,0.0,0.0,0.0,0.0,0.0,0.0,0.0,-999.999,-999.999,-999.999,-999.999,-999.999,-999.999,-999.999,43.95804465241585,7.0,8.0,-99.99,-99.99,0.0,1.09086433649147e-05,3.0831731137037304e-06,0.0013293719575291647,7.058804648789652e-05,6.464646464646464e-07,0.0,0.0,0.0,0.0,0.0,0.0,0.0
7,react,7,1,8.157772411956566,-7.809761614836468,240.0,0.2530577384904667,15.376203934440404,1.0494219314764042,0.49972472927447825,0.0009994494585489572,0.09994494585489581,4.239353909330879e-07,4.779293161245268e-09,0.09704488489447166,1.7005844174460746e-05,0.09994494531842127,4.239353909330687e-07,1.9266743865109464e-20,3.6349601948033454e-09,1.1443329664419228e-09,0.09704349404277958,1.2685981308725678e-06,1.7005844174460746e-05,0.0,1.4564605936905074e-12,6.971516740175335e-30,1.5124815141692733e-10,3.8538329908799706e-22,4.538348810570213e-11,1.0265524858990766e-26,2.143710229681455e-13,1.2512443112877089e-28,1.1414874917576963e-09,-8.010151712824406,-6.824152100263204,-5.1220513904788145,-7.570099011789864,-8.157772411956566,-3.0628281853036876,-1.3827151478474946,-2.59275289091957,-14.707648455305165,-22.505372070170687,-69.59960892090888,-16.967001626629497,-16.490847751005813,-17.492677766346006,-96.01685422522422,-9.738665474209384,-14.748155839490083,-24.66289885888285,-23.60327907666045,-11.217416212240694,-24.642030053917093,-13.842599532683476,-26.832139176889314,-7.061571840291819,-12.936993743378276,-11.43757316347779,-22.971023903823845,-6.255893168408787,0.0,0.0,0.0,0.0,0.0009967651136448337,7.057154899929368e-05,0.0,0.0,8.758074784213116e-05,-1.4994604599950236e-08,0.001127877471625885,-7.057120210580427e-05,0.0,0.0,-3.041489532055035,-3.6276469401714433,-4.544918701757567,-2.1316282072803006e-14,-2.842170943040401e-14,-5.060807553017213,-4.518690352153093,0.0,7.0,8.157772411956566,-1.3827151478474946,-2.59275289091957,0.000908888206037598,1.09086433649147e-05,3.0831731137037304e-06,0.0013293719575291647,7.058804648789652e-05,6.464646464646464e-07,50.983888233329196,45.05716483164799,0.0,0.0,0.0,3.958946935022835,0.0
8,i_soln,100801,-99,8.0,0.0,240.0,-0.000492783605584837,-63.42297352997195,0.0,0.0,0.0,0.0,0.9999999999999971,0.0,0.0,0.0,0.0,0.9999999999999971,0.0,0.0,0.0,0.0,0.0,0.0,0.0,0.0,0.0,0.0,0.0,0.0,0.0,0.0,0.0,0.0,-999.999,-999.999,-999.999,-999.999,-8.0,-3.2157004040477073,-999.999,-999.999,-999.999,-999.999,-999.999,-999.999,-999.999,-999.999,-999.999,-999.999,-999.999,-999.999,-999.999,-999.999,-999.999,-999.999,-999.999,-999.999,-999.999,-6.196071767946686e-05,-999.999,-999.999,0.0,0.0,0.0,0.0,0.0,0.0,0.0,0.0,0.0,0.0,0.0,0.0,0.0,0.0,-999.999,-999.999,-999.999,-999.999,-999.999,-999.999,-999.999,-999.999,8.0,8.0,-99.99,-99.99,0.0,1.0907424497041936e-05,3.1322134383111776e-06,0.001327036709303447,7.057384352312758e-05,6.43097643097643e-07,0.0,0.0,0.0,0.0,0.0,0.0,0.0
8,i_soln,100802,-99,8.0,0.0,240.0,2.9986045440461253,99.90701205807707,0.0,0.0,0.0,0.0,0.0,0.0,0.0,0.999999999999999,0.0,0.0,0.0,0.0,0.0,0.0,0.0,0.0,0.999999999999999,0.0,0.0,0.0,0.0,0.0,0.0,0.0,0.0,0.0,-999.999,-999.999,-999.999,-999.999,-8.0,-3.215706120982619,-999.999,-999.999,-999.999,-999.999,-2.212279423983691,-999.999,-999.999,-999.999,-999.999,-999.999,-999.999,-999.999,-999.999,-999.999,-999.999,-999.999,-999.999,-999.999,-999.999,-999.999,-999.999,-999.999,0.0,0.0,0.0,0.0,0.0,0.0,0.0,0.0,0.0,0.0,0.0,0.0,0.0,0.0,-999.999,-999.999,-999.999,-999.999,-999.999,-999.999,-999.999,43.95804465241585,8.0,8.0,-99.99,-99.99,0.0,1.0907424497041936e-05,3.1322134383111776e-06,0.001327036709303447,7.057384352312758e-05,6.43097643097643e-07,0.0,0.0,0.0,0.0,0.0,0.0,0.0
8,react,8,1,8.157639229592496,-7.791411965805511,240.0,0.2530596321083445,15.376336004083733,1.0493459284622537,0.49968853736297836,0.0009993770747259568,0.09993770747259552,4.4215485670337426e-07,4.4375674505808065e-09,0.09703785586254782,1.7736338834859284e-05,0.09993770697930546,4.421548567033533e-07,2.094665100687387e-20,3.341045835306422e-09,1.0965216152743846e-09,0.09703594930976824,1.7736116688921976e-06,1.7736338834859284e-05,0.0,1.3394742983403073e-12,6.68819689980244e-30,1.390598507200141e-10,3.6961128862686353e-22,4.1736453343984095e-11,9.847805926844986e-27,1.9713373688150087e-13,1.2002823332500154e-28,1.0937941818261056e-09,-7.8645883793023845,-6.80588229911972,-5.10378158933533,-7.551789286702636,-8.157639229592496,-3.062960191044072,-1.382755071791228,-2.592659632499256,-14.689562817754977,-22.48702242113973,-69.54455997381602,-16.94867799781663,-16.47255014241104,-17.474406177969325,-95.9619093590037,-9.720447830918813,-14.711709495623456,-24.626225581039026,-23.56663181903471,-11.199118603645914,-24.605408816509446,-13.824327944306788,-26.79554395969976,-7.043262115204577,-12.918670114565401,-11.419355520187208,-22.93445661150231,-6.256066274716613,0.0,0.0,0.0,0.0,0.0010673206956236458,7.055558197881207e-05,0.0,0.0,8.749166310384381e-05,-8.908473828734241e-08,0.001057322231239436,-7.055524038644895e-05,0.0,0.0,-3.078291969199027,-3.701067650866154,-4.508392510003439,7.105427357601002e-15,1.4210854715202004e-14,-4.987755169508915,-4.518690352153083,0.0,8.0,8.157639229592496,-1.382755071791228,-2.592659632499256,0.0008350414445437974,1.0907424497041936e-05,3.1322134383111776e-06,0.001327036709303447,7.057384352312758e-05,6.43097643097643e-07,47.79646934842443,48.248451991323165,0.0,0.0,0.0,3.9550786602524,0.0
9,i_soln,100901,-99,8.0,0.0,240.0,-0.000492783605584837,-63.42297352997195,0.0,0.0,0.0,0.0,0.9999999999999971,0.0,0.0,0.0,0.0,0.9999999999999971,0.0,0.0,0.0,0.0,0.0,0.0,0.0,0.0,0.0,0.0,0.0,0.0,0.0,0.0,0.0,0.0,-999.999,-999.999,-999.999,-999.999,-8.0,-3.2157004040477073,-999.999,-999.999,-999.999,-999.999,-999.999,-999.999,-999.999,-999.999,-999.999,-999.999,-999.999,-999.999,-999.999,-999.999,-999.999,-999.999,-999.999,-999.999,-999.999,-6.196071767946686e-05,-999.999,-999.999,0.0,0.0,0.0,0.0,0.0,0.0,0.0,0.0,0.0,0.0,0.0,0.0,0.0,0.0,-999.999,-999.999,-999.999,-999.999,-999.999,-999.999,-999.999,-999.999,9.0,8.0,-99.99,-99.99,0.0,1.0906129473964546e-05,3.182762578750156e-06,0.0013246296128686947,7.055875315315872e-05,6.397306397306396e-07,0.0,0.0,0.0,0.0,0.0,0.0,0.0
9,i_soln,100902,-99,8.0,0.0,240.0,2.9986045440461253,99.90701205807707,0.0,0.0,0.0,0.0,0.0,0.0,0.0,0.999999999999999,0.0,0.0,0.0,0.0,0.0,0.0,0.0,0.0,0.999999999999999,0.0,0.0,0.0,0.0,0.0,0.0,0.0,0.0,0.0,-999.999,-999.999,-999.999,-999.999,-8.0,-3.215706120982619,-999.999,-999.999,-999.999,-999.999,-2.212279423983691,-999.999,-999.999,-999.999,-999.999,-999.999,-999.999,-999.999,-999.999,-999.999,-999.999,-999.999,-999.999,-999.999,-999.999,-999.999,-999.999,-999.999,0.0,0.0,0.0,0.0,0.0,0.0,0.0,0.0,0.0,0.0,0.0,0.0,0.0,0.0,-999.999,-999.999,-999.999,-999.999,-999.999,-999.999,-999.999,43.95804465241585,9.0,8.0,-99.99,-99.99,0.0,1.0906129473964546e-05,3.182762578750156e-06,0.0013246296128686947,7.055875315315872e-05,6.397306397306396e-07,0.0,0.0,0.0,0.0,0.0,0.0,0.0
9,react,9,1,8.157493508068068,-7.772027390958636,240.0,0.2530615156373526,15.376470301050619,1.0492699729926467,0.4996523680917369,0.0009993047361834741,0.09993047361834739,4.622535016178881e-07,4.1044850058100106e-09,0.09703083124456673,1.8542163489253066e-05,0.09993047316689585,4.6225350161786527e-07,2.2879886115104073e-20,3.0563281958615494e-09,1.0481568099484616e-09,0.09702815927493964,2.526721359910062e-06,1.8542163489253066e-05,0.0,1.2261102464564865e-12,6.401551423336925e-30,1.2725076359560551e-10,3.5365469996745545e-22,3.820258349964231e-11,9.425236203133008e-27,1.8043275466159373e-13,1.1487332308738415e-28,1.0455487930272308e-09,-7.710860654253953,-6.786581849163341,-5.084481139378952,-7.532446774301022,-8.157493508068068,-3.063104741958871,-1.3827971342364835,-2.592555973420076,-14.6704673447377,-22.467637846292856,-69.48640624927539,-16.929319419578732,-16.453217560782115,-17.455099592949377,-95.90385962089898,-9.701207806986735,-14.673212254789846,-24.587482427954253,-23.527914662558914,-11.179786022016994,-24.566717656642624,-13.805021359286844,-26.75687879644191,-7.0239196028029625,-12.899311536327508,-11.400115496255138,-22.895832012723364,-6.256254058686283,0.0,0.0,0.0,0.0,0.0011378593041212652,7.053860849761946e-05,0.0,0.0,8.732372372481669e-05,-1.6793937902712065e-07,0.000986783955734572,-7.053827550486413e-05,0.0,0.0,-3.117180800331816,-3.7786403361926073,-4.469811144279376,-2.1316282072803006e-14,-2.842170943040401e-14,-4.910592438060803,-4.518690352153091,-1.7763568394002505e-15,9.0,8.157493508068068,-1.3827971342364835,-2.592555973420076,0.000763517858698556,1.0906129473964546e-05,3.182762578750156e-06,0.0013246296128686947,7.055875315315872e-05,6.397306397306396e-07,44.61115211300311,51.44106184981743,0.0,0.0,0.0,3.947786037179458,0.0
10,i_soln,101001,-99,8.0,0.0,240.0,-0.000492783605584837,-63.42297352997195,0.0,0.0,0.0,0.0,0.9999999999999971,0.0,0.0,0.0,0.0,0.9999999999999971,0.0,0.0,0.0,0.0,0.0,0.0,0.0,0.0,0.0,0.0,0.0,0.0,0.0,0.0,0.0,0.0,-999.999,-999.999,-999.999,-999.999,-8.0,-3.2157004040477073,-999.999,-999.999,-999.999,-999.999,-999.999,-999.999,-999.999,-999.999,-999.999,-999.999,-999.999,-999.999,-999.999,-999.999,-999.999,-999.999,-999.999,-999.999,-999.999,-6.196071767946686e-05,-999.999,-999.999,0.0,0.0,0.0,0.0,0.0,0.0,0.0,0.0,0.0,0.0,0.0,0.0,0.0,0.0,-999.999,-999.999,-999.999,-999.999,-999.999,-999.999,-999.999,-999.999,10.0,8.0,-99.99,-99.99,0.0,1.0904753537484102e-05,3.2348669565162743e-06,0.0013221484576825405,7.054271993266554e-05,6.363636363636363e-07,0.0,0.0,0.0,0.0,0.0,0.0,0.0
10,i_soln,101002,-99,8.0,0.0,240.0,2.9986045440461253,99.90701205807707,0.0,0.0,0.0,0.0,0.0,0.0,0.0,0.999999999999999,0.0,0.0,0.0,0.0,0.0,0.0,0.0,0.0,0.999999999999999,0.0,0.0,0.0,0.0,0.0,0.0,0.0,0.0,0.0,-999.999,-999.999,-999.999,-999.999,-8.0,-3.215706120982619,-999.999,-999.999,-999.999,-999.999,-2.212279423983691,-999.999,-999.999,-999.999,-999.999,-999.999,-999.999,-999.999,-999.999,-999.999,-999.999,-999.999,-999.999,-999.999,-999.999,-999.999,-999.999,-999.999,0.0,0.0,0.0,0.0,0.0,0.0,0.0,0.0,0.0,0.0,0.0,0.0,0.0,0.0,-999.999,-999.999,-999.999,-999.999,-999.999,-999.999,-999.999,43.95804465241585,10.0,8.0,-99.99,-99.99,0.0,1.0904753537484102e-05,3.2348669565162743e-06,0.0013221484576825405,7.054271993266554e-05,6.363636363636363e-07,0.0,0.0,0.0,0.0,0.0,0.0,0.0
10,react,10,1,8.157325659592738,-7.751799882290287,240.0,0.2530633890779507,15.376608119637027,1.0491940741842538,0.499616225802026,0.000999232451604052,0.09992324516040542,4.841987565800195e-07,3.784977917577982e-09,0.09702381189345913,1.9421997106168553e-05,0.09992324474880218,4.841987565799944e-07,2.5084990493804426e-20,2.785083763157189e-09,9.99894154420793e-10,0.09701999835064669,3.654243188984161e-06,1.9421997106168553e-05,0.0,1.1181212628766439e-12,6.1160158471538934e-30,1.1600084721560282e-10,3.3775258784724687e-22,3.483647619812935e-11,9.004346828285805e-27,1.6452584627096308e-13,1.0973930674654892e-28,9.9740525434198e-10,-7.55059157721706,-6.7664443464658275,-5.06434363668141,-7.512264268618068,-8.157325659592738,-3.0632714286958307,-1.382842137221885,-2.5924331279301356,-14.650573209543271,-22.447410337624508,-69.42572372327034,-16.909117876791303,-16.433041983875604,-17.434949981923783,-95.84328095841762,-9.681146985055348,-14.633060094884714,-24.547053376498493,-23.487511576984073,-11.159610445110498,-24.526340536948698,-13.784871748261265,-26.716527642628908,-7.0037370971200374,-12.879109993540094,-11.380054674323764,-22.855543682123642,-6.256466910147012,0.0,0.0,0.0,0.0,0.0012083800284792528,7.052072435798757e-05,0.0,0.0,8.707823563537732e-05,-2.4548808943937114e-07,0.0009162635508319727,-7.052040490259932e-05,0.0,0.0,-3.157788017462469,-3.8596114029507884,-4.429568978403452,-7.105427357601002e-15,-1.4210854715202004e-14,-4.830108106308984,-4.518690352153107,-1.7763568394002505e-15,10.0,8.157325659592738,-1.382842137221885,-2.5924331279301356,0.0006953636472088592,1.0904753537484102e-05,3.2348669565162743e-06,0.0013221484576825405,7.054271993266554e-05,6.363636363636363e-07,41.427612850764135,54.63526291205055,0.0,0.0,0.0,3.9371242371853,0.0
11,i_soln,101101,-99,8.0,0.0,240.0,-0.000492783605584837,-63.42297352997195,0.0,0.0,0.0,0.0,0.9999999999999971,0.0,0.0,0.0,0.0,0.9999999999999971,0.0,0.0,0.0,0.0,0.0,0.0,0.0,0.0,0.0,0.0,0.0,0.0,0.0,0.0,0.0,0.0,-999.999,-999.999,-999.999,-999.999,-8.0,-3.2157004040477073,-999.999,-999.999,-999.999,-999.999,-999.999,-999.999,-999.999,-999.999,-999.999,-999.999,-999.999,-999.999,-999.999,-999.999,-999.999,-999.999,-999.999,-999.999,-999.999,-6.196071767946686e-05,-999.999,-999.999,0.0,0.0,0.0,0.0,0.0,0.0,0.0,0.0,0.0,0.0,0.0,0.0,0.0,0.0,-999.999,-999.999,-999.999,-999.999,-999.999,-999.999,-999.999,-999.999,11.0,8.0,-99.99,-99.99,0.0,1.0903291632108615e-05,3.2885744213478836e-06,0.0013195909651912128,7.052568495208434e-05,6.329966329966329e-07,0.0,0.0,0.0,0.0,0.0,0.0,0.0
11,i_soln,101102,-99,8.0,0.0,240.0,2.9986045440461253,99.90701205807707,0.0,0.0,0.0,0.0,0.0,0.0,0.0,0.999999999999999,0.0,0.0,0.0,0.0,0.0,0.0,0.0,0.0,0.999999999999999,0.0,0.0,0.0,0.0,0.0,0.0,0.0,0.0,0.0,-999.999,-999.999,-999.999,-999.999,-8.0,-3.215706120982619,-999.999,-999.999,-999.999,-999.999,-2.212279423983691,-999.999,-999.999,-999.999,-999.999,-999.999,-999.999,-999.999,-999.999,-999.999,-999.999,-999.999,-999.999,-999.999,-999.999,-999.999,-999.999,-999.999,0.0,0.0,0.0,0.0,0.0,0.0,0.0,0.0,0.0,0.0,0.0,0.0,0.0,0.0,-999.999,-999.999,-999.999,-999.999,-999.999,-999.999,-999.999,43.95804465241585,11.0,8.0,-99.99,-99.99,0.0,1.0903291632108615e-05,3.2885744213478836e-06,0.0013195909651912128,7.052568495208434e-05,6.329966329966329e-07,0.0,0.0,0.0,0.0,0.0,0.0,0.0
11,react,11,1,8.157122250443239,-7.731140678020436,240.0,0.2530652524306286,15.3767511242499,1.049118243716654,0.4995801160555501,0.0009991602321111001,0.0999160232111099,5.076820184750028e-07,3.48569155372696e-09,0.09701679890258463,2.0363443292127545e-05,0.09991602283652101,5.076820184749752e-07,2.755071541609431e-20,2.5329242409461183e-09,9.527673127808423e-10,0.09701130073985775,5.323128935294986e-06,2.0363443292127545e-05,0.0,1.0178032475724226e-12,5.838471889576404e-30,1.0554603267241702e-10,3.222772117772392e-22,3.1709639513741274e-11,8.5952687645914e-27,1.4975058813276553e-13,1.0474964911225068e-28,9.503946004098964e-10,-7.38719295193512,-6.745882987904811,-5.043782278120422,-7.491653987202653,-8.157122250443239,-3.0634736887645633,-1.3828910600763227,-2.592278641635076,-14.63031852541088,-22.426751133354653,-69.36374611046078,-16.888484598574106,-16.412434631711065,-17.4143685558119,-95.78140704981868,-9.660690040854226,-14.592091864057831,-24.505760894011438,-23.446245020549675,-11.139003092945954,-24.485099906566962,-13.764290322149378,-26.67531293829982,-6.983126815704608,-12.85847671532289,-11.359597730122635,-22.814427533652665,-6.25671924215095,0.0,0.0,0.0,0.0,0.001278882175407516,7.050214692826324e-05,0.0,0.0,8.676758991766302e-05,-3.1064571771429925e-07,0.0008457617031678265,-7.050184766414617e-05,0.0,0.0,-3.1993141056410366,-3.9423569048793734,-4.388502901867668,2.1316282072803006e-14,0.0,-4.747975953237329,-4.518690352153096,1.7763568394002505e-15,11.0,8.157122250443239,-1.3828910600763227,-2.592278641635076,0.0006319546217304642,1.0903291632108615e-05,3.2885744213478836e-06,0.0013195909651912128,7.052568495208434e-05,6.329966329966329e-07,38.24533404198096,57.831036585833864,0.0,0.0,0.0,3.923629372185173,0.0
12,i_soln,101201,-99,8.0,0.0,240.0,-0.000492783605584837,-63.42297352997195,0.0,0.0,0.0,0.0,0.9999999999999971,0.0,0.0,0.0,0.0,0.9999999999999971,0.0,0.0,0.0,0.0,0.0,0.0,0.0,0.0,0.0,0.0,0.0,0.0,0.0,0.0,0.0,0.0,-999.999,-999.999,-999.999,-999.999,-8.0,-3.2157004040477073,-999.999,-999.999,-999.999,-999.999,-999.999,-999.999,-999.999,-999.999,-999.999,-999.999,-999.999,-999.999,-999.999,-999.999,-999.999,-999.999,-999.999,-999.999,-999.999,-6.196071767946686e-05,-999.999,-999.999,0.0,0.0,0.0,0.0,0.0,0.0,0.0,0.0,0.0,0.0,0.0,0.0,0.0,0.0,-999.999,-999.999,-999.999,-999.999,-999.999,-999.999,-999.999,-999.999,12.0,8.0,-99.99,-99.99,0.0,1.0901738386477547e-05,3.3439342951685853e-06,0.0013169547867370407,7.050758562116542e-05,6.296296296296295e-07,0.0,0.0,0.0,0.0,0.0,0.0,0.0
12,i_soln,101202,-99,8.0,0.0,240.0,2.9986045440461253,99.90701205807707,0.0,0.0,0.0,0.0,0.0,0.0,0.0,0.999999999999999,0.0,0.0,0.0,0.0,0.0,0.0,0.0,0.0,0.999999999999999,0.0,0.0,0.0,0.0,0.0,0.0,0.0,0.0,0.0,-999.999,-999.999,-999.999,-999.999,-8.0,-3.215706120982619,-999.999,-999.999,-999.999,-999.999,-2.212279423983691,-999.999,-999.999,-999.999,-999.999,-999.999,-999.999,-999.999,-999.999,-999.999,-999.999,-999.999,-999.999,-999.999,-999.999,-999.999,-999.999,-999.999,0.0,0.0,0.0,0.0,0.0,0.0,0.0,0.0,0.0,0.0,0.0,0.0,0.0,0.0,-999.999,-999.999,-999.999,-999.999,-999.999,-999.999,-999.999,43.95804465241585,12.0,8.0,-99.99,-99.99,0.0,1.0901738386477547e-05,3.3439342951685853e-06,0.0013169547867370407,7.050758562116542e-05,6.296296296296295e-07,0.0,0.0,0.0,0.0,0.0,0.0,0.0
12,react,12,1,8.15686766232241,-7.710694697559418,240.0,0.25306710569591206,15.376901073204273,1.0490424941612015,0.49954404483866804,0.0009990880896773354,0.09990880896773352,5.320321617069981e-07,3.214033775985714e-09,0.09700979344928738,2.133956400207467e-05,0.09990880862641417,5.320321617069679e-07,3.021864135539904e-20,2.3059198086258016e-09,9.081139673599126e-10,0.09700188583986381,7.715517020047082e-06,2.133956400207467e-05,0.0,9.276353705643684e-13,5.577699220988533e-30,9.614131066700311e-11,3.077050535890355e-22,2.88992790882992e-11,8.210924744505656e-27,1.3647139107755536e-13,1.000618170330555e-28,9.058511237534213e-10,-7.225965682000778,-6.725544626976227,-5.0234439171918375,-7.471261816507848,-8.15686766232241,-3.063727144610427,-1.3829448698425253,-2.5920778632804655,-14.610379456641592,-22.406305152893637,-69.30240816907772,-16.8680644946917,-16.392040404407275,-17.394000205086726,-95.72017261475008,-9.640497516239073,-14.551615920555207,-24.46489480966801,-23.40540481278486,-11.118608865642155,-24.44428557538076,-13.743921971424195,-26.63452448369224,-6.962734645009803,-12.838056611440479,-11.339405205507472,-22.773789028576484,-6.257027640037982,0.0,0.0,0.0,0.0,0.0013493653519703781,7.048317656286208e-05,0.0,0.0,8.641873624524927e-05,-3.488536724137551e-07,0.0007752787982587886,-7.048290490903786e-05,0.0,0.0,-3.2404966069150376,-4.024322615268035,-4.347919338832639,2.1316282072803006e-14,4.263256414560601e-14,-4.666808827167273,-4.518690352153089,0.0,12.0,8.15686766232241,-1.3829448698425253,-2.5920778632804655,0.0005747823095256328,1.0901738386477547e-05,3.3439342951685853e-06,0.0013169547867370407,7.050758562116542e-05,6.296296296296295e-07,35.06362496523046,61.02790473417823,0.0,0.0,0.0,3.908470300591299,0.0
13,i_soln,101301,-99,8.0,0.0,240.0,-0.000492783605584837,-63.42297352997195,0.0,0.0,0.0,0.0,0.9999999999999971,0.0,0.0,0.0,0.0,0.9999999999999971,0.0,0.0,0.0,0.0,0.0,0.0,0.0,0.0,0.0,0.0,0.0,0.0,0.0,0.0,0.0,0.0,-999.999,-999.999,-999.999,-999.999,-8.0,-3.2157004040477073,-999.999,-999.999,-999.999,-999.999,-999.999,-999.999,-999.999,-999.999,-999.999,-999.999,-999.999,-999.999,-999.999,-999.999,-999.999,-999.999,-999.999,-999.999,-999.999,-6.196071767946686e-05,-999.999,-999.999,0.0,0.0,0.0,0.0,0.0,0.0,0.0,0.0,0.0,0.0,0.0,0.0,0.0,0.0,-999.999,-999.999,-999.999,-999.999,-999.999,-999.999,-999.999,-999.999,13.0,8.0,-99.99,-99.99,0.0,1.0900088093626253e-05,3.4009974173817243e-06,0.0013142375014015778,7.048835543900284e-05,6.262626262626262e-07,0.0,0.0,0.0,0.0,0.0,0.0,0.0
13,i_soln,101302,-99,8.0,0.0,240.0,2.9986045440461253,99.90701205807707,0.0,0.0,0.0,0.0,0.0,0.0,0.0,0.999999999999999,0.0,0.0,0.0,0.0,0.0,0.0,0.0,0.0,0.999999999999999,0.0,0.0,0.0,0.0,0.0,0.0,0.0,0.0,0.0,-999.999,-999.999,-999.999,-999.999,-8.0,-3.215706120982619,-999.999,-999.999,-999.999,-999.999,-2.212279423983691,-999.999,-999.999,-999.999,-999.999,-999.999,-999.999,-999.999,-999.999,-999.999,-999.999,-999.999,-999.999,-999.999,-999.999,-999.999,-999.999,-999.999,0.0,0.0,0.0,0.0,0.0,0.0,0.0,0.0,0.0,0.0,0.0,0.0,0.0,0.0,-999.999,-999.999,-999.999,-999.999,-999.999,-999.999,-999.999,43.95804465241585,13.0,8.0,-99.99,-99.99,0.0,1.0900088093626253e-05,3.4009974173817243e-06,0.0013142375014015778,7.048835543900284e-05,6.262626262626262e-07,0.0,0.0,0.0,0.0,0.0,0.0,0.0
13,react,13,1,8.156548637880357,-7.691212952703756,240.0,0.2530689488743648,15.377059245350953,1.0489668353322767,0.49950801682489443,0.0009990160336497877,0.09990160336497869,5.563010383661479e-07,2.975909358078666e-09,0.09700279645295215,2.2312314589116146e-05,0.09990160305249626,5.56301038366115e-07,3.298368067113313e-20,2.108667382565694e-09,8.672419755129722e-10,0.09699161519509793,1.0971437409822964e-05,2.2312314589116146e-05,0.0,8.494915580031126e-13,5.342137218235466e-30,8.797961120713119e-11,2.9449590787484777e-22,2.6463732708824286e-11,7.863733728154265e-27,1.2496349338166095e-13,9.582711254649433e-29,8.650793825931609e-10,-7.073037804004368,-6.70618150187093,-5.004080792086512,-7.45183938152735,-8.156548637880357,-3.064045056801292,-1.3830041797177002,-2.591818148713571,-14.591533536167658,-22.386823408037973,-69.24396293451075,-16.848608569754905,-16.372610299389343,-17.37459591998766,-95.66183065985857,-9.621333683574273,-14.513149384911504,-24.425957139875567,-23.366492962911284,-11.099178760624241,-24.40539954542605,-13.724517686325147,-26.595664273656393,-6.943312210029319,-12.8186006865037,-11.32024137284269,-22.735143451056036,-6.2574059743551995,0.0,0.0,0.0,0.0,0.0014198293762205355,7.046402425015734e-05,0.0,0.0,8.60697496243424e-05,-3.489866209068713e-07,0.0007048150121355564,-7.046378612323226e-05,0.0,0.0,-3.2798575692562295,-4.10252733531904,-4.30933418343858,7.105427357601002e-15,0.0,-4.589638516379239,-4.518690352153105,1.7763568394002505e-15,13.0,8.156548637880357,-1.3830041797177002,-2.591818148713571,0.0005249796037574817,1.0900088093626253e-05,3.4009974173817243e-06,0.0013142375014015778,7.048835543900284e-05,6.262626262626262e-07,31.881779739257915,64.22491953290714,0.0,0.0,0.0,3.89330072783495,0.0
14,i_soln,101401,-99,8.0,0.0,240.0,-0.000492783605584837,-63.42297352997195,0.0,0.0,0.0,0.0,0.9999999999999971,0.0,0.0,0.0,0.0,0.9999999999999971,0.0,0.0,0.0,0.0,0.0,0.0,0.0,0.0,0.0,0.0,0.0,0.0,0.0,0.0,0.0,0.0,-999.999,-999.999,-999.999,-999.999,-8.0,-3.2157004040477073,-999.999,-999.999,-999.999,-999.999,-999.999,-999.999,-999.999,-999.999,-999.999,-999.999,-999.999,-999.999,-999.999,-999.999,-999.999,-999.999,-999.999,-999.999,-999.999,-6.196071767946686e-05,-999.999,-999.999,0.0,0.0,0.0,0.0,0.0,0.0,0.0,0.0,0.0,0.0,0.0,0.0,0.0,0.0,-999.999,-999.999,-999.999,-999.999,-999.999,-999.999,-999.999,-999.999,14.0,8.0,-99.99,-99.99,0.0,1.0898334690017349e-05,3.4598161915584453e-06,0.001311436613782367,7.046792374969548e-05,6.228956228956228e-07,0.0,0.0,0.0,0.0,0.0,0.0,0.0
14,i_soln,101402,-99,8.0,0.0,240.0,2.9986045440461253,99.90701205807707,0.0,0.0,0.0,0.0,0.0,0.0,0.0,0.999999999999999,0.0,0.0,0.0,0.0,0.0,0.0,0.0,0.0,0.999999999999999,0.0,0.0,0.0,0.0,0.0,0.0,0.0,0.0,0.0,-999.999,-999.999,-999.999,-999.999,-8.0,-3.215706120982619,-999.999,-999.999,-999.999,-999.999,-2.212279423983691,-999.999,-999.999,-999.999,-999.999,-999.999,-999.999,-999.999,-999.999,-999.999,-999.999,-999.999,-999.999,-999.999,-999.999,-999.999,-999.999,-999.999,0.0,0.0,0.0,0.0,0.0,0.0,0.0,0.0,0.0,0.0,0.0,0.0,0.0,0.0,-999.999,-999.999,-999.999,-999.999,-999.999,-999.999,-999.999,43.95804465241585,14.0,8.0,-99.99,-99.99,0.0,1.0898334690017349e-05,3.4598161915584453e-06,0.001311436613782367,7.046792374969548e-05,6.228956228956228e-07,0.0,0.0,0.0,0.0,0.0,0.0,0.0
14,react,14,1,8.1561593669258,-7.673309034939758,240.0,0.253070781966572,15.377225908976822,1.0488912707680869,0.49947203369908993,0.0009989440673981787,0.09989440673981748,5.795543500762829e-07,2.7733880480781868e-09,0.09699580824491998,2.3244216000621513e-05,0.09989440645155515,5.795543500762471e-07,3.5724090475935835e-20,1.942411813106175e-09,8.309762349720117e-10,0.09698044861351943,1.5132178584002097e-05,2.3244216000621513e-05,0.0,7.838769717334901e-13,5.136936737068881e-30,8.111307659185063e-11,2.829325234362973e-22,2.4418689676777015e-11,7.561271396205269e-27,1.1530069635568918e-13,9.21377946296227e-29,8.289022120180977e-10,-6.933370330075442,-6.688407173113077,-4.986306463328646,-7.43400025826643,-8.1561593669258,-3.0644332365280933,-1.3830689742207685,-2.591493672262075,-14.574405977857266,-22.368919490273978,-69.19025118121874,-16.83073041332772,-16.35475790429897,-17.356769286234098,-95.60822195191382,-9.60381794553708,-14.477925203847269,-24.39017506568439,-23.330736650056917,-11.081326365533872,-24.369668993908494,-13.706691052571587,-26.559959483475648,-6.925473086768399,-12.800722530076518,-11.302725634805503,-22.69972379525485,-6.257860039812828,0.0,0.0,0.0,0.0,0.0014902739819619433,7.044460574140779e-05,0.0,0.0,8.575814975628791e-05,-3.1159986805448503e-07,0.0006343706089149309,-7.044440322062542e-05,0.0,0.0,-3.3161814949977906,-4.174528416354708,-4.273980413368214,-7.105427357601002e-15,-1.4210854715202004e-14,-4.518930976238522,-4.518690352153111,0.0,14.0,8.1561593669258,-1.3830689742207685,-2.591493672262075,0.00048285697023473206,1.0898334690017349e-05,3.4598161915584453e-06,0.001311436613782367,7.046792374969548e-05,6.228956228956228e-07,28.69932240190843,67.42092536200256,0.0,0.0,0.0,3.8797522360890118,0.0
15,i_soln,101501,-99,8.0,0.0,240.0,-0.000492783605584837,-63.42297352997195,0.0,0.0,0.0,0.0,0.9999999999999971,0.0,0.0,0.0,0.0,0.9999999999999971,0.0,0.0,0.0,0.0,0.0,0.0,0.0,0.0,0.0,0.0,0.0,0.0,0.0,0.0,0.0,0.0,-999.999,-999.999,-999.999,-999.999,-8.0,-3.2157004040477073,-999.999,-999.999,-999.999,-999.999,-999.999,-999.999,-999.999,-999.999,-999.999,-999.999,-999.999,-999.999,-999.999,-999.999,-999.999,-999.999,-999.999,-999.999,-999.999,-6.196071767946686e-05,-999.999,-999.999,0.0,0.0,0.0,0.0,0.0,0.0,0.0,0.0,0.0,0.0,0.0,0.0,0.0,0.0,-999.999,-999.999,-999.999,-999.999,-999.999,-999.999,-999.999,-999.999,15.0,8.0,-99.99,-99.99,0.0,1.0896471733261944e-05,3.520444633562194e-06,0.0013085495517013016,7.044621548274189e-05,6.195286195286194e-07,0.0,0.0,0.0,0.0,0.0,0.0,0.0
15,i_soln,101502,-99,8.0,0.0,240.0,2.9986045440461253,99.90701205807707,0.0,0.0,0.0,0.0,0.0,0.0,0.0,0.999999999999999,0.0,0.0,0.0,0.0,0.0,0.0,0.0,0.0,0.999999999999999,0.0,0.0,0.0,0.0,0.0,0.0,0.0,0.0,0.0,-999.999,-999.999,-999.999,-999.999,-8.0,-3.215706120982619,-999.999,-999.999,-999.999,-999.999,-2.212279423983691,-999.999,-999.999,-999.999,-999.999,-999.999,-999.999,-999.999,-999.999,-999.999,-999.999,-999.999,-999.999,-999.999,-999.999,-999.999,-999.999,-999.999,0.0,0.0,0.0,0.0,0.0,0.0,0.0,0.0,0.0,0.0,0.0,0.0,0.0,0.0,-999.999,-999.999,-999.999,-999.999,-999.999,-999.999,-999.999,43.95804465241585,15.0,8.0,-99.99,-99.99,0.0,1.0896471733261944e-05,3.520444633562194e-06,0.0013085495517013016,7.044621548274189e-05,6.195286195286194e-07,0.0,0.0,0.0,0.0,0.0,0.0,0.0
15,react,15,1,8.15570285762461,-7.657282120279431,240.0,0.2530726049731641,15.377400299415356,1.0488157974029262,0.4994360940013943,0.0009988721880027876,0.09988721880027833,6.011636170982566e-07,2.6042959448360758e-09,0.09698882853734031,2.4110066169633352e-05,0.09988721853196636,6.011636170982182e-07,3.8341723402273e-20,1.8048496632139294e-09,7.994462816221465e-10,0.09696845095570548,2.013321379539664e-05,2.4110066169633352e-05,0.0,7.298522562951488e-13,4.962660772184131e-30,7.544503963035736e-11,2.730488972758136e-22,2.2734840087794974e-11,7.304359029989072e-27,1.0734431860082962e-13,8.900380416658114e-29,7.974488502426804e-10,-6.8093289883699155,-6.672519614965193,-4.970418905180789,-7.418043021862331,-8.15570285762461,-3.064888674231812,-1.383138652477004,-2.5911068412171403,-14.559289938604376,-22.352892575613648,-69.14217043723777,-16.814729204905454,-16.33878240211477,-17.34081949028796,-95.5602440328851,-9.58824646858047,-14.446536918596525,-24.35814694260177,-23.298734233212365,-11.065350863349646,-24.337692283302008,-13.690741256625426,-26.528008479107225,-6.909515850364286,-12.78472132165423,-11.28715415784887,-22.66812540363789,-6.258386227370275,0.0,0.0,0.0,0.0,0.0015606985220298192,7.042454006787597e-05,0.0,0.0,8.55091761532904e-05,-2.4897360299751367e-07,0.0005639462379302922,-7.042437098463876e-05,0.0,0.0,-3.3488664151034584,-4.239126737671063,-4.242452771604945,-7.105427357601002e-15,0.0,-4.455875692711942,-4.518690352153086,1.7763568394002505e-15,15.0,8.15570285762461,-1.383138652477004,-2.5911068412171403,0.00044785103775807437,1.0896471733261944e-05,3.520444633562194e-06,0.0013085495517013016,7.044621548274189e-05,6.195286195286194e-07,25.516152007131343,70.61492398915604,0.0,0.0,0.0,3.8689240037126065,0.0
16,i_soln,101601,-99,8.0,0.0,240.0,-0.000492783605584837,-63.42297352997195,0.0,0.0,0.0,0.0,0.9999999999999971,0.0,0.0,0.0,0.0,0.9999999999999971,0.0,0.0,0.0,0.0,0.0,0.0,0.0,0.0,0.0,0.0,0.0,0.0,0.0,0.0,0.0,0.0,-999.999,-999.999,-999.999,-999.999,-8.0,-3.2157004040477073,-999.999,-999.999,-999.999,-999.999,-999.999,-999.999,-999.999,-999.999,-999.999,-999.999,-999.999,-999.999,-999.999,-999.999,-999.999,-999.999,-999.999,-999.999,-999.999,-6.196071767946686e-05,-999.999,-999.999,0.0,0.0,0.0,0.0,0.0,0.0,0.0,0.0,0.0,0.0,0.0,0.0,0.0,0.0,-999.999,-999.999,-999.999,-999.999,-999.999,-999.999,-999.999,-999.999,16.0,8.0,-99.99,-99.99,0.0,1.0894492378448887e-05,3.582938421153857e-06,0.0013055736638424833,7.042315087721464e-05,6.16161616161616e-07,0.0,0.0,0.0,0.0,0.0,0.0,0.0
16,i_soln,101602,-99,8.0,0.0,240.0,2.9986045440461253,99.90701205807707,0.0,0.0,0.0,0.0,0.0,0.0,0.0,0.999999999999999,0.0,0.0,0.0,0.0,0.0,0.0,0.0,0.0,0.999999999999999,0.0,0.0,0.0,0.0,0.0,0.0,0.0,0.0,0.0,-999.999,-999.999,-999.999,-999.999,-8.0,-3.215706120982619,-999.999,-999.999,-999.999,-999.999,-2.212279423983691,-999.999,-999.999,-999.999,-999.999,-999.999,-999.999,-999.999,-999.999,-999.999,-999.999,-999.999,-999.999,-999.999,-999.999,-999.999,-999.999,-999.999,0.0,0.0,0.0,0.0,0.0,0.0,0.0,0.0,0.0,0.0,0.0,0.0,0.0,0.0,-999.999,-999.999,-999.999,-999.999,-999.999,-999.999,-999.999,43.95804465241585,16.0,8.0,-99.99,-99.99,0.0,1.0894492378448887e-05,3.582938421153857e-06,0.0013055736638424833,7.042315087721464e-05,6.16161616161616e-07,0.0,0.0,0.0,0.0,0.0,0.0,0.0
16,react,16,1,8.155187947306283,-7.643128141305951,240.0,0.2530744178948141,15.377581072295024,1.0487404083655893,0.49940019445980505,0.000998800388919609,0.09988003889196073,6.208848897300162e-07,2.4638410594925113e-09,0.09698185668521293,2.4900092931497542e-05,0.09988003863998653,6.208848897299754e-07,4.0781631026653496e-20,1.691597732382772e-09,7.722433271097395e-10,0.096955749393176,2.584707913615485e-05,2.4900092931497542e-05,0.0,6.856344590141952e-13,4.816401118773289e-30,7.079176590307787e-11,2.646898314581621e-22,2.1356602116717573e-11,7.08870886564413e-27,1.008316698834103e-13,8.637282883741502e-29,7.703115691878897e-10,-6.7008008046449685,-6.658512984738479,-4.956412274954076,-7.403962717262232,-8.155187947306283,-3.0654025297562875,-1.3832123268503846,-2.5906656052721786,-14.546163670679848,-22.33873859664017,-69.09970850031733,-16.800600883594292,-16.324679738465925,-17.326742484301434,-95.51788472661391,-9.574606345131466,-14.418964894087999,-24.329864642317148,-23.27047759059006,-11.05124819970082,-24.30946129834202,-13.676664250638918,-26.49980315180955,-6.895435545764201,-12.770593000343087,-11.273514034399886,-22.64033130121543,-6.258974812061963,0.0,0.0,0.0,0.0,0.0016311018846844995,7.040336265468029e-05,0.0,0.0,8.53326270278131e-05,-1.7654912547730066e-07,0.0004935430157117687,-7.040322221852345e-05,0.0,0.0,-3.377906331812042,-4.2963262087860326,-4.214733398349722,-7.105427357601002e-15,-1.4210854715202004e-14,-4.400436946201552,-4.518690352153107,0.0,16.0,8.155187947306283,-1.3832123268503846,-2.5906656052721786,0.00041888389982535734,1.0894492378448887e-05,3.582938421153857e-06,0.0013055736638424833,7.042315087721464e-05,6.16161616161616e-07,22.332490244234997,73.80626564948328,0.0,0.0,0.0,3.8612441062817324,0.0
17,i_soln,101701,-99,8.0,0.0,240.0,-0.000492783605584837,-63.42297352997195,0.0,0.0,0.0,0.0,0.9999999999999971,0.0,0.0,0.0,0.0,0.9999999999999971,0.0,0.0,0.0,0.0,0.0,0.0,0.0,0.0,0.0,0.0,0.0,0.0,0.0,0.0,0.0,0.0,-999.999,-999.999,-999.999,-999.999,-8.0,-3.2157004040477073,-999.999,-999.999,-999.999,-999.999,-999.999,-999.999,-999.999,-999.999,-999.999,-999.999,-999.999,-999.999,-999.999,-999.999,-999.999,-999.999,-999.999,-999.999,-999.999,-6.196071767946686e-05,-999.999,-999.999,0.0,0.0,0.0,0.0,0.0,0.0,0.0,0.0,0.0,0.0,0.0,0.0,0.0,0.0,-999.999,-999.999,-999.999,-999.999,-999.999,-999.999,-999.999,-999.999,17.0,8.0,-99.99,-99.99,0.0,1.0892389352995071e-05,3.6473549451230916e-06,0.0013025062173174001,7.039864518870141e-05,6.127946127946127e-07,0.0,0.0,0.0,0.0,0.0,0.0,0.0
17,i_soln,101702,-99,8.0,0.0,240.0,2.9986045440461253,99.90701205807707,0.0,0.0,0.0,0.0,0.0,0.0,0.0,0.999999999999999,0.0,0.0,0.0,0.0,0.0,0.0,0.0,0.0,0.999999999999999,0.0,0.0,0.0,0.0,0.0,0.0,0.0,0.0,0.0,-999.999,-999.999,-999.999,-999.999,-8.0,-3.215706120982619,-999.999,-999.999,-999.999,-999.999,-2.212279423983691,-999.999,-999.999,-999.999,-999.999,-999.999,-999.999,-999.999,-999.999,-999.999,-999.999,-999.999,-999.999,-999.999,-999.999,-999.999,-999.999,-999.999,0.0,0.0,0.0,0.0,0.0,0.0,0.0,0.0,0.0,0.0,0.0,0.0,0.0,0.0,-999.999,-999.999,-999.999,-999.999,-999.999,-999.999,-999.999,43.95804465241585,17.0,8.0,-99.99,-99.99,0.0,1.0892389352995071e-05,3.6473549451230916e-06,0.0013025062173174001,7.039864518870141e-05,6.127946127946127e-07,0.0,0.0,0.0,0.0,0.0,0.0,0.0
17,react,17,1,8.154625261311711,-7.6306644180268535,240.0,0.25307622073222574,15.377766796851303,1.0486650961507262,0.49936433150034654,0.000998728663000692,0.099872866300069,6.387540251779064e-07,2.3465931750955353e-09,0.0969748919836301,2.56157487374715e-05,0.09987286606153561,6.387540251778633e-07,4.3026564292241364e-20,1.5978721612505477e-09,7.487210138449879e-10,0.0969424838687163,3.213324273912024e-05,2.56157487374715e-05,0.0,6.492808211543859e-13,4.6937796822685826e-30,6.695288350430308e-11,2.5761924157655005e-22,2.0223425769784248e-11,6.907870842930491e-27,9.547666054570017e-14,8.416621932901379e-29,7.468456642803077e-10,-6.606227811601506,-6.646202828929954,-4.944102119145536,-7.3915757777184155,-8.154625261311711,-3.0659641746265804,-1.3832891105856726,-2.5901797030128932,-14.534823237141332,-22.326274873361072,-69.06231733048004,-16.788162776371717,-16.31226724729987,-17.3143556091919,-95.48059602100271,-9.56270426672266,-14.394830484730218,-24.304962811815475,-23.245601376144908,-11.03883570853477,-24.28461069995339,-13.664277375529387,-26.474978169477442,-6.883048606220385,-12.758154893120514,-11.26161195599108,-22.615965499527526,-6.259614281791826,0.0,0.0,0.0,0.0,0.0017014825933473576,7.038070866285809e-05,0.0,0.0,8.5227064433434e-05,-1.055625943790963e-07,0.00042316242426888764,-7.03805914428811e-05,0.0,0.0,-3.403648892045357,-4.346841606982663,-4.190445421521375,2.1316282072803006e-14,1.4210854715202004e-14,-4.351860992544829,-4.518690352153109,0.0,17.0,8.154625261311711,-1.3832891105856726,-2.5901797030128932,0.0003947763323687529,1.0892389352995071e-05,3.6473549451230916e-06,0.0013025062173174001,7.039864518870141e-05,6.127946127946127e-07,19.148729363393745,76.99461915321427,0.0,0.0,0.0,3.8566514833919716,0.0
18,i_soln,101801,-99,8.0,0.0,240.0,-0.000492783605584837,-63.42297352997195,0.0,0.0,0.0,0.0,0.9999999999999971,0.0,0.0,0.0,0.0,0.9999999999999971,0.0,0.0,0.0,0.0,0.0,0.0,0.0,0.0,0.0,0.0,0.0,0.0,0.0,0.0,0.0,0.0,-999.999,-999.999,-999.999,-999.999,-8.0,-3.2157004040477073,-999.999,-999.999,-999.999,-999.999,-999.999,-999.999,-999.999,-999.999,-999.999,-999.999,-999.999,-999.999,-999.999,-999.999,-999.999,-999.999,-999.999,-999.999,-999.999,-6.196071767946686e-05,-999.999,-999.999,0.0,0.0,0.0,0.0,0.0,0.0,0.0,0.0,0.0,0.0,0.0,0.0,0.0,0.0,-999.999,-999.999,-999.999,-999.999,-999.999,-999.999,-999.999,-999.999,18.0,8.0,-99.99,-99.99,0.0,1.0890154929924374e-05,3.713753361992811e-06,0.0012993443951551968,7.037260837793532e-05,6.094276094276093e-07,0.0,0.0,0.0,0.0,0.0,0.0,0.0
18,i_soln,101802,-99,8.0,0.0,240.0,2.9986045440461253,99.90701205807707,0.0,0.0,0.0,0.0,0.0,0.0,0.0,0.999999999999999,0.0,0.0,0.0,0.0,0.0,0.0,0.0,0.0,0.999999999999999,0.0,0.0,0.0,0.0,0.0,0.0,0.0,0.0,0.0,-999.999,-999.999,-999.999,-999.999,-8.0,-3.215706120982619,-999.999,-999.999,-999.999,-999.999,-2.212279423983691,-999.999,-999.999,-999.999,-999.999,-999.999,-999.999,-999.999,-999.999,-999.999,-999.999,-999.999,-999.999,-999.999,-999.999,-999.999,-999.999,-999.999,0.0,0.0,0.0,0.0,0.0,0.0,0.0,0.0,0.0,0.0,0.0,0.0,0.0,0.0,-999.999,-999.999,-999.999,-999.999,-999.999,-999.999,-999.999,43.95804465241585,18.0,8.0,-99.99,-99.99,0.0,1.0890154929924374e-05,3.713753361992811e-06,0.0012993443951551968,7.037260837793532e-05,6.094276094276093e-07,0.0,0.0,0.0,0.0,0.0,0.0,0.0
18,react,18,1,8.154024638904033,-7.619647245322321,240.0,0.25307801348615755,15.377956228220667,1.0485898544268204,0.49932850210801055,0.00099865700421602,0.09986570042160171,6.549458708164425e-07,2.2476686080269436e-09,0.09696793383731575,2.6264059628720714e-05,0.09986570019424276,6.549458708163974e-07,4.5082106882439823e-20,1.5194507296467047e-09,7.28217878380239e-10,0.09692877843568519,3.8867027300247294e-05,2.6264059628720714e-05,0.0,6.190791828512954e-13,4.590393168432484e-30,6.375167193778735e-11,2.5159877709124103e-22,1.9281953455912175e-11,6.755359241280136e-27,9.102721557627613e-14,8.230490475634701e-29,7.263913555437031e-10,-6.523571060356918,-6.635343955580408,-4.933243245796019,-7.380637754691392,-8.154024638904033,-3.0665637667955252,-1.3833682602631685,-2.5896582302827227,-14.525005248774692,-22.31525770065654,-69.02926581236645,-16.777171184094918,-16.301301235450804,-17.303415177770564,-95.44764682460004,-9.552286686187076,-14.373634210761304,-24.28295404683413,-23.2236181915913,-11.02786969668569,-24.262653095827506,-13.65333694410804,-26.4530461457793,-6.872110583193347,-12.747163300843702,-11.251194375455485,-22.594530746287397,-6.260294053877004,0.0,0.0,0.0,0.0,0.001771838942212594,7.035634886523633e-05,0.0,0.0,8.5185468900224e-05,-4.1595533209994235e-08,0.00035280617429265783,-7.035624997622981e-05,0.0,0.0,-3.426564792843582,-4.39163252359622,-4.16909084819747,3.552713678800501e-14,1.4210854715202004e-14,-4.3091518458969915,-4.518690352153098,-1.7763568394002505e-15,18.0,8.154024638904033,-1.3833682602631685,-2.5896582302827227,0.00037448567296282097,1.0890154929924374e-05,3.713753361992811e-06,0.0012993443951551968,7.037260837793532e-05,6.094276094276093e-07,15.965304156016213,80.17985423473013,0.0,0.0,0.0,3.85484160925366,0.0
19,i_soln,101901,-99,8.0,0.0,240.0,-0.000492783605584837,-63.42297352997195,0.0,0.0,0.0,0.0,0.9999999999999971,0.0,0.0,0.0,0.0,0.9999999999999971,0.0,0.0,0.0,0.0,0.0,0.0,0.0,0.0,0.0,0.0,0.0,0.0,0.0,0.0,0.0,0.0,-999.999,-999.999,-999.999,-999.999,-8.0,-3.2157004040477073,-999.999,-999.999,-999.999,-999.999,-999.999,-999.999,-999.999,-999.999,-999.999,-999.999,-999.999,-999.999,-999.999,-999.999,-999.999,-999.999,-999.999,-999.999,-999.999,-6.196071767946686e-05,-999.999,-999.999,0.0,0.0,0.0,0.0,0.0,0.0,0.0,0.0,0.0,0.0,0.0,0.0,0.0,0.0,-999.999,-999.999,-999.999,-999.999,-999.999,-999.999,-999.999,-999.999,19.0,8.0,-99.99,-99.99,0.0,1.088778089947705e-05,3.7821946483452185e-06,0.0012960852937157247,7.034494477997098e-05,6.06060606060606e-07,0.0,0.0,0.0,0.0,0.0,0.0,0.0
19,i_soln,101902,-99,8.0,0.0,240.0,2.9986045440461253,99.90701205807707,0.0,0.0,0.0,0.0,0.0,0.0,0.0,0.999999999999999,0.0,0.0,0.0,0.0,0.0,0.0,0.0,0.0,0.999999999999999,0.0,0.0,0.0,0.0,0.0,0.0,0.0,0.0,0.0,-999.999,-999.999,-999.999,-999.999,-8.0,-3.215706120982619,-999.999,-999.999,-999.999,-999.999,-2.212279423983691,-999.999,-999.999,-999.999,-999.999,-999.999,-999.999,-999.999,-999.999,-999.999,-999.999,-999.999,-999.999,-999.999,-999.999,-999.999,-999.999,-999.999,0.0,0.0,0.0,0.0,0.0,0.0,0.0,0.0,0.0,0.0,0.0,0.0,0.0,0.0,-999.999,-999.999,-999.999,-999.999,-999.999,-999.999,-999.999,43.95804465241585,19.0,8.0,-99.99,-99.99,0.0,1.088778089947705e-05,3.7821946483452185e-06,0.0012960852937157247,7.034494477997098e-05,6.06060606060606e-07,0.0,0.0,0.0,0.0,0.0,0.0,0.0
19,react,19,1,8.153394193002637,-7.609838470288945,240.0,0.2530797961574109,15.378148381130737,1.0485146785685828,0.4992927040802784,0.0009985854081605555,0.09985854081605543,6.696772565445725e-07,2.163116352843744e-09,0.09696098181064636,2.6853733308038697e-05,0.09985854059810788,6.696772565445255e-07,4.69642464242223e-20,1.4529582838099063e-09,7.101580690338377e-10,0.09691473257140265,4.5948424568313965e-05,2.6853733308038697e-05,0.0,5.93662808582546e-13,4.5024477586941045e-30,6.104696314938197e-11,2.464226020901843e-22,1.8489594664442786e-11,6.625586639942858e-27,8.728214010142713e-14,8.072077123223372e-29,7.083742526872487e-10,-6.4508517293812435,-6.625697065575573,-4.9235963557911555,-7.370909922172281,-8.153394193002637,-3.06719319111305,-1.3834492027774263,-2.5891087268955886,-14.516455322376366,-22.305448925623164,-68.99983948726631,-16.76738795844776,-16.291543559189865,-17.293683050895844,-95.41832269704479,-9.543107335471221,-14.354889934138798,-24.263362046153613,-23.204051740296993,-11.018112020424761,-24.243112193919423,-13.643604817233332,-26.43353079325743,-6.86238275067425,-12.737380075196555,-11.242015024739638,-22.575542620538176,-6.2610054422926655,0.0,0.0,0.0,0.0,0.0018421690877173018,7.033014550470785e-05,0.0,0.0,8.519913489854816e-05,1.3665998324158745e-08,0.00028247611329861266,-7.033006099404517e-05,0.0,0.0,-3.4471163999044787,-4.43163877411148,-4.150184686546403,2.1316282072803006e-14,0.0,-4.271339522594815,-4.518690352153108,0.0,19.0,8.153394193002637,-1.3834492027774263,-2.5891087268955886,0.0003571770944723753,1.088778089947705e-05,3.7821946483452185e-06,0.0012960852937157247,7.034494477997098e-05,6.06060606060606e-07,12.782624943657867,83.36193901888514,0.0,0.0,0.0,3.855436037456984,0.0
20,i_soln,102001,-99,8.0,0.0,240.0,-0.000492783605584837,-63.42297352997195,0.0,0.0,0.0,0.0,0.9999999999999971,0.0,0.0,0.0,0.0,0.9999999999999971,0.0,0.0,0.0,0.0,0.0,0.0,0.0,0.0,0.0,0.0,0.0,0.0,0.0,0.0,0.0,0.0,-999.999,-999.999,-999.999,-999.999,-8.0,-3.2157004040477073,-999.999,-999.999,-999.999,-999.999,-999.999,-999.999,-999.999,-999.999,-999.999,-999.999,-999.999,-999.999,-999.999,-999.999,-999.999,-999.999,-999.999,-999.999,-999.999,-6.196071767946686e-05,-999.999,-999.999,0.0,0.0,0.0,0.0,0.0,0.0,0.0,0.0,0.0,0.0,0.0,0.0,0.0,0.0,-999.999,-999.999,-999.999,-999.999,-999.999,-999.999,-999.999,-999.999,20.0,8.0,-99.99,-99.99,0.0,1.0885258538945262e-05,3.852741656819278e-06,0.001292725920023004,7.031555275269051e-05,6.026936026936026e-07,0.0,0.0,0.0,0.0,0.0,0.0,0.0
20,i_soln,102002,-99,8.0,0.0,240.0,2.9986045440461253,99.90701205807707,0.0,0.0,0.0,0.0,0.0,0.0,0.0,0.999999999999999,0.0,0.0,0.0,0.0,0.0,0.0,0.0,0.0,0.999999999999999,0.0,0.0,0.0,0.0,0.0,0.0,0.0,0.0,0.0,-999.999,-999.999,-999.999,-999.999,-8.0,-3.215706120982619,-999.999,-999.999,-999.999,-999.999,-2.212279423983691,-999.999,-999.999,-999.999,-999.999,-999.999,-999.999,-999.999,-999.999,-999.999,-999.999,-999.999,-999.999,-999.999,-999.999,-999.999,-999.999,-999.999,0.0,0.0,0.0,0.0,0.0,0.0,0.0,0.0,0.0,0.0,0.0,0.0,0.0,0.0,-999.999,-999.999,-999.999,-999.999,-999.999,-999.999,-999.999,43.95804465241585,20.0,8.0,-99.99,-99.99,0.0,1.0885258538945262e-05,3.852741656819278e-06,0.001292725920023004,7.031555275269051e-05,6.026936026936026e-07,0.0,0.0,0.0,0.0,0.0,0.0,0.0
20,react,20,1,8.152740272977127,-7.6010314576347575,240.0,0.25308156874683435,15.378342507572581,1.0484395655546972,0.4992569359784285,0.0009985138719568545,0.09985138719568513,6.8315849922421e-07,2.089887898439156e-09,0.09695403561813401,2.7393214027814125e-05,0.09985138698577041,6.831584992241612e-07,4.86920511517981e-20,1.3958130724823816e-09,6.940748259567742e-10,0.09690042258255349,5.330072658745181e-05,2.7393214027814125e-05,0.0,5.719876897920868e-13,4.426891862512608e-30,5.87308481090951e-11,2.4192486446354475e-22,1.7813816824973737e-11,6.51405900914952e-27,8.408775852861169e-14,7.935903631712657e-29,6.923287779005064e-10,-6.386359158923563,-6.617054671089162,-4.914953961304758,-7.362185218601979,-8.152740272977127,-3.067846096504142,-1.3835315118613267,-2.5885371159539687,-14.50895412050436,-22.296641912968976,-68.97341844930375,-16.75860646744592,-16.282787589840368,-17.28495260319869,-95.39200374569161,-9.534953228208126,-14.338176756107586,-24.245773542497574,-23.1864887582933,-11.009356051075256,-24.225574733568074,-13.63487436953617,-26.416018854558427,-6.8536580471039485,-12.728598584194705,-11.233860917476536,-22.55858150062089,-6.26174167140206,0.0,0.0,0.0,0.0,0.0019124710911172069,7.030200339990509e-05,0.0,0.0,8.525961825217349e-05,6.048335362532267e-08,0.0002121741830809597,-7.030193021765295e-05,0.0,0.0,-3.465705985025025,-4.467676751738187,-4.133306890347427,-7.105427357601002e-15,1.4210854715202004e-14,-4.237583930196848,-4.5186903521531,0.0,20.0,8.152740272977127,-1.3835315118613267,-2.5885371159539687,0.0003422110391008511,1.0885258538945262e-05,3.852741656819278e-06,0.001292725920023004,7.031555275269051e-05,6.026936026936026e-07,9.601054950636415,86.54087773870944,0.0,0.0,0.0,3.8580673106541585,0.0
21,i_soln,102101,-99,8.0,0.0,240.0,-0.000492783605584837,-63.42297352997195,0.0,0.0,0.0,0.0,0.9999999999999971,0.0,0.0,0.0,0.0,0.9999999999999971,0.0,0.0,0.0,0.0,0.0,0.0,0.0,0.0,0.0,0.0,0.0,0.0,0.0,0.0,0.0,0.0,-999.999,-999.999,-999.999,-999.999,-8.0,-3.2157004040477073,-999.999,-999.999,-999.999,-999.999,-999.999,-999.999,-999.999,-999.999,-999.999,-999.999,-999.999,-999.999,-999.999,-999.999,-999.999,-999.999,-999.999,-999.999,-999.999,-6.196071767946686e-05,-999.999,-999.999,0.0,0.0,0.0,0.0,0.0,0.0,0.0,0.0,0.0,0.0,0.0,0.0,0.0,0.0,-999.999,-999.999,-999.999,-999.999,-999.999,-999.999,-999.999,-999.999,21.0,8.0,-99.99,-99.99,0.0,1.0882578580623973e-05,3.925459173831053e-06,0.0012892631890166401,7.028432430334822e-05,5.993265993265992e-07,0.0,0.0,0.0,0.0,0.0,0.0,0.0
21,i_soln,102102,-99,8.0,0.0,240.0,2.9986045440461253,99.90701205807707,0.0,0.0,0.0,0.0,0.0,0.0,0.0,0.999999999999999,0.0,0.0,0.0,0.0,0.0,0.0,0.0,0.0,0.999999999999999,0.0,0.0,0.0,0.0,0.0,0.0,0.0,0.0,0.0,-999.999,-999.999,-999.999,-999.999,-8.0,-3.215706120982619,-999.999,-999.999,-999.999,-999.999,-2.212279423983691,-999.999,-999.999,-999.999,-999.999,-999.999,-999.999,-999.999,-999.999,-999.999,-999.999,-999.999,-999.999,-999.999,-999.999,-999.999,-999.999,-999.999,0.0,0.0,0.0,0.0,0.0,0.0,0.0,0.0,0.0,0.0,0.0,0.0,0.0,0.0,-999.999,-999.999,-999.999,-999.999,-999.999,-999.999,-999.999,43.95804465241585,21.0,8.0,-99.99,-99.99,0.0,1.0882578580623973e-05,3.925459173831053e-06,0.0012892631890166401,7.028432430334822e-05,5.993265993265992e-07,0.0,0.0,0.0,0.0,0.0,0.0,0.0
21,react,21,1,8.152067750358583,-7.593055984059069,240.0,0.25308333125533866,15.378538047361179,1.048364513675804,0.49922119698847933,0.000998442393976956,0.0998442393976955,6.955750160319094e-07,2.0256712811269467e-09,0.09694709509707532,2.7889945479704914e-05,0.09984423919472425,6.955750160318591e-07,5.028414946763551e-20,1.346070258317112e-09,6.796010228098348e-10,0.09688590612081503,6.086600507765851e-05,2.7889945479704914e-05,0.0,5.532684502847468e-13,4.361340431268077e-30,5.6722094524311274e-11,2.379757530179291e-22,1.723014715623399e-11,6.417264045082359e-27,8.132847054463341e-14,7.817688596797971e-29,6.778887329437324e-10,-6.328687399751828,-6.6092459209715475,-4.90714521118713,-7.354293106755307,-8.152067750358583,-3.068517610157149,-1.3836148735903593,-2.5879479550644575,-14.502321674234686,-22.288666439393285,-68.94949202857669,-16.75065649007139,-16.274863108666995,-17.277053618226482,-95.36817930976919,-9.527649268285442,-14.32314841676186,-24.229848091547364,-23.170588803544252,-11.001431569901897,-24.20970027502019,-13.626975384563972,-26.4001698922117,-6.84576593525729,-12.720648606820184,-11.226556957553866,-22.543302067122525,-6.26249755574964,0.0,0.0,0.0,0.0,0.0019827429305537773,7.027183943657039e-05,0.0,0.0,8.535947449578546e-05,9.985624361196974e-08,0.0001419024078113503,-7.027177526960942e-05,0.0,0.0,-3.482665503600817,-4.500419485041791,-4.118111827543629,-2.1316282072803006e-14,-1.4210854715202004e-14,-4.207193804589338,-4.518690352153109,1.7763568394002505e-15,21.0,8.152067750358583,-1.3836148735903593,-2.5879479550644575,0.000329105012079496,1.0882578580623973e-05,3.925459173831053e-06,0.0012892631890166401,7.028432430334822e-05,5.993265993265992e-07,6.420909447145215,89.7166793038365,0.0,0.0,0.0,3.8624112490182876,0.0
22,i_soln,102201,-99,8.0,0.0,240.0,-0.000492783605584837,-63.42297352997195,0.0,0.0,0.0,0.0,0.9999999999999971,0.0,0.0,0.0,0.0,0.9999999999999971,0.0,0.0,0.0,0.0,0.0,0.0,0.0,0.0,0.0,0.0,0.0,0.0,0.0,0.0,0.0,0.0,-999.999,-999.999,-999.999,-999.999,-8.0,-3.2157004040477073,-999.999,-999.999,-999.999,-999.999,-999.999,-999.999,-999.999,-999.999,-999.999,-999.999,-999.999,-999.999,-999.999,-999.999,-999.999,-999.999,-999.999,-999.999,-999.999,-6.196071767946686e-05,-999.999,-999.999,0.0,0.0,0.0,0.0,0.0,0.0,0.0,0.0,0.0,0.0,0.0,0.0,0.0,0.0,-999.999,-999.999,-999.999,-999.999,-999.999,-999.999,-999.999,-999.999,22.0,8.0,-99.99,-99.99,0.0,1.0879731177759334e-05,4.0004139790699216e-06,0.0012856939207186787,7.02511446917815e-05,5.959595959595959e-07,0.0,0.0,0.0,0.0,0.0,0.0,0.0
22,i_soln,102202,-99,8.0,0.0,240.0,2.9986045440461253,99.90701205807707,0.0,0.0,0.0,0.0,0.0,0.0,0.0,0.999999999999999,0.0,0.0,0.0,0.0,0.0,0.0,0.0,0.0,0.999999999999999,0.0,0.0,0.0,0.0,0.0,0.0,0.0,0.0,0.0,-999.999,-999.999,-999.999,-999.999,-8.0,-3.215706120982619,-999.999,-999.999,-999.999,-999.999,-2.212279423983691,-999.999,-999.999,-999.999,-999.999,-999.999,-999.999,-999.999,-999.999,-999.999,-999.999,-999.999,-999.999,-999.999,-999.999,-999.999,-999.999,-999.999,0.0,0.0,0.0,0.0,0.0,0.0,0.0,0.0,0.0,0.0,0.0,0.0,0.0,0.0,-999.999,-999.999,-999.999,-999.999,-999.999,-999.999,-999.999,43.95804465241585,22.0,8.0,-99.99,-99.99,0.0,1.0879731177759334e-05,4.0004139790699216e-06,0.0012856939207186787,7.02511446917815e-05,5.959595959595959e-07,0.0,0.0,0.0,0.0,0.0,0.0,0.0
22,react,22,1,8.151380351523184,-7.58577479700764,240.0,0.253085083683881,15.378734580521385,1.0482895222447612,0.49918548678322083,0.0009983709735664394,0.09983709735664414,7.070835206249282e-07,1.9687158212964247e-09,0.09694016018043036,2.835021863339793e-05,0.09983709715974456,7.070835206248763e-07,5.175733864209744e-20,1.3022652409309332e-09,6.664505803654915e-10,0.09687122675204175,6.860052408884089e-05,2.835021863339793e-05,0.0,5.369144514073634e-13,4.303945255910333e-30,5.495957062324052e-11,2.344745492912046e-22,1.6720181242641212e-11,6.332480068189578e-27,7.891734187458454e-14,7.714114416603267e-29,6.647687606837639e-10,-6.276704658143405,-6.60213309852989,-4.900032388745501,-7.347096102008784,-8.151380351523184,-3.069204004737426,-1.3836990558952489,-2.5873447385339503,-14.496413276343814,-22.28138525234186,-68.92764846742239,-16.743400775274054,-16.26763286612376,-17.269848847937336,-95.34643763763127,-9.521054475814296,-14.309525988409122,-24.215311189698596,-23.156077373949575,-10.994201327358649,-24.195214317679607,-13.619770614274818,-26.385709407125212,-6.838568930510753,-12.713392892022842,-11.219962165082705,-22.52942608759994,-6.263269136889922,0.0,0.0,0.0,0.0,0.0020529824981257785,7.023956757200127e-05,0.0,0.0,8.549241164343261e-05,1.3293714764715456e-07,7.166289714260603e-05,-7.023951066874426e-05,0.0,0.0,-3.498262933389535,-4.530409920068454,-4.104321034581055,-7.105427357601002e-15,-1.4210854715202004e-14,-4.179612218664175,-4.518690352153101,0.0,22.0,8.151380351523184,-1.3836990558952489,-2.5873447385339503,0.0003174951289000307,1.0879731177759334e-05,4.0004139790699216e-06,0.0012856939207186787,7.02511446917815e-05,5.959595959595959e-07,3.242462841841488,92.88934344751884,0.0,0.0,0.0,3.868193710639678,0.0
23,i_soln,102301,-99,8.0,0.0,240.0,-0.000492783605584837,-63.42297352997195,0.0,0.0,0.0,0.0,0.9999999999999971,0.0,0.0,0.0,0.0,0.9999999999999971,0.0,0.0,0.0,0.0,0.0,0.0,0.0,0.0,0.0,0.0,0.0,0.0,0.0,0.0,0.0,0.0,-999.999,-999.999,-999.999,-999.999,-8.0,-3.2157004040477073,-999.999,-999.999,-999.999,-999.999,-999.999,-999.999,-999.999,-999.999,-999.999,-999.999,-999.999,-999.999,-999.999,-999.999,-999.999,-999.999,-999.999,-999.999,-999.999,-6.196071767946686e-05,-999.999,-999.999,0.0,0.0,0.0,0.0,0.0,0.0,0.0,0.0,0.0,0.0,0.0,0.0,0.0,0.0,-999.999,-999.999,-999.999,-999.999,-999.999,-999.999,-999.999,-999.999,23.0,8.0,-99.99,-99.99,0.0,1.0876705868369586e-05,4.07767490682529e-06,0.0012820148373132922,7.021589200883041e-05,5.925925925925925e-07,0.0,0.0,0.0,0.0,0.0,0.0,0.0
23,i_soln,102302,-99,8.0,0.0,240.0,2.9986045440461253,99.90701205807707,0.0,0.0,0.0,0.0,0.0,0.0,0.0,0.999999999999999,0.0,0.0,0.0,0.0,0.0,0.0,0.0,0.0,0.999999999999999,0.0,0.0,0.0,0.0,0.0,0.0,0.0,0.0,0.0,-999.999,-999.999,-999.999,-999.999,-8.0,-3.215706120982619,-999.999,-999.999,-999.999,-999.999,-2.212279423983691,-999.999,-999.999,-999.999,-999.999,-999.999,-999.999,-999.999,-999.999,-999.999,-999.999,-999.999,-999.999,-999.999,-999.999,-999.999,-999.999,-999.999,0.0,0.0,0.0,0.0,0.0,0.0,0.0,0.0,0.0,0.0,0.0,0.0,0.0,0.0,-999.999,-999.999,-999.999,-999.999,-999.999,-999.999,-999.999,43.95804465241585,23.0,8.0,-99.99,-99.99,0.0,1.0876705868369586e-05,4.07767490682529e-06,0.0012820148373132922,7.021589200883041e-05,5.925925925925925e-07,0.0,0.0,0.0,0.0,0.0,0.0,0.0
23,react,23,1,8.150680943035267,-7.579077920242137,240.0,0.25308682603348165,15.37893178947546,1.048214591365059,0.4991498054119337,0.0009982996108238652,0.09982996108238676,7.178141044847128e-07,1.9176872743507163e-09,0.09693323087510268,2.8779255564985898e-05,0.09982996089085183,7.178141044846596e-07,5.3126222278551123e-20,1.2632869898565778e-09,6.544002844941388e-10,0.09685641766657786,7.647101041588246e-05,2.8779255564985898e-05,0.0,5.224782488456222e-13,4.25327157113285e-30,5.3396934283370195e-11,2.3134297687377273e-22,1.6269976736041747e-11,6.2575942632387834e-27,7.678851565903558e-14,7.62260569139481e-29,6.527462096050984e-10,-6.229505148809087,-6.595605880679901,-4.893505170895498,-7.340484054701037,-8.150680943035267,-3.069902412960519,-1.3837838853530062,-2.5867301595037944,-14.491113216024493,-22.274688375576353,-68.90755783712588,-16.736729347736635,-16.260986887814425,-17.263228318856086,-95.3264488042471,-9.515056007271882,-14.297086131739244,-24.201942885395678,-23.14273451887474,-10.987555349049316,-24.181896911832855,-13.613150085193572,-26.372417450506546,-6.831956883203006,-12.706721464485426,-11.213963696540299,-22.51673074229203,-6.264053374835601,0.0,0.0,0.0,0.0,0.0021231875906456616,7.020509251988308e-05,0.0,0.0,8.565320662996612e-05,1.6079498653351094e-07,1.4578555972240625e-06,-7.020504154538197e-05,0.0,0.0,-3.5127131852708615,-4.558083266300445,-4.091711518995723,7.105427357601002e-15,-1.4210854715202004e-14,-4.154393187493525,-4.518690352153103,1.7763568394002505e-15,23.0,8.150680943035267,-1.3837838853530062,-2.5867301595037944,0.00030710494869508516,1.0876705868369586e-05,4.07767490682529e-06,0.0012820148373132922,7.021589200883041e-05,5.925925925925925e-07,0.0659574033277903,96.0588555707634,0.0,0.0,0.0,3.8751870259088177,0.0
24,i_soln,102401,-99,8.0,0.0,240.0,-0.000492783605584837,-63.42297352997195,0.0,0.0,0.0,0.0,0.9999999999999971,0.0,0.0,0.0,0.0,0.9999999999999971,0.0,0.0,0.0,0.0,0.0,0.0,0.0,0.0,0.0,0.0,0.0,0.0,0.0,0.0,0.0,0.0,-999.999,-999.999,-999.999,-999.999,-8.0,-3.2157004040477073,-999.999,-999.999,-999.999,-999.999,-999.999,-999.999,-999.999,-999.999,-999.999,-999.999,-999.999,-999.999,-999.999,-999.999,-999.999,-999.999,-999.999,-999.999,-999.999,-6.196071767946686e-05,-999.999,-999.999,0.0,0.0,0.0,0.0,0.0,0.0,0.0,0.0,0.0,0.0,0.0,0.0,0.0,0.0,-999.999,-999.999,-999.999,-999.999,-999.999,-999.999,-999.999,-999.999,24.0,8.0,-99.99,-99.99,0.0,1.0873491536805411e-05,4.157312909200152e-06,0.001278222560136616,7.017843672841666e-05,5.892255892255892e-07,0.0,0.0,0.0,0.0,0.0,0.0,0.0
24,i_soln,102402,-99,8.0,0.0,240.0,2.9986045440461253,99.90701205807707,0.0,0.0,0.0,0.0,0.0,0.0,0.0,0.999999999999999,0.0,0.0,0.0,0.0,0.0,0.0,0.0,0.0,0.999999999999999,0.0,0.0,0.0,0.0,0.0,0.0,0.0,0.0,0.0,-999.999,-999.999,-999.999,-999.999,-8.0,-3.215706120982619,-999.999,-999.999,-999.999,-999.999,-2.212279423983691,-999.999,-999.999,-999.999,-999.999,-999.999,-999.999,-999.999,-999.999,-999.999,-999.999,-999.999,-999.999,-999.999,-999.999,-999.999,-999.999,-999.999,0.0,0.0,0.0,0.0,0.0,0.0,0.0,0.0,0.0,0.0,0.0,0.0,0.0,0.0,-999.999,-999.999,-999.999,-999.999,-999.999,-999.999,-999.999,43.95804465241585,24.0,8.0,-99.99,-99.99,0.0,1.0873491536805411e-05,4.157312909200152e-06,0.001278222560136616,7.017843672841666e-05,5.892255892255892e-07,0.0,0.0,0.0,0.0,0.0,0.0,0.0
24,react,24,1,8.153199592583242,-7.581589684165016,240.0,0.2530885583052237,15.379215017629098,1.04813962324326,0.4991141063063154,0.000998228212612629,0.09982282126126296,7.8189413745162e-06,1.7739936768196692e-10,0.09689554679525612,2.859260602141835e-05,0.09982282106976051,7.818941374515615e-06,5.856130982235537e-19,1.1661842013475925e-10,6.078094754720765e-11,0.09681831167824347,7.689317188096566e-05,2.859260602141835e-05,0.0,4.7689553192363904e-14,3.8597787286664775e-31,4.902303418998897e-12,2.1116320900732428e-23,1.484998940827174e-12,5.67838299803081e-28,7.0083247136464695e-15,6.91681222825798e-30,6.06282022021333e-11,-6.227081926213231,-5.55849919247565,-4.896326646678559,-7.343150674554003,-8.153199592583242,-3.0673826774182404,-1.3839387412830921,-2.589403664981859,-14.488585508862819,-22.277200139499236,-68.91509312889454,-16.739266028494832,-16.263548485407938,-17.265814833284914,-95.33408376335701,-9.515048035652486,-12.220199249852689,-23.167063166089434,-22.107879716403815,-9.950188782655513,-23.147067026197245,-12.575808435635082,-25.337612481706252,-5.79469533906866,-11.669329981256308,-10.174027560933586,-21.47930637060819,-6.261689581217725,0.0,0.0,0.0,0.0,0.0021092459256889583,-1.3941664956703369e-05,1.5401263793330777e-05,1.5401263793330777e-05,8.642735111246659e-05,7.741444825004704e-07,0.0,-1.4578555972240625e-06,0.0,0.0,-5.581886004600429,-7.661849923917039,-2.0145149252489674,-1.0399281639872768,4.263256414560601e-14,5.684341886080802e-14,-3.4787621881657884,0.0,24.0,8.153199592583242,-1.3839387412830921,-2.589403664981859,2.6188703298513057e-06,1.0873491536805411e-05,4.157312909200152e-06,0.001278222560136616,7.017843672841666e-05,5.892255892255892e-07,0.0,95.39460958749919,0.6965510891002346,0.0,0.0,3.9088393234005827,0.0
25,i_soln,102501,-99,8.0,0.0,240.0,-0.000492783605584837,-63.42297352997195,0.0,0.0,0.0,0.0,0.9999999999999971,0.0,0.0,0.0,0.0,0.9999999999999971,0.0,0.0,0.0,0.0,0.0,0.0,0.0,0.0,0.0,0.0,0.0,0.0,0.0,0.0,0.0,0.0,-999.999,-999.999,-999.999,-999.999,-8.0,-3.2157004040477073,-999.999,-999.999,-999.999,-999.999,-999.999,-999.999,-999.999,-999.999,-999.999,-999.999,-999.999,-999.999,-999.999,-999.999,-999.999,-999.999,-999.999,-999.999,-999.999,-6.196071767946686e-05,-999.999,-999.999,0.0,0.0,0.0,0.0,0.0,0.0,0.0,0.0,0.0,0.0,0.0,0.0,0.0,0.0,-999.999,-999.999,-999.999,-999.999,-999.999,-999.999,-999.999,-999.999,25.0,8.0,-99.99,-99.99,0.0,1.087007637290864e-05,4.239401121269518e-06,0.0012743136065739757,7.013864123163649e-05,5.858585858585858e-07,0.0,0.0,0.0,0.0,0.0,0.0,0.0
25,i_soln,102502,-99,8.0,0.0,240.0,2.9986045440461253,99.90701205807707,0.0,0.0,0.0,0.0,0.0,0.0,0.0,0.999999999999999,0.0,0.0,0.0,0.0,0.0,0.0,0.0,0.0,0.999999999999999,0.0,0.0,0.0,0.0,0.0,0.0,0.0,0.0,0.0,-999.999,-999.999,-999.999,-999.999,-8.0,-3.215706120982619,-999.999,-999.999,-999.999,-999.999,-2.212279423983691,-999.999,-999.999,-999.999,-999.999,-999.999,-999.999,-999.999,-999.999,-999.999,-999.999,-999.999,-999.999,-999.999,-999.999,-999.999,-999.999,-999.999,0.0,0.0,0.0,0.0,0.0,0.0,0.0,0.0,0.0,0.0,0.0,0.0,0.0,0.0,-999.999,-999.999,-999.999,-999.999,-999.999,-999.999,-999.999,43.95804465241585,25.0,8.0,-99.99,-99.99,0.0,1.087007637290864e-05,4.239401121269518e-06,0.0012743136065739757,7.013864123163649e-05,5.858585858585858e-07,0.0,0.0,0.0,0.0,0.0,0.0,0.0
25,react,25,1,8.155537235458606,-7.584021056818323,240.0,0.25309028050026905,15.379484678725188,1.0480646746570152,0.4990784165033418,0.000998156833006681,0.09981568330066826,7.795044033831061e-06,1.7923470571092664e-10,0.09685360180487879,2.8416826392415335e-05,0.09981568310910804,7.795044033830472e-06,5.901162787088476e-19,1.1760539806180974e-10,6.16293076491169e-11,0.0967761118583356,7.714836097921532e-05,2.8416826392415335e-05,0.0,4.7590183556331185e-14,3.8301979681008924e-31,4.918606029215211e-12,2.106777460303326e-23,1.481850193667174e-12,5.634578047083383e-28,6.993120547769726e-15,6.863218097960976e-30,6.147525923829738e-11,-6.225611025604399,-5.559849845962081,-4.8990004620635155,-7.345703268573139,-8.155537235458606,-3.0650439552121713,-1.38405996264892,-2.59186252922305,-14.486339437103984,-22.27963151215254,-68.92238724685446,-16.74172237179631,-16.26602979935759,-17.268321117882742,-95.34147776390961,-9.51514068609972,-12.220441692584346,-23.17062772014569,-22.111469241108246,-9.951346934706635,-23.15068152154985,-12.57699155833438,-25.34125194770703,-5.795924771189256,-11.670463162659255,-10.172797049482288,-21.480507231810204,-6.259473159708176,0.0,0.0,0.0,0.0,0.0020917054177335493,-1.754050795540899e-05,3.294176989730358e-05,1.7540506103972802e-05,8.718726558994137e-05,7.599144774747806e-07,0.0,0.0,0.0,0.0,-5.574506173884808,-7.650686987731021,-2.0145149252489816,-1.0412513258858453,-1.4210854715202004e-14,-2.842170943040401e-14,-3.4774390262672554,0.0,25.0,8.155537235458606,-1.38405996264892,-2.59186252922305,2.6637522288755015e-06,1.087007637290864e-05,4.239401121269518e-06,0.0012743136065739757,7.013864123163649e-05,5.858585858585858e-07,0.0,94.56880530492155,1.4893415666500245,0.0,0.0,3.941853128428413,0.0
26,i_soln,102601,-99,8.0,0.0,240.0,-0.000492783605584837,-63.42297352997195,0.0,0.0,0.0,0.0,0.9999999999999971,0.0,0.0,0.0,0.0,0.9999999999999971,0.0,0.0,0.0,0.0,0.0,0.0,0.0,0.0,0.0,0.0,0.0,0.0,0.0,0.0,0.0,0.0,-999.999,-999.999,-999.999,-999.999,-8.0,-3.2157004040477073,-999.999,-999.999,-999.999,-999.999,-999.999,-999.999,-999.999,-999.999,-999.999,-999.999,-999.999,-999.999,-999.999,-999.999,-999.999,-999.999,-999.999,-999.999,-999.999,-6.196071767946686e-05,-999.999,-999.999,0.0,0.0,0.0,0.0,0.0,0.0,0.0,0.0,0.0,0.0,0.0,0.0,0.0,0.0,-999.999,-999.999,-999.999,-999.999,-999.999,-999.999,-999.999,-999.999,26.0,8.0,-99.99,-99.99,0.0,1.0866447828619124e-05,4.324014928243562e-06,0.0012702843868616462,7.009635930111864e-05,5.824915824915824e-07,0.0,0.0,0.0,0.0,0.0,0.0,0.0
26,i_soln,102602,-99,8.0,0.0,240.0,2.9986045440461253,99.90701205807707,0.0,0.0,0.0,0.0,0.0,0.0,0.0,0.999999999999999,0.0,0.0,0.0,0.0,0.0,0.0,0.0,0.0,0.999999999999999,0.0,0.0,0.0,0.0,0.0,0.0,0.0,0.0,0.0,-999.999,-999.999,-999.999,-999.999,-8.0,-3.215706120982619,-999.999,-999.999,-999.999,-999.999,-2.212279423983691,-999.999,-999.999,-999.999,-999.999,-999.999,-999.999,-999.999,-999.999,-999.999,-999.999,-999.999,-999.999,-999.999,-999.999,-999.999,-999.999,-999.999,0.0,0.0,0.0,0.0,0.0,0.0,0.0,0.0,0.0,0.0,0.0,0.0,0.0,0.0,-999.999,-999.999,-999.999,-999.999,-999.999,-999.999,-999.999,43.95804465241585,26.0,8.0,-99.99,-99.99,0.0,1.0866447828619124e-05,4.324014928243562e-06,0.0012702843868616462,7.009635930111864e-05,5.824915824915824e-07,0.0,0.0,0.0,0.0,0.0,0.0,0.0
26,react,26,1,8.157872678681798,-7.586451365746775,240.0,0.25309199261983845,15.379754256961577,1.0479897867984964,0.499042755618333,0.0009980855112366631,0.09980855112366646,7.771231973738606e-06,1.810905671824934e-10,0.09681168857383994,2.824215425041289e-05,0.09980855093204734,7.771231973738011e-06,5.946496441084308e-19,1.186017744659445e-10,6.248879271654894e-11,0.09673394502215583,7.740232758328195e-05,2.824215425041289e-05,0.0,4.749131924274624e-14,3.800877097048883e-31,4.934968816824213e-12,2.1019416896964974e-23,1.4787174778302655e-12,5.5911601152842785e-28,6.977993851999671e-15,6.810099339866467e-30,6.233343112701595e-11,-6.22415174346618,-5.561199889001015,-4.901673866228434,-7.34825512511982,-8.157872678681798,-3.0627074339451426,-1.3841815102671462,-2.5943195200644666,-14.48409670349838,-22.282061821080994,-68.92967817363981,-16.744177629595562,-16.26851000602764,-17.27082627342359,-95.34886848617818,-9.515234473761145,-12.220684787820835,-23.174189925747424,-22.11505639558078,-9.952503780250717,-23.154293624893185,-12.57817335274926,-25.34488899992116,-5.797153266609968,-11.671595059332539,-10.171567476017744,-21.481707967274108,-6.257259264103224,0.0,0.0,0.0,0.0,0.002074175500646922,-1.7529917086627194e-05,5.0471685111677756e-05,1.7529915214374177e-05,8.794272998807585e-05,7.554643981344788e-07,0.0,0.0,0.0,0.0,-5.567131967228995,-7.639531351063956,-2.014514925249003,-1.0425746870118289,0.0,-2.842170943040401e-14,-3.476115665141289,0.0,26.0,8.157872678681798,-1.3841815102671462,-2.5943195200644666,2.709368222521555e-06,1.0866447828619124e-05,4.324014928243562e-06,0.0012702843868616462,7.009635930111864e-05,5.824915824915824e-07,0.0,93.74423547198337,2.2811134025549977,0.0,0.0,3.9746511254616332,0.0
27,i_soln,102701,-99,8.0,0.0,240.0,-0.000492783605584837,-63.42297352997195,0.0,0.0,0.0,0.0,0.9999999999999971,0.0,0.0,0.0,0.0,0.9999999999999971,0.0,0.0,0.0,0.0,0.0,0.0,0.0,0.0,0.0,0.0,0.0,0.0,0.0,0.0,0.0,0.0,-999.999,-999.999,-999.999,-999.999,-8.0,-3.2157004040477073,-999.999,-999.999,-999.999,-999.999,-999.999,-999.999,-999.999,-999.999,-999.999,-999.999,-999.999,-999.999,-999.999,-999.999,-999.999,-999.999,-999.999,-999.999,-999.999,-6.196071767946686e-05,-999.999,-999.999,0.0,0.0,0.0,0.0,0.0,0.0,0.0,0.0,0.0,0.0,0.0,0.0,0.0,0.0,-999.999,-999.999,-999.999,-999.999,-999.999,-999.999,-999.999,-999.999,27.0,8.0,-99.99,-99.99,0.0,1.0862592571870403e-05,4.411232034697178e-06,0.0012661312007902163,7.005143558378975e-05,5.791245791245791e-07,0.0,0.0,0.0,0.0,0.0,0.0,0.0
27,i_soln,102702,-99,8.0,0.0,240.0,2.9986045440461253,99.90701205807707,0.0,0.0,0.0,0.0,0.0,0.0,0.0,0.999999999999999,0.0,0.0,0.0,0.0,0.0,0.0,0.0,0.0,0.999999999999999,0.0,0.0,0.0,0.0,0.0,0.0,0.0,0.0,0.0,-999.999,-999.999,-999.999,-999.999,-8.0,-3.215706120982619,-999.999,-999.999,-999.999,-999.999,-2.212279423983691,-999.999,-999.999,-999.999,-999.999,-999.999,-999.999,-999.999,-999.999,-999.999,-999.999,-999.999,-999.999,-999.999,-999.999,-999.999,-999.999,-999.999,0.0,0.0,0.0,0.0,0.0,0.0,0.0,0.0,0.0,0.0,0.0,0.0,0.0,0.0,-999.999,-999.999,-999.999,-999.999,-999.999,-999.999,-999.999,43.95804465241585,27.0,8.0,-99.99,-99.99,0.0,1.0862592571870403e-05,4.411232034697178e-06,0.0012661312007902163,7.005143558378975e-05,5.791245791245791e-07,0.0,0.0,0.0,0.0,0.0,0.0,0.0
27,react,27,1,8.160205765060851,-7.588880425989657,240.0,0.2530936946652349,15.380023744505886,1.047914962437545,0.49900712497026095,0.000998014249940519,0.09980142499405191,7.747506387995417e-06,1.8296704168016537e-10,0.09676980866617303,2.8068595114466956e-05,0.09980142480237275,7.747506387994819e-06,5.992130718829776e-19,1.1960756210099073e-10,6.335947957917464e-11,0.09669181273853654,7.765506683414946e-05,2.8068595114466956e-05,0.0,4.739296268383911e-14,3.7718155994761727e-31,4.9513907184756715e-12,2.0971250426567208e-23,1.475600868808979e-12,5.54812838886644e-28,6.9629449815769876e-15,6.757454915212835e-30,6.320279471677305e-11,-6.2227040096356125,-5.562549234958702,-4.904346663495296,-7.350806053874692,-8.160205765060851,-3.060373270847554,-1.384303378779147,-2.5967744749555166,-14.481857437546086,-22.284490881323876,-68.93696535436847,-16.746631616013627,-16.270988918620883,-17.273330112192014,-95.35625537160753,-9.51532937090644,-12.22092852484513,-23.177749521099173,-22.118640917107708,-9.953659241534764,-23.15790307259529,-12.579353740208486,-25.34852337379845,-5.798380744055649,-11.672725594441404,-10.17033892185384,-21.482908473353092,-6.255048046236158,0.0,0.0,0.0,0.0,0.0020566568351749553,-1.7518665471966816e-05,6.799034869048145e-05,1.75186635788037e-05,8.869373858889627e-05,7.510086008204208e-07,0.0,0.0,0.0,0.0,-5.559763872399888,-7.6283837733157345,-2.0145149252493013,-1.0438981383209764,2.842170943040401e-14,-5.968558980384842e-13,-3.4747922138320915,0.0,27.0,8.160205765060851,-1.384303378779147,-2.5967744749555166,2.7557265953717676e-06,1.0862592571870403e-05,4.411232034697178e-06,0.0012661312007902163,7.005143558378975e-05,5.791245791245791e-07,0.0,92.9209239439881,3.071842570691198,0.0,0.0,4.007233485320708,0.0
28,i_soln,102801,-99,8.0,0.0,240.0,-0.000492783605584837,-63.42297352997195,0.0,0.0,0.0,0.0,0.9999999999999971,0.0,0.0,0.0,0.0,0.9999999999999971,0.0,0.0,0.0,0.0,0.0,0.0,0.0,0.0,0.0,0.0,0.0,0.0,0.0,0.0,0.0,0.0,-999.999,-999.999,-999.999,-999.999,-8.0,-3.2157004040477073,-999.999,-999.999,-999.999,-999.999,-999.999,-999.999,-999.999,-999.999,-999.999,-999.999,-999.999,-999.999,-999.999,-999.999,-999.999,-999.999,-999.999,-999.999,-999.999,-6.196071767946686e-05,-999.999,-999.999,0.0,0.0,0.0,0.0,0.0,0.0,0.0,0.0,0.0,0.0,0.0,0.0,0.0,0.0,-999.999,-999.999,-999.999,-999.999,-999.999,-999.999,-999.999,-999.999,28.0,8.0,-99.99,-99.99,0.0,1.0858496437604805e-05,4.501132535929497e-06,0.0012618502343065233,7.000370502007304e-05,5.757575757575757e-07,0.0,0.0,0.0,0.0,0.0,0.0,0.0
28,i_soln,102802,-99,8.0,0.0,240.0,2.9986045440461253,99.90701205807707,0.0,0.0,0.0,0.0,0.0,0.0,0.0,0.999999999999999,0.0,0.0,0.0,0.0,0.0,0.0,0.0,0.0,0.999999999999999,0.0,0.0,0.0,0.0,0.0,0.0,0.0,0.0,0.0,-999.999,-999.999,-999.999,-999.999,-8.0,-3.215706120982619,-999.999,-999.999,-999.999,-999.999,-2.212279423983691,-999.999,-999.999,-999.999,-999.999,-999.999,-999.999,-999.999,-999.999,-999.999,-999.999,-999.999,-999.999,-999.999,-999.999,-999.999,-999.999,-999.999,0.0,0.0,0.0,0.0,0.0,0.0,0.0,0.0,0.0,0.0,0.0,0.0,0.0,0.0,-999.999,-999.999,-999.999,-999.999,-999.999,-999.999,-999.999,43.95804465241585,28.0,8.0,-99.99,-99.99,0.0,1.0858496437604805e-05,4.501132535929497e-06,0.0012618502343065233,7.000370502007304e-05,5.757575757575757e-07,0.0,0.0,0.0,0.0,0.0,0.0,0.0
28,react,28,1,8.162536332364617,-7.591308047174498,240.0,0.2530953866378403,15.38029313300084,1.0478402045168675,0.49897152596041483,0.0009979430519208273,0.09979430519208267,7.723868506731741e-06,1.8486421070656458e-10,0.09672796374350925,2.789615463610063e-05,0.09979430500034239,7.723868506731138e-06,6.038064212058182e-19,1.2062276934590877e-10,6.424144136065583e-11,0.0966497166739892,7.790657379043764e-05,2.789615463610063e-05,0.0,4.7295116462776995e-14,3.743012985226734e-31,4.967870615021645e-12,2.092327790404805e-23,1.4725004468915939e-12,5.50548209271813e-28,6.947974314990197e-15,6.705283832834213e-30,6.408342315560441e-11,-6.221267755642211,-5.563897794117559,-4.907018652022992,-7.353355858730957,-8.162536332364617,-3.0580416281913765,-1.3844255624505708,-2.599227225930697,-14.479621773418568,-22.286918502508716,-68.94424821792298,-16.74908413970266,-16.27346634481411,-17.27583244088944,-95.36363784517886,-9.5154253494351,-12.221172892187647,-23.18130623660422,-22.12222253511695,-9.954813238359167,-23.16150959310873,-12.580532639537086,-25.352154796816087,-5.79960711954309,-11.673854688761613,-10.169111471013677,-21.48410864369777,-6.252839662603813,0.0,0.0,0.0,0.0,0.002039150123337362,-1.7506711837593242e-05,8.549705861391518e-05,1.7506709923433724e-05,8.944028554324001e-05,7.465469543437372e-07,0.0,0.0,0.0,0.0,-5.552402393417475,-7.617245038637247,-2.0145149252489816,-1.045221567689829,1.4210854715202004e-14,0.0,-3.4734687844632646,0.0,28.0,8.162536332364617,-1.3844255624505708,-2.599227225930697,2.8028354810449333e-06,1.0858496437604805e-05,4.501132535929497e-06,0.0012618502343065233,7.000370502007304e-05,5.757575757575757e-07,0.0,92.09889642006256,3.8615032092957224,0.0,0.0,4.039600370641702,0.0
29,i_soln,102901,-99,8.0,0.0,240.0,-0.000492783605584837,-63.42297352997195,0.0,0.0,0.0,0.0,0.9999999999999971,0.0,0.0,0.0,0.0,0.9999999999999971,0.0,0.0,0.0,0.0,0.0,0.0,0.0,0.0,0.0,0.0,0.0,0.0,0.0,0.0,0.0,0.0,-999.999,-999.999,-999.999,-999.999,-8.0,-3.2157004040477073,-999.999,-999.999,-999.999,-999.999,-999.999,-999.999,-999.999,-999.999,-999.999,-999.999,-999.999,-999.999,-999.999,-999.999,-999.999,-999.999,-999.999,-999.999,-999.999,-6.196071767946686e-05,-999.999,-999.999,0.0,0.0,0.0,0.0,0.0,0.0,0.0,0.0,0.0,0.0,0.0,0.0,0.0,0.0,-999.999,-999.999,-999.999,-999.999,-999.999,-999.999,-999.999,-999.999,29.0,8.0,-99.99,-99.99,0.0,1.0854144375727897e-05,4.593798991518924e-06,0.0012574375560110392,6.995299223742342e-05,5.723905723905723e-07,0.0,0.0,0.0,0.0,0.0,0.0,0.0
29,i_soln,102902,-99,8.0,0.0,240.0,2.9986045440461253,99.90701205807707,0.0,0.0,0.0,0.0,0.0,0.0,0.0,0.999999999999999,0.0,0.0,0.0,0.0,0.0,0.0,0.0,0.0,0.999999999999999,0.0,0.0,0.0,0.0,0.0,0.0,0.0,0.0,0.0,-999.999,-999.999,-999.999,-999.999,-8.0,-3.215706120982619,-999.999,-999.999,-999.999,-999.999,-2.212279423983691,-999.999,-999.999,-999.999,-999.999,-999.999,-999.999,-999.999,-999.999,-999.999,-999.999,-999.999,-999.999,-999.999,-999.999,-999.999,-999.999,-999.999,0.0,0.0,0.0,0.0,0.0,0.0,0.0,0.0,0.0,0.0,0.0,0.0,0.0,0.0,-999.999,-999.999,-999.999,-999.999,-999.999,-999.999,-999.999,43.95804465241585,29.0,8.0,-99.99,-99.99,0.0,1.0854144375727897e-05,4.593798991518924e-06,0.0012574375560110392,6.995299223742342e-05,5.723905723905723e-07,0.0,0.0,0.0,0.0,0.0,0.0,0.0
29,react,29,1,8.164864213019941,-7.593734033178175,240.0,0.25309706853912456,15.380562413534657,1.0477655161628174,0.49893596007753427,0.0009978719201550659,0.09978719201550651,7.700319598964724e-06,1.8678214702110006e-10,0.09668615557116128,2.7724838616275497e-05,0.09978719182370403,7.700319598964116e-06,6.084295318453192e-19,1.2164739988693233e-10,6.513474713416773e-11,0.09660765859879053,7.815684342585032e-05,2.7724838616275497e-05,0.0,4.719778332163343e-14,3.714468792410216e-31,4.984407328205278e-12,2.0875502114859508e-23,1.4694162974159315e-12,5.463220493906615e-28,6.93308225520924e-15,6.653585153461506e-30,6.497538554697942e-11,-6.21984291470087,-5.565245473493572,-4.909689623424466,-7.35590433743355,-8.164864213019941,-3.055712673593114,-1.3845480551494647,-2.601677599284926,-14.477389850225723,-22.289344488512395,-68.951526175934,-16.75153500350348,-16.27594208641207,-17.278333060284538,-95.37101531437844,-9.515522380840517,-12.221417877585456,-23.184859794383243,-22.125800970693113,-9.95596568793165,-23.165112906482033,-12.581709966906708,-25.355782987986526,-5.800832306220194,-11.674982260536957,-10.167885210393619,-21.485308369081384,-6.250634274647392,0.0,0.0,0.0,0.0,0.0020216561110065552,-1.749401233080679e-05,0.00010299106900949064,1.7494010395575465e-05,9.018236485388098e-05,7.420793106409682e-07,0.0,0.0,0.0,0.0,-5.545048051525969,-7.606115957423114,-2.0145149252489674,-1.04654485971529,-1.4210854715202004e-14,5.684341886080802e-14,-3.4721454924377912,0.0,29.0,8.164864213019941,-1.3845480551494647,-2.601677599284926,2.8507028405171227e-06,1.0854144375727897e-05,4.593798991518924e-06,0.0012574375560110392,6.995299223742342e-05,5.723905723905723e-07,0.0,91.27818055746965,4.650067507363829,0.0,0.0,4.071751935166517,0.0
30,i_soln,103001,-99,8.0,0.0,240.0,-0.000492783605584837,-63.42297352997195,0.0,0.0,0.0,0.0,0.9999999999999971,0.0,0.0,0.0,0.0,0.9999999999999971,0.0,0.0,0.0,0.0,0.0,0.0,0.0,0.0,0.0,0.0,0.0,0.0,0.0,0.0,0.0,0.0,-999.999,-999.999,-999.999,-999.999,-8.0,-3.2157004040477073,-999.999,-999.999,-999.999,-999.999,-999.999,-999.999,-999.999,-999.999,-999.999,-999.999,-999.999,-999.999,-999.999,-999.999,-999.999,-999.999,-999.999,-999.999,-999.999,-6.196071767946686e-05,-999.999,-999.999,0.0,0.0,0.0,0.0,0.0,0.0,0.0,0.0,0.0,0.0,0.0,0.0,0.0,0.0,-999.999,-999.999,-999.999,-999.999,-999.999,-999.999,-999.999,-999.999,30.0,8.0,-99.99,-99.99,0.0,1.0849520395811137e-05,4.689316501141219e-06,0.0012528891135474961,6.98991109059702e-05,5.69023569023569e-07,0.0,0.0,0.0,0.0,0.0,0.0,0.0
30,i_soln,103002,-99,8.0,0.0,240.0,2.9986045440461253,99.90701205807707,0.0,0.0,0.0,0.0,0.0,0.0,0.0,0.999999999999999,0.0,0.0,0.0,0.0,0.0,0.0,0.0,0.0,0.999999999999999,0.0,0.0,0.0,0.0,0.0,0.0,0.0,0.0,0.0,-999.999,-999.999,-999.999,-999.999,-8.0,-3.215706120982619,-999.999,-999.999,-999.999,-999.999,-2.212279423983691,-999.999,-999.999,-999.999,-999.999,-999.999,-999.999,-999.999,-999.999,-999.999,-999.999,-999.999,-999.999,-999.999,-999.999,-999.999,-999.999,-999.999,0.0,0.0,0.0,0.0,0.0,0.0,0.0,0.0,0.0,0.0,0.0,0.0,0.0,0.0,-999.999,-999.999,-999.999,-999.999,-999.999,-999.999,-999.999,43.95804465241585,30.0,8.0,-99.99,-99.99,0.0,1.0849520395811137e-05,4.689316501141219e-06,0.0012528891135474961,6.98991109059702e-05,5.69023569023569e-07,0.0,0.0,0.0,0.0,0.0,0.0,0.0
30,react,30,1,8.167189233790102,-7.596158181770396,240.0,0.25309874037064867,15.380831576609182,1.047690900696852,0.4989004289032649,0.000997800857806527,0.09978008578065288,7.67686097532135e-06,1.887209139313377e-10,0.09664438602458818,2.755465302297972e-05,0.09978008558878716,7.676860975320736e-06,6.130822229759096e-19,1.2268145237829572e-10,6.603946155304199e-11,0.09656564039345458,7.840587062201348e-05,2.755465302297972e-05,0.0,4.7100966169791265e-14,3.686182589863829e-31,5.000999617132765e-12,2.0827925922883183e-23,1.466348511036976e-12,5.4213429053116985e-28,6.918269230986646e-15,6.602357994157292e-30,6.587874658082839e-11,-6.21842942173101,-5.566592176638855,-4.912359362363651,-7.358451281199244,-8.167189233790102,-3.0533865803355376,-1.3846708503229463,-2.60412541522858,-14.475161812302789,-22.291768637104614,-68.95879862171067,-16.753984004085204,-16.2784159389833,-17.28083176484527,-95.37838716811312,-9.51562043617516,-12.221663467932396,-23.188409907763297,-22.129375936062676,-9.957116504708992,-23.1687127238411,-12.582885635673554,-25.359407657335094,-5.802056214192014,-11.676108225324793,-10.166660229934378,-21.48650753721436,-6.248432049050722,0.0,0.0,0.0,0.0,0.0020041755906476436,-1.7480520358911615e-05,0.00012047158741203152,1.748051840254088e-05,9.091997035803371e-05,7.376055041527344e-07,0.0,0.0,0.0,0.0,-5.537701386232831,-7.594997367905041,-2.014514925248953,-1.0478678955092064,-1.4210854715202004e-14,2.842170943040401e-14,-3.470822456643903,0.0,30.0,8.167189233790102,-1.3846708503229463,-2.60412541522858,2.8993364387087533e-06,1.0849520395811137e-05,4.689316501141219e-06,0.0012528891135474961,6.98991109059702e-05,5.69023569023569e-07,0.0,90.45880609301169,5.437505583979647,0.0,0.0,4.103688323008671,0.0
31,i_soln,103101,-99,8.0,0.0,240.0,-0.000492783605584837,-63.42297352997195,0.0,0.0,0.0,0.0,0.9999999999999971,0.0,0.0,0.0,0.0,0.9999999999999971,0.0,0.0,0.0,0.0,0.0,0.0,0.0,0.0,0.0,0.0,0.0,0.0,0.0,0.0,0.0,0.0,-999.999,-999.999,-999.999,-999.999,-8.0,-3.2157004040477073,-999.999,-999.999,-999.999,-999.999,-999.999,-999.999,-999.999,-999.999,-999.999,-999.999,-999.999,-999.999,-999.999,-999.999,-999.999,-999.999,-999.999,-999.999,-999.999,-6.196071767946686e-05,-999.999,-999.999,0.0,0.0,0.0,0.0,0.0,0.0,0.0,0.0,0.0,0.0,0.0,0.0,0.0,0.0,-999.999,-999.999,-999.999,-999.999,-999.999,-999.999,-999.999,-999.999,31.0,8.0,-99.99,-99.99,0.0,1.0844607508339565e-05,4.787772782720269e-06,0.0012482007298814275,6.984186305390045e-05,5.656565656565657e-07,0.0,0.0,0.0,0.0,0.0,0.0,0.0
31,i_soln,103102,-99,8.0,0.0,240.0,2.9986045440461253,99.90701205807707,0.0,0.0,0.0,0.0,0.0,0.0,0.0,0.999999999999999,0.0,0.0,0.0,0.0,0.0,0.0,0.0,0.0,0.999999999999999,0.0,0.0,0.0,0.0,0.0,0.0,0.0,0.0,0.0,-999.999,-999.999,-999.999,-999.999,-8.0,-3.215706120982619,-999.999,-999.999,-999.999,-999.999,-2.212279423983691,-999.999,-999.999,-999.999,-999.999,-999.999,-999.999,-999.999,-999.999,-999.999,-999.999,-999.999,-999.999,-999.999,-999.999,-999.999,-999.999,-999.999,0.0,0.0,0.0,0.0,0.0,0.0,0.0,0.0,0.0,0.0,0.0,0.0,0.0,0.0,-999.999,-999.999,-999.999,-999.999,-999.999,-999.999,-999.999,43.95804465241585,31.0,8.0,-99.99,-99.99,0.0,1.0844607508339565e-05,4.787772782720269e-06,0.0012482007298814275,6.984186305390045e-05,5.656565656565657e-07,0.0,0.0,0.0,0.0,0.0,0.0,0.0
31,react,31,1,8.169511215433214,-7.598580284246116,240.0,0.2531004021340714,15.38110061210593,1.047616361647703,0.49886493411795557,0.0009977298682359082,0.099772986823591,7.65349399087611e-06,1.9068056454002202e-10,0.09660265709626313,2.738560400903024e-05,0.099772986631661,7.653493990875494e-06,6.177642918931502e-19,1.2372492008422783e-10,6.69556444557942e-11,0.09652366405562386,7.865365014497873e-05,2.738560400903024e-05,0.0,4.700466809441164e-14,3.6581539797548614e-31,5.017646174685827e-12,2.07805522760786e-23,1.4632971840592264e-12,5.379848689466279e-28,6.903535698466439e-15,6.551601533003491e-30,6.679356613897814e-11,-6.217027213466181,-5.5679378034346065,-4.915027646138032,-7.360996474324288,-8.169511215433214,-3.051063527709449,-1.384793940972283,-2.6065704875210187,-14.472937809526334,-22.294190739580333,-68.96606492913783,-16.756430931573664,-16.2808876914845,-17.283328342359212,-95.38575277559124,-9.515719486024793,-12.221909649231458,-23.191956280748855,-22.13294713406097,-9.958265600231567,-23.17230874685213,-12.584059556208869,-25.36302850535887,-5.803278750338428,-11.677232495834627,-10.16543662280538,-21.48770603256109,-6.246233158056931,0.0,0.0,0.0,0.0,0.0019867094042296187,-1.746618641802495e-05,0.00013793777185249062,1.7466184440459093e-05,9.165309570965572e-05,7.331253516220076e-07,0.0,0.0,0.0,0.0,-5.530362956406266,-7.583890137824085,-2.0145149252493653,-1.049190552487893,-4.263256414560601e-14,-8.526512829121202e-13,-3.469499799665277,0.0,31.0,8.169511215433214,-1.384793940972283,-2.6065704875210187,2.9487438192996164e-06,1.0844607508339565e-05,4.787772782720269e-06,0.0012482007298814275,6.984186305390045e-05,5.656565656565657e-07,0.0,89.64080497194841,6.2237853601387245,0.0,0.0,4.135409667912864,0.0
32,i_soln,103201,-99,8.0,0.0,240.0,-0.000492783605584837,-63.42297352997195,0.0,0.0,0.0,0.0,0.9999999999999971,0.0,0.0,0.0,0.0,0.9999999999999971,0.0,0.0,0.0,0.0,0.0,0.0,0.0,0.0,0.0,0.0,0.0,0.0,0.0,0.0,0.0,0.0,-999.999,-999.999,-999.999,-999.999,-8.0,-3.2157004040477073,-999.999,-999.999,-999.999,-999.999,-999.999,-999.999,-999.999,-999.999,-999.999,-999.999,-999.999,-999.999,-999.999,-999.999,-999.999,-999.999,-999.999,-999.999,-999.999,-6.196071767946686e-05,-999.999,-999.999,0.0,0.0,0.0,0.0,0.0,0.0,0.0,0.0,0.0,0.0,0.0,0.0,0.0,0.0,-999.999,-999.999,-999.999,-999.999,-999.999,-999.999,-999.999,-999.999,32.0,8.0,-99.99,-99.99,0.0,1.083938766228858e-05,4.889258252983313e-06,0.0012433680994642156,6.978103834006711e-05,5.622895622895622e-07,0.0,0.0,0.0,0.0,0.0,0.0,0.0
32,i_soln,103202,-99,8.0,0.0,240.0,2.9986045440461253,99.90701205807707,0.0,0.0,0.0,0.0,0.0,0.0,0.0,0.999999999999999,0.0,0.0,0.0,0.0,0.0,0.0,0.0,0.0,0.999999999999999,0.0,0.0,0.0,0.0,0.0,0.0,0.0,0.0,0.0,-999.999,-999.999,-999.999,-999.999,-8.0,-3.215706120982619,-999.999,-999.999,-999.999,-999.999,-2.212279423983691,-999.999,-999.999,-999.999,-999.999,-999.999,-999.999,-999.999,-999.999,-999.999,-999.999,-999.999,-999.999,-999.999,-999.999,-999.999,-999.999,-999.999,0.0,0.0,0.0,0.0,0.0,0.0,0.0,0.0,0.0,0.0,0.0,0.0,0.0,0.0,-999.999,-999.999,-999.999,-999.999,-999.999,-999.999,-999.999,43.95804465241585,32.0,8.0,-99.99,-99.99,0.0,1.083938766228858e-05,4.889258252983313e-06,0.0012433680994642156,6.978103834006711e-05,5.622895622895622e-07,0.0,0.0,0.0,0.0,0.0,0.0,0.0
32,react,32,1,8.171829972335692,-7.601000124996757,240.0,0.2531020538311564,15.381369509250506,1.0475419027643005,0.498829477506812,0.0009976589550136214,0.09976589550136228,7.630220048225855e-06,1.9266114092661578e-10,0.09656097090296813,2.7217697933166075e-05,0.099765895309367,7.630220048225233e-06,6.224755126910635e-19,1.2477779048503815e-10,6.788335044157762e-11,0.09648173170733912,7.890017666989007e-05,2.7217697933166075e-05,0.0,4.6908892367777345e-14,3.63038260033583e-31,5.034345623262245e-12,2.073338421245734e-23,1.4602624186721061e-12,5.33873726262148e-28,6.888882142338074e-15,6.501315014061812e-30,6.77198988710432e-11,-6.215636228297121,-5.569282249867279,-4.917694244197514,-7.363539693729351,-8.171829972335692,-3.048743701380394,-1.384917319626699,-2.6090126230779163,-14.470717997618863,-22.296610580330977,-68.97332445138976,-16.758875569118313,-16.28335712582315,-17.28582257349187,-95.3931114850192,-9.51581950044638,-12.22215640653993,-23.19549860741734,-22.13651425752346,-9.959412882943417,-23.17590066710863,-12.585231635714724,-25.366645222409375,-5.804499818116682,-11.67835498175247,-10.164214485600162,-21.48890373610651,-6.244037779808876,0.0,0.0,0.0,0.0,0.0019692584463184403,-1.7450957911178348e-05,0.00015538872776486032,1.7450955912369704e-05,9.238173435844896e-05,7.286386487932435e-07,0.0,0.0,0.0,0.0,-5.5230333414561095,-7.572795166263967,-2.0145149252489887,-1.050512704114631,-1.4210854715202004e-14,-2.842170943040401e-14,-3.4681776480384743,-1.7763568394002505e-15,32.0,8.171829972335692,-1.384917319626699,-2.6090126230779163,2.9989322775010186e-06,1.083938766228858e-05,4.889258252983313e-06,0.0012433680994642156,6.978103834006711e-05,5.622895622895622e-07,0.0,88.82421148502497,7.0088724226007555,0.0,0.0,4.166916092374274,0.0
33,i_soln,103301,-99,8.0,0.0,240.0,-0.000492783605584837,-63.42297352997195,0.0,0.0,0.0,0.0,0.9999999999999971,0.0,0.0,0.0,0.0,0.9999999999999971,0.0,0.0,0.0,0.0,0.0,0.0,0.0,0.0,0.0,0.0,0.0,0.0,0.0,0.0,0.0,0.0,-999.999,-999.999,-999.999,-999.999,-8.0,-3.2157004040477073,-999.999,-999.999,-999.999,-999.999,-999.999,-999.999,-999.999,-999.999,-999.999,-999.999,-999.999,-999.999,-999.999,-999.999,-999.999,-999.999,-999.999,-999.999,-999.999,-6.196071767946686e-05,-999.999,-999.999,0.0,0.0,0.0,0.0,0.0,0.0,0.0,0.0,0.0,0.0,0.0,0.0,0.0,0.0,-999.999,-999.999,-999.999,-999.999,-999.999,-999.999,-999.999,-999.999,33.0,8.0,-99.99,-99.99,0.0,1.083384167880053e-05,4.993866110494584e-06,0.001238386784279115,6.971641328114965e-05,5.589225589225588e-07,0.0,0.0,0.0,0.0,0.0,0.0,0.0
33,i_soln,103302,-99,8.0,0.0,240.0,2.9986045440461253,99.90701205807707,0.0,0.0,0.0,0.0,0.0,0.0,0.0,0.999999999999999,0.0,0.0,0.0,0.0,0.0,0.0,0.0,0.0,0.999999999999999,0.0,0.0,0.0,0.0,0.0,0.0,0.0,0.0,0.0,-999.999,-999.999,-999.999,-999.999,-8.0,-3.215706120982619,-999.999,-999.999,-999.999,-999.999,-2.212279423983691,-999.999,-999.999,-999.999,-999.999,-999.999,-999.999,-999.999,-999.999,-999.999,-999.999,-999.999,-999.999,-999.999,-999.999,-999.999,-999.999,-999.999,0.0,0.0,0.0,0.0,0.0,0.0,0.0,0.0,0.0,0.0,0.0,0.0,0.0,0.0,-999.999,-999.999,-999.999,-999.999,-999.999,-999.999,-999.999,43.95804465241585,33.0,8.0,-99.99,-99.99,0.0,1.083384167880053e-05,4.993866110494584e-06,0.001238386784279115,6.971641328114965e-05,5.589225589225588e-07,0.0,0.0,0.0,0.0,0.0,0.0,0.0
33,react,33,1,8.174145312128962,-7.603417481124359,240.0,0.2531036954637729,15.381638256573352,1.0474675280295136,0.49879406096643747,0.0009975881219328724,0.09975881219328755,7.607040600651774e-06,1.9466267329604772e-10,0.09651932969354983,2.7050941377942656e-05,0.09975881200122604,7.6070406006511465e-06,6.272156347710815e-19,1.2584004487779238e-10,6.882262841825533e-11,0.09643984560285965,7.914544471667158e-05,2.7050941377942656e-05,0.0,4.681364246180867e-14,3.602868128766446e-31,5.051096511031614e-12,2.068642486634695e-23,1.4572443234090126e-12,5.298008098910935e-28,6.874309078048155e-15,6.451497752455913e-30,6.865779374296e-11,-6.2142564066067205,-5.5706254077961574,-4.920358917701421,-7.366080708545105,-8.174145312128962,-3.0464272937721373,-1.3850409783148594,-2.611451621559347,-14.468502538529954,-22.29902793645858,-68.98057651977255,-16.76131769250181,-16.28582401646255,-17.28831423138716,-95.40046262242556,-9.515920448965725,-12.222403723916269,-23.19903657135339,-22.140076988715407,-9.960558258007758,-23.17948816555647,-12.586401778034963,-25.37025748811311,-5.8057193173573935,-11.67947558956092,-10.162993918544457,-21.49010052517841,-6.24184609870376,0.0,0.0,0.0,0.0,0.001951823667363364,-1.7434778955076205e-05,0.00017282350469985315,1.7434776934992832e-05,9.310587953207777e-05,7.241451736288032e-07,0.0,0.0,0.0,0.0,-5.5157131425668755,-7.561713385503275,-2.0145149252489816,-1.0518342196896882,-1.4210854715202004e-14,-2.842170943040401e-14,-3.4668561324634233,0.0,33.0,8.174145312128962,-1.3850409783148594,-2.611451621559347,3.0499088308819496e-06,1.083384167880053e-05,4.993866110494584e-06,0.001238386784279115,6.971641328114965e-05,5.589225589225588e-07,0.0,88.0090624138409,7.792729879259374,0.0,0.0,4.198207706899736,0.0
34,i_soln,103401,-99,8.0,0.0,240.0,-0.000492783605584837,-63.42297352997195,0.0,0.0,0.0,0.0,0.9999999999999971,0.0,0.0,0.0,0.0,0.9999999999999971,0.0,0.0,0.0,0.0,0.0,0.0,0.0,0.0,0.0,0.0,0.0,0.0,0.0,0.0,0.0,0.0,-999.999,-999.999,-999.999,-999.999,-8.0,-3.2157004040477073,-999.999,-999.999,-999.999,-999.999,-999.999,-999.999,-999.999,-999.999,-999.999,-999.999,-999.999,-999.999,-999.999,-999.999,-999.999,-999.999,-999.999,-999.999,-999.999,-6.196071767946686e-05,-999.999,-999.999,0.0,0.0,0.0,0.0,0.0,0.0,0.0,0.0,0.0,0.0,0.0,0.0,0.0,0.0,-999.999,-999.999,-999.999,-999.999,-999.999,-999.999,-999.999,-999.999,34.0,8.0,-99.99,-99.99,0.0,1.0827949180717389e-05,5.101692421243655e-06,0.0012332522097656293,6.964775043052728e-05,5.555555555555555e-07,0.0,0.0,0.0,0.0,0.0,0.0,0.0
34,i_soln,103402,-99,8.0,0.0,240.0,2.9986045440461253,99.90701205807707,0.0,0.0,0.0,0.0,0.0,0.0,0.0,0.999999999999999,0.0,0.0,0.0,0.0,0.0,0.0,0.0,0.0,0.999999999999999,0.0,0.0,0.0,0.0,0.0,0.0,0.0,0.0,0.0,-999.999,-999.999,-999.999,-999.999,-8.0,-3.215706120982619,-999.999,-999.999,-999.999,-999.999,-2.212279423983691,-999.999,-999.999,-999.999,-999.999,-999.999,-999.999,-999.999,-999.999,-999.999,-999.999,-999.999,-999.999,-999.999,-999.999,-999.999,-999.999,-999.999,0.0,0.0,0.0,0.0,0.0,0.0,0.0,0.0,0.0,0.0,0.0,0.0,0.0,0.0,-999.999,-999.999,-999.999,-999.999,-999.999,-999.999,-999.999,43.95804465241585,34.0,8.0,-99.99,-99.99,0.0,1.0827949180717389e-05,5.101692421243655e-06,0.0012332522097656293,6.964775043052728e-05,5.555555555555555e-07,0.0,0.0,0.0,0.0,0.0,0.0,0.0
34,react,34,1,8.176457035273748,-7.605832121945894,240.0,0.25310532703391914,15.381906841870537,1.0473932416747378,0.49875868651178235,0.0009975173730235613,0.09975173730235658,7.583957155598052e-06,1.9668517903905855e-10,0.09647773585713859,2.6885341173822993e-05,0.09975173711022786,7.58395715559742e-06,6.319843813534609e-19,1.269116579240185e-10,6.977352111504006e-11,0.09639800813683991,7.938944869211959e-05,2.6885341173822993e-05,0.0,4.671892205539502e-14,3.5756102841662167e-31,5.067897306991202e-12,2.0639677475148933e-23,1.4542430133832562e-12,5.257660734853753e-28,6.8598170529623e-15,6.402149139866092e-30,6.960729355012454e-11,-6.212887690517389,-5.571967164699302,-4.92302141896397,-7.3686192795871435,-8.176457035273748,-3.0441145044825926,-1.3851649085353648,-2.613887274924636,-14.466291600772397,-22.301442577280113,-68.98782044223717,-16.76375706963951,-16.288288129916417,-17.290803081157197,-95.40780549015484,-9.516022300497713,-12.22265158435728,-23.20256984495324,-22.14363499863142,-9.96170162710224,-23.18307091178865,-12.58756988344561,-25.373864970661458,-5.806937144040042,-11.680594222339233,-10.16177502571706,-21.491296273172544,-6.239658305779488,0.0,0.0,0.0,0.0,0.0019344060771886173,-1.7417590174746787e-05,0.00019024109283322067,1.7417588133367514e-05,9.382552421216907e-05,7.196446800912976e-07,0.0,0.0,0.0,0.0,-5.508402984036751,-7.5506457631037165,-2.0145149252489816,-1.0531549640490638,-1.4210854715202004e-14,-2.842170943040401e-14,-3.465535388104035,0.0,34.0,8.176457035273748,-1.3851649085353648,-2.613887274924636,3.101680187764432e-06,1.0827949180717389e-05,5.101692421243655e-06,0.0012332522097656293,6.964775043052728e-05,5.555555555555555e-07,0.0,87.1953971854735,8.575318205523688,0.0,0.0,4.229284609002821,0.0
35,i_soln,103501,-99,8.0,0.0,240.0,-0.000492783605584837,-63.42297352997195,0.0,0.0,0.0,0.0,0.9999999999999971,0.0,0.0,0.0,0.0,0.9999999999999971,0.0,0.0,0.0,0.0,0.0,0.0,0.0,0.0,0.0,0.0,0.0,0.0,0.0,0.0,0.0,0.0,-999.999,-999.999,-999.999,-999.999,-8.0,-3.2157004040477073,-999.999,-999.999,-999.999,-999.999,-999.999,-999.999,-999.999,-999.999,-999.999,-999.999,-999.999,-999.999,-999.999,-999.999,-999.999,-999.999,-999.999,-999.999,-999.999,-6.196071767946686e-05,-999.999,-999.999,0.0,0.0,0.0,0.0,0.0,0.0,0.0,0.0,0.0,0.0,0.0,0.0,0.0,0.0,-999.999,-999.999,-999.999,-999.999,-999.999,-999.999,-999.999,-999.999,35.0,8.0,-99.99,-99.99,0.0,1.0821688517710612e-05,5.212836206867048e-06,0.0012279596606184899,6.957479750584817e-05,5.521885521885521e-07,0.0,0.0,0.0,0.0,0.0,0.0,0.0
35,i_soln,103502,-99,8.0,0.0,240.0,2.9986045440461253,99.90701205807707,0.0,0.0,0.0,0.0,0.0,0.0,0.0,0.999999999999999,0.0,0.0,0.0,0.0,0.0,0.0,0.0,0.0,0.999999999999999,0.0,0.0,0.0,0.0,0.0,0.0,0.0,0.0,0.0,-999.999,-999.999,-999.999,-999.999,-8.0,-3.215706120982619,-999.999,-999.999,-999.999,-999.999,-2.212279423983691,-999.999,-999.999,-999.999,-999.999,-999.999,-999.999,-999.999,-999.999,-999.999,-999.999,-999.999,-999.999,-999.999,-999.999,-999.999,-999.999,-999.999,0.0,0.0,0.0,0.0,0.0,0.0,0.0,0.0,0.0,0.0,0.0,0.0,0.0,0.0,-999.999,-999.999,-999.999,-999.999,-999.999,-999.999,-999.999,43.95804465241585,35.0,8.0,-99.99,-99.99,0.0,1.0821688517710612e-05,5.212836206867048e-06,0.0012279596606184899,6.957479750584817e-05,5.521885521885521e-07,0.0,0.0,0.0,0.0,0.0,0.0,0.0
35,react,35,1,8.178764934623588,-7.608243808524792,240.0,0.2531069485437014,15.38217525215829,1.0473190481953976,0.4987233562835249,0.0009974467125670467,0.09974467125670519,7.560971278276484e-06,1.987286617474643e-10,0.0964361919319224,2.672090442099941e-05,0.09974467106450835,7.560971278275847e-06,6.3678144782278465e-19,1.2799259718452012e-10,7.07360645629442e-11,0.0963562218531341,7.963218285930181e-05,2.672090442099941e-05,0.0,4.6624735047736845e-14,3.548608830759544e-31,5.084746396358139e-12,2.059314538642962e-23,1.4512586107115016e-12,5.217694773994572e-28,6.845406648414467e-15,6.353268650191148e-30,7.056843439836948e-11,-6.211530024040325,-5.573307403408166,-4.925681490921449,-7.371155158855331,-8.178764934623588,-3.041805540720509,-1.3852891012246435,-2.616319366963751,-14.464085359827132,-22.303854263859012,-68.99505550197385,-16.766193460105832,-16.290749224270158,-17.29328887939836,-95.41513936544122,-9.51612502331453,-12.222899969735773,-23.206098088749826,-22.147187946315434,-9.962842888207357,-23.186648563360087,-12.588735848438146,-25.377467326120314,-5.808153190059613,-11.681710779556926,-10.16055791528525,-21.49249084931963,-6.237474599118933,0.0,0.0,0.0,0.0,0.0019170067487032205,-1.7399328485396843e-05,0.0002076404192559356,1.7399326422714922e-05,9.454066111260929e-05,7.151369004402256e-07,0.0,0.0,0.0,0.0,-5.501103514682612,-7.539593304049587,-2.0145149252489745,-1.0544747972976793,1.4210854715202004e-14,0.0,-3.46421555485541,-1.7763568394002505e-15,35.0,8.178764934623588,-1.3852891012246435,-2.616319366963751,3.1542527133287397e-06,1.0821688517710612e-05,5.212836206867048e-06,0.0012279596606184899,6.957479750584817e-05,5.521885521885521e-07,0.0,86.38325803657007,9.3565950811287,0.0,0.0,4.260146882301235,0.0
36,i_soln,103601,-99,8.0,0.0,240.0,-0.000492783605584837,-63.42297352997195,0.0,0.0,0.0,0.0,0.9999999999999971,0.0,0.0,0.0,0.0,0.9999999999999971,0.0,0.0,0.0,0.0,0.0,0.0,0.0,0.0,0.0,0.0,0.0,0.0,0.0,0.0,0.0,0.0,-999.999,-999.999,-999.999,-999.999,-8.0,-3.2157004040477073,-999.999,-999.999,-999.999,-999.999,-999.999,-999.999,-999.999,-999.999,-999.999,-999.999,-999.999,-999.999,-999.999,-999.999,-999.999,-999.999,-999.999,-999.999,-999.999,-6.196071767946686e-05,-999.999,-999.999,0.0,0.0,0.0,0.0,0.0,0.0,0.0,0.0,0.0,0.0,0.0,0.0,0.0,0.0,-999.999,-999.999,-999.999,-999.999,-999.999,-999.999,-999.999,-999.999,36.0,8.0,-99.99,-99.99,0.0,1.0815036686733093e-05,5.327399535584158e-06,0.001222504276457384,6.949728646208875e-05,5.488215488215488e-07,0.0,0.0,0.0,0.0,0.0,0.0,0.0
36,i_soln,103602,-99,8.0,0.0,240.0,2.9986045440461253,99.90701205807707,0.0,0.0,0.0,0.0,0.0,0.0,0.0,0.999999999999999,0.0,0.0,0.0,0.0,0.0,0.0,0.0,0.0,0.999999999999999,0.0,0.0,0.0,0.0,0.0,0.0,0.0,0.0,0.0,-999.999,-999.999,-999.999,-999.999,-8.0,-3.215706120982619,-999.999,-999.999,-999.999,-999.999,-2.212279423983691,-999.999,-999.999,-999.999,-999.999,-999.999,-999.999,-999.999,-999.999,-999.999,-999.999,-999.999,-999.999,-999.999,-999.999,-999.999,-999.999,-999.999,0.0,0.0,0.0,0.0,0.0,0.0,0.0,0.0,0.0,0.0,0.0,0.0,0.0,0.0,-999.999,-999.999,-999.999,-999.999,-999.999,-999.999,-999.999,43.95804465241585,36.0,8.0,-99.99,-99.99,0.0,1.0815036686733093e-05,5.327399535584158e-06,0.001222504276457384,6.949728646208875e-05,5.488215488215488e-07,0.0,0.0,0.0,0.0,0.0,0.0,0.0
36,react,36,1,8.181068794958652,-7.610652293151359,240.0,0.253108559995369,15.382443473628605,1.0472449523674123,0.4986880725559131,0.0009973761451118222,0.09973761451118271,7.538084595524368e-06,2.007931101537251e-10,0.09639470061441514,2.6557638513681395e-05,0.09973761431891684,7.538084595523726e-06,6.416064999905932e-19,1.2908282261611844e-10,7.171028753760667e-11,0.09631448945406881,7.98736413329228e-05,2.6557638513681395e-05,0.0,4.6531085570503e-14,3.5218635812048693e-31,5.101642075423811e-12,2.0546832065473184e-23,1.4482912449007962e-12,5.178109891814806e-28,6.8310784815878524e-15,6.304855845540327e-30,7.154124514735428e-11,-6.210183353081661,-5.57464600182353,-4.928338866545139,-7.373688088980472,-8.181068794958652,-3.039500617771894,-1.3854135467232191,-2.618747672797383,-14.46188399855647,-22.30626274848558,-69.00228095585356,-16.768626614609197,-16.293207048650327,-17.295771373655324,-95.42246349882811,-9.516228584992483,-12.223148860732946,-23.209620950671436,-22.150735478113845,-9.963981935379197,-23.190220765035296,-12.589899565486787,-25.38106419767232,-5.809367342976415,-11.682825156851969,-10.159342699754877,-21.49368411841583,-6.235295184282437,0.0,0.0,0.0,0.0,0.001899626821842605,-1.7379926860615477e-05,0.0002250203440325751,1.73799247766395e-05,9.525128265535786e-05,7.106215427485688e-07,0.0,0.0,0.0,0.0,-5.49381540934105,-7.528557053052507,-2.0145149252489603,-1.055793574506005,0.0,2.842170943040401e-14,-3.4628967776470843,-1.7763568394002505e-15,36.0,8.181068794958652,-1.3854135467232191,-2.618747672797383,3.207632393086813e-06,1.0815036686733093e-05,5.327399535584158e-06,0.001222504276457384,6.949728646208875e-05,5.488215488215488e-07,0.0,85.5726901877004,10.13651521678964,0.0,0.0,4.290794595509964,0.0
37,i_soln,103701,-99,8.0,0.0,240.0,-0.000492783605584837,-63.42297352997195,0.0,0.0,0.0,0.0,0.9999999999999971,0.0,0.0,0.0,0.0,0.9999999999999971,0.0,0.0,0.0,0.0,0.0,0.0,0.0,0.0,0.0,0.0,0.0,0.0,0.0,0.0,0.0,0.0,-999.999,-999.999,-999.999,-999.999,-8.0,-3.2157004040477073,-999.999,-999.999,-999.999,-999.999,-999.999,-999.999,-999.999,-999.999,-999.999,-999.999,-999.999,-999.999,-999.999,-999.999,-999.999,-999.999,-999.999,-999.999,-999.999,-6.196071767946686e-05,-999.999,-999.999,0.0,0.0,0.0,0.0,0.0,0.0,0.0,0.0,0.0,0.0,0.0,0.0,0.0,0.0,-999.999,-999.999,-999.999,-999.999,-999.999,-999.999,-999.999,-999.999,37.0,8.0,-99.99,-99.99,0.0,1.0807969247500924e-05,5.445487615930968e-06,0.0012168810473634551,6.941493250669766e-05,5.454545454545454e-07,0.0,0.0,0.0,0.0,0.0,0.0,0.0
37,i_soln,103702,-99,8.0,0.0,240.0,2.9986045440461253,99.90701205807707,0.0,0.0,0.0,0.0,0.0,0.0,0.0,0.999999999999999,0.0,0.0,0.0,0.0,0.0,0.0,0.0,0.0,0.999999999999999,0.0,0.0,0.0,0.0,0.0,0.0,0.0,0.0,0.0,-999.999,-999.999,-999.999,-999.999,-8.0,-3.215706120982619,-999.999,-999.999,-999.999,-999.999,-2.212279423983691,-999.999,-999.999,-999.999,-999.999,-999.999,-999.999,-999.999,-999.999,-999.999,-999.999,-999.999,-999.999,-999.999,-999.999,-999.999,-999.999,-999.999,0.0,0.0,0.0,0.0,0.0,0.0,0.0,0.0,0.0,0.0,0.0,0.0,0.0,0.0,-999.999,-999.999,-999.999,-999.999,-999.999,-999.999,-999.999,43.95804465241585,37.0,8.0,-99.99,-99.99,0.0,1.0807969247500924e-05,5.445487615930968e-06,0.0012168810473634551,6.941493250669766e-05,5.454545454545454e-07,0.0,0.0,0.0,0.0,0.0,0.0,0.0
37,react,37,1,8.183368392493021,-7.6130573188178765,240.0,0.25311016139130427,15.382711491598522,1.047170959264692,0.498652837745094,0.0009973056754901846,0.099730567549019,7.515298799871266e-06,2.028784970068059e-10,0.09635326476934594,2.6395551164067247e-05,0.09973056735668324,7.51529879987062e-06,6.464591722139845e-19,1.3018228604285294e-10,7.269621096395294e-11,0.09627281381037263,8.01138180390825e-05,2.6395551164067247e-05,0.0,4.643797800319914e-14,3.495374400058732e-31,5.118582546379005e-12,2.050074110321896e-23,1.445341053336137e-12,5.1389058408418455e-28,6.8168332078730994e-15,6.2569103824678424e-30,7.252574681582417e-11,-6.2088476256423935,-5.575982832614957,-4.930993268243969,-7.376217802663149,-8.183368392493021,-3.037199959492969,-1.385538234739367,-2.621171958347908,-14.459687707665132,-22.308667774152095,-69.00949603285312,-16.771056274461348,-16.295661342688106,-17.29825030187874,-95.42977711257022,-9.516332952380072,-12.223398236765203,-23.213138065282703,-22.15427722691074,-9.965118658509576,-23.193787148017822,-12.591060922802798,-25.384655214840485,-5.810579485751688,-11.683937245796715,-10.158129496235066,-21.494875940562533,-6.23312027476422,0.0,0.0,0.0,0.0,0.001882267507756495,-1.735931408610998e-05,0.00024237965601343894,1.7359311980863853e-05,9.595738094659095e-05,7.06098291233093e-07,0.0,0.0,0.0,0.0,-5.486539370455823,-7.517538096964801,-2.0145149252489745,-1.0571111454134225,0.0,-2.842170943040401e-14,-3.461579206739681,0.0,37.0,8.183368392493021,-1.385538234739367,-2.621171958347908,3.2618247936462475e-06,1.0807969247500924e-05,5.445487615930968e-06,0.0012168810473634551,6.941493250669766e-05,5.454545454545454e-07,0.0,84.76374202849247,10.915030170055799,0.0,0.0,4.321227801451723,0.0
38,i_soln,103801,-99,8.0,0.0,240.0,-0.000492783605584837,-63.42297352997195,0.0,0.0,0.0,0.0,0.9999999999999971,0.0,0.0,0.0,0.0,0.9999999999999971,0.0,0.0,0.0,0.0,0.0,0.0,0.0,0.0,0.0,0.0,0.0,0.0,0.0,0.0,0.0,0.0,-999.999,-999.999,-999.999,-999.999,-8.0,-3.2157004040477073,-999.999,-999.999,-999.999,-999.999,-999.999,-999.999,-999.999,-999.999,-999.999,-999.999,-999.999,-999.999,-999.999,-999.999,-999.999,-999.999,-999.999,-999.999,-999.999,-6.196071767946686e-05,-999.999,-999.999,0.0,0.0,0.0,0.0,0.0,0.0,0.0,0.0,0.0,0.0,0.0,0.0,0.0,0.0,-999.999,-999.999,-999.999,-999.999,-999.999,-999.999,-999.999,-999.999,38.0,8.0,-99.99,-99.99,0.0,1.0800460232694438e-05,5.567208893377692e-06,0.0012110848092784733,6.932743305320545e-05,5.42087542087542e-07,0.0,0.0,0.0,0.0,0.0,0.0,0.0
38,i_soln,103802,-99,8.0,0.0,240.0,2.9986045440461253,99.90701205807707,0.0,0.0,0.0,0.0,0.0,0.0,0.0,0.999999999999999,0.0,0.0,0.0,0.0,0.0,0.0,0.0,0.0,0.999999999999999,0.0,0.0,0.0,0.0,0.0,0.0,0.0,0.0,0.0,-999.999,-999.999,-999.999,-999.999,-8.0,-3.215706120982619,-999.999,-999.999,-999.999,-999.999,-2.212279423983691,-999.999,-999.999,-999.999,-999.999,-999.999,-999.999,-999.999,-999.999,-999.999,-999.999,-999.999,-999.999,-999.999,-999.999,-999.999,-999.999,-999.999,0.0,0.0,0.0,0.0,0.0,0.0,0.0,0.0,0.0,0.0,0.0,0.0,0.0,0.0,-999.999,-999.999,-999.999,-999.999,-999.999,-999.999,-999.999,43.95804465241585,38.0,8.0,-99.99,-99.99,0.0,1.0800460232694438e-05,5.567208893377692e-06,0.0012110848092784733,6.932743305320545e-05,5.42087542087542e-07,0.0,0.0,0.0,0.0,0.0,0.0,0.0
38,react,38,1,8.185663494346064,-7.615458618608156,240.0,0.25311175273404485,15.38297929045915,1.047097074277722,0.49861765441796563,0.0009972353088359273,0.09972353088359316,7.492615653894046e-06,2.0498477785239156e-10,0.09631188744013547,2.6234650430801087e-05,0.09972353069118667,7.4926156538933944e-06,6.513390654514252e-19,1.312909305753612e-10,7.369384727703037e-11,0.09623119797162578,8.03527067416781e-05,2.6234650430801087e-05,0.0,4.6345416984713e-14,3.4691412074832684e-31,5.135565911225644e-12,2.045487622482067e-23,1.4424081816495154e-12,5.100082456117617e-28,6.8026715226710454e-15,6.2094320186440954e-30,7.352195194308643e-11,-6.207522791655425,-5.577317762898971,-4.933644407177596,-7.378744022025096,-8.185663494346064,-3.034903798839049,-1.3856631543110478,-2.623591979772634,-14.457496686147575,-22.311069073942377,-69.01669993222396,-16.773482170960705,-16.298111835896542,-17.300725391796256,-95.43707939877737,-9.516438091516433,-12.223648075908606,-23.216649052922733,-22.157812811259852,-9.96625294306841,-23.197347329076017,-12.592219804070714,-25.388239992607758,-5.811789496464037,-11.685046933646468,-10.156918426721822,-21.49606617083957,-6.230950092482855,0.0,0.0,0.0,0.0,0.00186493009325846,-1.7337414498034935e-05,0.00025971706838499967,1.7337412371560727e-05,9.665894774835615e-05,7.015668017651964e-07,0.0,0.0,0.0,0.0,-5.479276129778979,-7.506537567412732,-2.014514925248953,-1.058427354062978,4.263256414560601e-14,5.684341886080802e-14,-3.4602629980900765,0.0,38.0,8.185663494346064,-1.3856631543110478,-2.623591979772634,3.3168350204110784e-06,1.0800460232694438e-05,5.567208893377692e-06,0.0012110848092784733,6.932743305320545e-05,5.42087542087542e-07,0.0,83.95646531441224,11.69208814971067,0.0,0.0,4.3514465358770815,0.0
39,i_soln,103901,-99,8.0,0.0,240.0,-0.000492783605584837,-63.42297352997195,0.0,0.0,0.0,0.0,0.9999999999999971,0.0,0.0,0.0,0.0,0.9999999999999971,0.0,0.0,0.0,0.0,0.0,0.0,0.0,0.0,0.0,0.0,0.0,0.0,0.0,0.0,0.0,0.0,-999.999,-999.999,-999.999,-999.999,-8.0,-3.2157004040477073,-999.999,-999.999,-999.999,-999.999,-999.999,-999.999,-999.999,-999.999,-999.999,-999.999,-999.999,-999.999,-999.999,-999.999,-999.999,-999.999,-999.999,-999.999,-999.999,-6.196071767946686e-05,-999.999,-999.999,0.0,0.0,0.0,0.0,0.0,0.0,0.0,0.0,0.0,0.0,0.0,0.0,0.0,0.0,-999.999,-999.999,-999.999,-999.999,-999.999,-999.999,-999.999,-999.999,39.0,8.0,-99.99,-99.99,0.0,1.0792482052548602e-05,5.6926751499189826e-06,0.001205110239262454,6.92344666094557e-05,5.387205387205386e-07,0.0,0.0,0.0,0.0,0.0,0.0,0.0
39,i_soln,103902,-99,8.0,0.0,240.0,2.9986045440461253,99.90701205807707,0.0,0.0,0.0,0.0,0.0,0.0,0.0,0.999999999999999,0.0,0.0,0.0,0.0,0.0,0.0,0.0,0.0,0.999999999999999,0.0,0.0,0.0,0.0,0.0,0.0,0.0,0.0,0.0,-999.999,-999.999,-999.999,-999.999,-8.0,-3.215706120982619,-999.999,-999.999,-999.999,-999.999,-2.212279423983691,-999.999,-999.999,-999.999,-999.999,-999.999,-999.999,-999.999,-999.999,-999.999,-999.999,-999.999,-999.999,-999.999,-999.999,-999.999,-999.999,-999.999,0.0,0.0,0.0,0.0,0.0,0.0,0.0,0.0,0.0,0.0,0.0,0.0,0.0,0.0,-999.999,-999.999,-999.999,-999.999,-999.999,-999.999,-999.999,43.95804465241585,39.0,8.0,-99.99,-99.99,0.0,1.0792482052548602e-05,5.6926751499189826e-06,0.001205110239262454,6.92344666094557e-05,5.387205387205386e-07,0.0,0.0,0.0,0.0,0.0,0.0,0.0
39,react,39,1,8.187953857984281,-7.61785591509039,240.0,0.2531133340262895,15.38324685361951,1.047023303133307,0.49858252530157776,0.0009971650506031525,0.09971650506031572,7.470036994801161e-06,2.0711188974296824e-10,0.09627057186004147,2.6074944746452017e-05,0.09971650486783767,7.470036994800504e-06,6.562457451435156e-19,1.3240869000366117e-10,7.470319973930706e-11,0.09618964517743214,8.059030101584436e-05,2.6074944746452017e-05,0.0,4.625340742938007e-14,3.4431639830976024e-31,5.152590165754753e-12,2.040924129861084e-23,1.4394927842303157e-12,5.061639660879094e-28,6.7885941638662785e-15,6.16242061978623e-30,7.452986390699078e-11,-6.206208803111886,-5.578650653898975,-4.936291982567666,-7.381266457961246,-8.187953857984281,-3.0326123784229906,-1.3857882937649626,-2.6260074828647646,-14.455311141797688,-22.313466370424607,-69.02389182167065,-16.775904024778683,-16.300558247050272,-17.30319636028573,-95.44436951756704,-9.516543967582606,-12.223898354816404,-23.220153518832877,-22.16134183450574,-9.967384669832065,-23.200900909657655,-12.593376088170114,-25.391818130525138,-5.81299724801012,-11.686154103074376,-10.155709618397925,-21.497254658997907,-6.228784868298546,0.0,0.0,0.0,0.0,0.0018476159455534647,-1.7314147704995415e-05,0.00027703121394235294,1.731414555735327e-05,9.73559744512067e-05,6.970267028505532e-07,0.0,0.0,0.0,0.0,-5.4720264501691105,-7.4955566435428285,-2.0145149252489887,-1.059742038453102,-2.842170943040401e-14,-8.526512829121202e-14,-3.458948313700003,1.7763568394002505e-15,39.0,8.187953857984281,-1.3857882937649626,-2.6260074828647646,3.3726676721738268e-06,1.0792482052548602e-05,5.6926751499189826e-06,0.001205110239262454,6.92344666094557e-05,5.387205387205386e-07,0.0,83.15091537568978,12.467633807979938,0.0,0.0,4.3814508163302985,0.0
40,i_soln,104001,-99,8.0,0.0,240.0,-0.000492783605584837,-63.42297352997195,0.0,0.0,0.0,0.0,0.9999999999999971,0.0,0.0,0.0,0.0,0.9999999999999971,0.0,0.0,0.0,0.0,0.0,0.0,0.0,0.0,0.0,0.0,0.0,0.0,0.0,0.0,0.0,0.0,-999.999,-999.999,-999.999,-999.999,-8.0,-3.2157004040477073,-999.999,-999.999,-999.999,-999.999,-999.999,-999.999,-999.999,-999.999,-999.999,-999.999,-999.999,-999.999,-999.999,-999.999,-999.999,-999.999,-999.999,-999.999,-999.999,-6.196071767946686e-05,-999.999,-999.999,0.0,0.0,0.0,0.0,0.0,0.0,0.0,0.0,0.0,0.0,0.0,0.0,0.0,0.0,-999.999,-999.999,-999.999,-999.999,-999.999,-999.999,-999.999,-999.999,40.0,8.0,-99.99,-99.99,0.0,1.0784005393482167e-05,5.822001606728274e-06,0.001198951850605369,6.913569159637242e-05,5.353535353535352e-07,0.0,0.0,0.0,0.0,0.0,0.0,0.0
40,i_soln,104002,-99,8.0,0.0,240.0,2.9986045440461253,99.90701205807707,0.0,0.0,0.0,0.0,0.0,0.0,0.0,0.999999999999999,0.0,0.0,0.0,0.0,0.0,0.0,0.0,0.0,0.999999999999999,0.0,0.0,0.0,0.0,0.0,0.0,0.0,0.0,0.0,-999.999,-999.999,-999.999,-999.999,-8.0,-3.215706120982619,-999.999,-999.999,-999.999,-999.999,-2.212279423983691,-999.999,-999.999,-999.999,-999.999,-999.999,-999.999,-999.999,-999.999,-999.999,-999.999,-999.999,-999.999,-999.999,-999.999,-999.999,-999.999,-999.999,0.0,0.0,0.0,0.0,0.0,0.0,0.0,0.0,0.0,0.0,0.0,0.0,0.0,0.0,-999.999,-999.999,-999.999,-999.999,-999.999,-999.999,-999.999,43.95804465241585,40.0,8.0,-99.99,-99.99,0.0,1.0784005393482167e-05,5.822001606728274e-06,0.001198951850605369,6.913569159637242e-05,5.353535353535352e-07,0.0,0.0,0.0,0.0,0.0,0.0,0.0
40,react,40,1,8.190239230628748,-7.6202489196737835,240.0,0.2531149052708985,15.38351416344639,1.0469496519155446,0.49854745329311967,0.000997094906586236,0.0997094906586242,7.4475647393046885e-06,2.0925974986035e-10,0.0962293214640069,2.5916442946459253e-05,0.09970949046607383,7.447564739304027e-06,6.611787389545482e-19,1.3353548814989926e-10,7.572426171045074e-11,0.09614815886929715,8.082659421794616e-05,2.5916442946459253e-05,0.0,4.616195454415455e-14,3.417442770027053e-31,5.169653193161137e-12,2.0363840345602208e-23,1.4365950247707206e-12,5.0235774725302295e-28,6.774601914469134e-15,6.1158761669437324e-30,7.554947619443419e-11,-6.204905614204778,-5.579981360583169,-4.938935680966999,-7.383784809452614,-8.190239230628748,-3.0303259511080167,-1.3859136406729344,-2.628418202417201,-14.453131291751138,-22.315859375008003,-69.03107083542083,-16.778321545309357,-16.30300028352822,-17.305662912710957,-95.45164659510634,-9.516650544851029,-12.224149048632388,-23.223651052231798,-22.16486388385194,-9.968513714594868,-23.204447474951127,-12.594529648880195,-25.39538921176589,-5.814202607786335,-11.687258631889904,-10.1545032039512,-21.498441249134576,-6.22662484256205,0.0,0.0,0.0,0.0,0.0018303265172607977,-1.7289428292666933e-05,0.00029432064006629043,1.728942612393749e-05,9.80484520453885e-05,6.924775941817991e-07,0.0,0.0,0.0,0.0,-5.4647911275003,-7.484596554935948,-2.0145149252489816,-1.061055030168255,0.0,-5.684341886080802e-14,-3.45763532198486,0.0,40.0,8.190239230628748,-1.3859136406729344,-2.628418202417201,3.429326792327957e-06,1.0784005393482167e-05,5.822001606728274e-06,0.001198951850605369,6.913569159637242e-05,5.353535353535352e-07,0.0,82.34715133924907,13.241608019794693,0.0,0.0,4.411240640956233,0.0
41,i_soln,104101,-99,8.0,0.0,240.0,-0.000492783605584837,-63.42297352997195,0.0,0.0,0.0,0.0,0.9999999999999971,0.0,0.0,0.0,0.0,0.9999999999999971,0.0,0.0,0.0,0.0,0.0,0.0,0.0,0.0,0.0,0.0,0.0,0.0,0.0,0.0,0.0,0.0,-999.999,-999.999,-999.999,-999.999,-8.0,-3.2157004040477073,-999.999,-999.999,-999.999,-999.999,-999.999,-999.999,-999.999,-999.999,-999.999,-999.999,-999.999,-999.999,-999.999,-999.999,-999.999,-999.999,-999.999,-999.999,-999.999,-6.196071767946686e-05,-999.999,-999.999,0.0,0.0,0.0,0.0,0.0,0.0,0.0,0.0,0.0,0.0,0.0,0.0,0.0,0.0,-999.999,-999.999,-999.999,-999.999,-999.999,-999.999,-999.999,-999.999,41.0,8.0,-99.99,-99.99,0.0,1.0774999110393142e-05,5.955307029970431e-06,0.001192603987788459,6.903074509292363e-05,5.31986531986532e-07,0.0,0.0,0.0,0.0,0.0,0.0,0.0
41,i_soln,104102,-99,8.0,0.0,240.0,2.9986045440461253,99.90701205807707,0.0,0.0,0.0,0.0,0.0,0.0,0.0,0.999999999999999,0.0,0.0,0.0,0.0,0.0,0.0,0.0,0.0,0.999999999999999,0.0,0.0,0.0,0.0,0.0,0.0,0.0,0.0,0.0,-999.999,-999.999,-999.999,-999.999,-8.0,-3.215706120982619,-999.999,-999.999,-999.999,-999.999,-2.212279423983691,-999.999,-999.999,-999.999,-999.999,-999.999,-999.999,-999.999,-999.999,-999.999,-999.999,-999.999,-999.999,-999.999,-999.999,-999.999,-999.999,-999.999,0.0,0.0,0.0,0.0,0.0,0.0,0.0,0.0,0.0,0.0,0.0,0.0,0.0,0.0,-999.999,-999.999,-999.999,-999.999,-999.999,-999.999,-999.999,43.95804465241585,41.0,8.0,-99.99,-99.99,0.0,1.0774999110393142e-05,5.955307029970431e-06,0.001192603987788459,6.903074509292363e-05,5.31986531986532e-07,0.0,0.0,0.0,0.0,0.0,0.0,0.0
41,react,41,1,8.192519348623124,-7.622637331901886,240.0,0.2531164664709112,15.38378120120189,1.0468761270881144,0.498512441470534,0.0009970248829410644,0.09970248829410719,7.425200888791323e-06,2.114282540353147e-10,0.09618813990122843,2.5759154301013544e-05,0.09970248810148373,7.4252008887906565e-06,6.661375343929541e-19,1.346712381702555e-10,7.675701586505921e-11,0.09610674270319783,8.106157948403713e-05,2.5759154301013544e-05,0.0,4.6071063844755655e-14,3.391977679195788e-31,5.1867527569897245e-12,2.0318677549619498e-23,1.4337150767798369e-12,4.985896008972515e-28,6.7606956051151686e-15,6.069798764220976e-30,7.658077161986618e-11,-6.203613181318645,-5.581309731279642,-4.941575175460823,-7.386298762813574,-8.192519348623124,-3.0280447806400344,-1.3860391818057938,-2.6308238615444353,-14.450957363043274,-22.318247787236103,-69.03823607210515,-16.780734429955373,-16.30543764059215,-17.308124742192803,-95.4589097214623,-9.516757786611146,-12.224400130898104,-23.227141225308568,-22.168378529346622,-9.969639947861449,-23.207986592863726,-12.595680354564694,-25.398952802096407,-5.815405437349945,-11.68836039273857,-10.153299321913968,-21.49962577932545,-6.224470265700543,0.0,0.0,0.0,0.0,0.0018130633517508348,-1.726316550996294e-05,0.00031158380338653876,1.726316332024833e-05,9.873637108907255e-05,6.879190436840532e-07,0.0,0.0,0.0,0.0,-5.457570992697738,-7.47365858473519,-2.0145149252489816,-1.0623661539655913,0.0,0.0,-3.4563241981875095,0.0,41.0,8.192519348623124,-1.3860391818057938,-2.6308238615444353,3.4868158163924164e-06,1.0774999110393142e-05,5.955307029970431e-06,0.001192603987788459,6.903074509292363e-05,5.31986531986532e-07,0.0,81.5452363645056,14.013947648310706,0.0,0.0,4.440815987183693,0.0
42,i_soln,104201,-99,8.0,0.0,240.0,-0.000492783605584837,-63.42297352997195,0.0,0.0,0.0,0.0,0.9999999999999971,0.0,0.0,0.0,0.0,0.9999999999999971,0.0,0.0,0.0,0.0,0.0,0.0,0.0,0.0,0.0,0.0,0.0,0.0,0.0,0.0,0.0,0.0,-999.999,-999.999,-999.999,-999.999,-8.0,-3.2157004040477073,-999.999,-999.999,-999.999,-999.999,-999.999,-999.999,-999.999,-999.999,-999.999,-999.999,-999.999,-999.999,-999.999,-999.999,-999.999,-999.999,-999.999,-999.999,-999.999,-6.196071767946686e-05,-999.999,-999.999,0.0,0.0,0.0,0.0,0.0,0.0,0.0,0.0,0.0,0.0,0.0,0.0,0.0,0.0,-999.999,-999.999,-999.999,-999.999,-999.999,-999.999,-999.999,-999.999,42.0,8.0,-99.99,-99.99,0.0,1.076543011222489e-05,6.092713839869929e-06,0.0011860608212905233,6.89192415026701e-05,5.286195286195286e-07,0.0,0.0,0.0,0.0,0.0,0.0,0.0
42,i_soln,104202,-99,8.0,0.0,240.0,2.9986045440461253,99.90701205807707,0.0,0.0,0.0,0.0,0.0,0.0,0.0,0.999999999999999,0.0,0.0,0.0,0.0,0.0,0.0,0.0,0.0,0.999999999999999,0.0,0.0,0.0,0.0,0.0,0.0,0.0,0.0,0.0,-999.999,-999.999,-999.999,-999.999,-8.0,-3.215706120982619,-999.999,-999.999,-999.999,-999.999,-2.212279423983691,-999.999,-999.999,-999.999,-999.999,-999.999,-999.999,-999.999,-999.999,-999.999,-999.999,-999.999,-999.999,-999.999,-999.999,-999.999,-999.999,-999.999,0.0,0.0,0.0,0.0,0.0,0.0,0.0,0.0,0.0,0.0,0.0,0.0,0.0,0.0,-999.999,-999.999,-999.999,-999.999,-999.999,-999.999,-999.999,43.95804465241585,42.0,8.0,-99.99,-99.99,0.0,1.076543011222489e-05,6.092713839869929e-06,0.0011860608212905233,6.89192415026701e-05,5.286195286195286e-07,0.0,0.0,0.0,0.0,0.0,0.0,0.0
42,react,42,1,8.194793936763414,-7.62502083871298,240.0,0.25311801762956004,15.384047946976478,1.0468027355179461,0.49847749310378736,0.0009969549862075707,0.09969549862075766,7.402947534805568e-06,2.1361727516986228e-10,0.09614703104851505,2.5603088548066163e-05,0.0996954984280604,7.402947534804897e-06,6.711215762647279e-19,1.358158418134898e-10,7.780143335637248e-11,0.09606540056295691,8.129524971401761e-05,2.5603088548066163e-05,0.0,4.598074117379804e-14,3.3667688938334437e-31,5.203886493754559e-12,2.0273757268012904e-23,1.4308531241603443e-12,4.948595495251048e-28,6.746876116863459e-15,6.024188646885254e-30,7.762372148982645e-11,-6.202331463096984,-5.582635607267368,-4.9442101248286905,-7.388807990903068,-8.194793936763414,-3.0257691423181963,-1.3861649030841856,-2.6332241709631177,-14.448789593210693,-22.3206312940472,-69.04538659253842,-16.783142363380517,-16.30787000063134,-17.31058152884604,-95.46615794835176,-9.516865655100405,-12.224651573454864,-23.230623592164658,-22.171885322816763,-9.970763234520495,-23.21151781294791,-12.596828067837784,-25.40250844879464,-5.816605592059297,-11.689459252783568,-10.152098117023082,-21.50080808124565,-6.222321398838629,0.0,0.0,0.0,0.0,0.0017958280888152396,-1.7235262935595165e-05,0.0003288190641115592,1.723526072502045e-05,9.94197216754759e-05,6.833505864033395e-07,0.0,0.0,0.0,0.0,-5.450366913897087,-7.462744072954173,-2.0145149252489674,-1.0636752273457049,0.0,8.526512829121202e-14,-3.4550151248073657,0.0,42.0,8.194793936763414,-1.3861649030841856,-2.6332241709631177,3.5451375156730875e-06,1.076543011222489e-05,6.092713839869929e-06,0.0011860608212905233,6.89192415026701e-05,5.286195286195286e-07,0.0,80.74523789381935,14.784585295815859,0.0,0.0,4.4701768103647925,0.0
43,i_soln,104301,-99,8.0,0.0,240.0,-0.000492783605584837,-63.42297352997195,0.0,0.0,0.0,0.0,0.9999999999999971,0.0,0.0,0.0,0.0,0.9999999999999971,0.0,0.0,0.0,0.0,0.0,0.0,0.0,0.0,0.0,0.0,0.0,0.0,0.0,0.0,0.0,0.0,-999.999,-999.999,-999.999,-999.999,-8.0,-3.2157004040477073,-999.999,-999.999,-999.999,-999.999,-999.999,-999.999,-999.999,-999.999,-999.999,-999.999,-999.999,-999.999,-999.999,-999.999,-999.999,-999.999,-999.999,-999.999,-999.999,-6.196071767946686e-05,-999.999,-999.999,0.0,0.0,0.0,0.0,0.0,0.0,0.0,0.0,0.0,0.0,0.0,0.0,0.0,0.0,-999.999,-999.999,-999.999,-999.999,-999.999,-999.999,-999.999,-999.999,43.0,8.0,-99.99,-99.99,0.0,1.0755263240382323e-05,6.234348223134736e-06,0.001179316342234413,6.880077113699952e-05,5.252525252525251e-07,0.0,0.0,0.0,0.0,0.0,0.0,0.0
43,i_soln,104302,-99,8.0,0.0,240.0,2.9986045440461253,99.90701205807707,0.0,0.0,0.0,0.0,0.0,0.0,0.0,0.999999999999999,0.0,0.0,0.0,0.0,0.0,0.0,0.0,0.0,0.999999999999999,0.0,0.0,0.0,0.0,0.0,0.0,0.0,0.0,0.0,-999.999,-999.999,-999.999,-999.999,-8.0,-3.215706120982619,-999.999,-999.999,-999.999,-999.999,-2.212279423983691,-999.999,-999.999,-999.999,-999.999,-999.999,-999.999,-999.999,-999.999,-999.999,-999.999,-999.999,-999.999,-999.999,-999.999,-999.999,-999.999,-999.999,0.0,0.0,0.0,0.0,0.0,0.0,0.0,0.0,0.0,0.0,0.0,0.0,0.0,0.0,-999.999,-999.999,-999.999,-999.999,-999.999,-999.999,-999.999,43.95804465241585,43.0,8.0,-99.99,-99.99,0.0,1.0755263240382323e-05,6.234348223134736e-06,0.001179316342234413,6.880077113699952e-05,5.252525252525251e-07,0.0,0.0,0.0,0.0,0.0,0.0,0.0
43,react,43,1,8.197062707585106,-7.627399113648609,240.0,0.25311955875027714,15.384314379617194,1.0467294845003743,0.4984426116668484,0.0009968852233336932,0.09968852233337018,7.3808068648703975e-06,2.1582666154952728e-10,0.09610599902448755,2.54482559285098e-05,0.09968852214059841,7.380806864869722e-06,6.761302639674226e-19,1.3696918862799024e-10,7.885747292153704e-11,0.09602413657445168,8.152759756224854e-05,2.54482559285098e-05,0.0,4.5890992719584086e-14,3.3418166742371352e-31,5.221051905025009e-12,2.0229084043048623e-23,1.4280093618064875e-12,4.9116762705768516e-28,6.73314438410061e-15,5.979046189932854e-30,7.867828470908873e-11,-6.201060420475313,-5.583958822341331,-4.946840172648479,-7.391312152280761,-8.197062707585106,-3.0234993237081147,-1.3862907895262595,-2.6356188282268818,-14.446628230926157,-22.323009568982826,-69.0525214173453,-16.785545016709854,-16.310297032354388,-17.3130329389628,-95.4733902867335,-9.51697411142595,-12.224903346339016,-23.2340976876838,-22.175383796729616,-9.971883433497721,-23.215040665254477,-12.597972645208719,-25.406055679494916,-5.817802920691165,-11.690555073367083,-10.150899740602805,-21.501987979761005,-6.220178514459023,0.0,0.0,0.0,0.0,0.0017786224706914414,-1.7205618123798195e-05,0.00034602468000407286,1.7205615892513647e-05,0.00010009849339781206,6.787717223361635e-07,0.0,0.0,0.0,0.0,-5.443179798740605,-7.4518544199997105,-2.0145149252489745,-1.064982060091559,0.0,2.842170943040401e-14,-3.453708292061541,1.7763568394002505e-15,43.0,8.197062707585106,-1.3862907895262595,-2.6356188282268818,3.6042939367527213e-06,1.0755263240382323e-05,6.234348223134736e-06,0.001179316342234413,6.880077113699952e-05,5.252525252525251e-07,0.0,79.94722791855615,15.553449039118894,0.0,0.0,4.499323042324969,0.0
44,i_soln,104401,-99,8.0,0.0,240.0,-0.000492783605584837,-63.42297352997195,0.0,0.0,0.0,0.0,0.9999999999999971,0.0,0.0,0.0,0.0,0.9999999999999971,0.0,0.0,0.0,0.0,0.0,0.0,0.0,0.0,0.0,0.0,0.0,0.0,0.0,0.0,0.0,0.0,-999.999,-999.999,-999.999,-999.999,-8.0,-3.2157004040477073,-999.999,-999.999,-999.999,-999.999,-999.999,-999.999,-999.999,-999.999,-999.999,-999.999,-999.999,-999.999,-999.999,-999.999,-999.999,-999.999,-999.999,-999.999,-999.999,-6.196071767946686e-05,-999.999,-999.999,0.0,0.0,0.0,0.0,0.0,0.0,0.0,0.0,0.0,0.0,0.0,0.0,0.0,0.0,-999.999,-999.999,-999.999,-999.999,-999.999,-999.999,-999.999,-999.999,44.0,8.0,-99.99,-99.99,0.0,1.0744461139551521e-05,6.380340248839102e-06,0.0011723643568688168,6.86748987098408e-05,5.218855218855218e-07,0.0,0.0,0.0,0.0,0.0,0.0,0.0
44,i_soln,104402,-99,8.0,0.0,240.0,2.9986045440461253,99.90701205807707,0.0,0.0,0.0,0.0,0.0,0.0,0.0,0.999999999999999,0.0,0.0,0.0,0.0,0.0,0.0,0.0,0.0,0.999999999999999,0.0,0.0,0.0,0.0,0.0,0.0,0.0,0.0,0.0,-999.999,-999.999,-999.999,-999.999,-8.0,-3.215706120982619,-999.999,-999.999,-999.999,-999.999,-2.212279423983691,-999.999,-999.999,-999.999,-999.999,-999.999,-999.999,-999.999,-999.999,-999.999,-999.999,-999.999,-999.999,-999.999,-999.999,-999.999,-999.999,-999.999,0.0,0.0,0.0,0.0,0.0,0.0,0.0,0.0,0.0,0.0,0.0,0.0,0.0,0.0,-999.999,-999.999,-999.999,-999.999,-999.999,-999.999,-999.999,43.95804465241585,44.0,8.0,-99.99,-99.99,0.0,1.0744461139551521e-05,6.380340248839102e-06,0.0011723643568688168,6.86748987098408e-05,5.218855218855218e-07,0.0,0.0,0.0,0.0,0.0,0.0,0.0
44,react,44,1,8.199325360608494,-7.6297718160342525,240.0,0.2531210898367103,15.384580476651744,1.0466563817858543,0.4984078008504105,0.000996815601700817,0.09968156017008263,7.3587811686427185e-06,2.180562350487217e-10,0.0960650482046552,2.5294667222113387e-05,0.09968155997723571,7.358781168642037e-06,6.811629485847542e-19,1.381311551227697e-10,7.992507992595201e-11,0.09598295512072777,8.175861540005225e-05,2.5294667222113387e-05,0.0,4.5801825037836543e-14,3.3171213627570043e-31,5.238246349241461e-12,2.0184662613899496e-23,1.4251839962943097e-12,4.875138795678628e-28,6.7195013978848345e-15,5.934371917057224e-30,7.974440682594319e-11,-6.199800016864281,-5.5852792023514395,-4.949464946365334,-7.393810890332013,-8.199325360608494,-3.0212356253969066,-1.3864168251918632,-2.638007516915877,-14.44447353668939,-22.325382271368472,-69.05963952450223,-16.787942046701573,-16.31271838995218,-17.315478624166662,-95.48060570431474,-9.517083115500387,-12.225155417670218,-23.237563026354426,-22.178873463006312,-9.973000397388772,-23.218554659137247,-12.599113936705846,-25.409594000983756,-5.818997265035684,-11.691647709652063,-10.149704350970502,-21.503165292514346,-6.218041897101234,0.0,0.0,0.0,0.0,0.001761448348463515,-1.7174122227926357e-05,0.00036319879998018194,1.717411997610908e-05,0.00010077267531349439,6.741819156823341e-07,0.0,0.0,0.0,0.0,-5.436010596810144,-7.440991090385669,-2.014514925248996,-1.066286453798277,0.0,-8.526512829121202e-14,-3.452403898354804,0.0,44.0,8.199325360608494,-1.3864168251918632,-2.638007516915877,3.664286336591797e-06,1.0744461139551521e-05,6.380340248839102e-06,0.0011723643568688168,6.86748987098408e-05,5.218855218855218e-07,0.0,79.15128326167465,16.320462148440424,0.0,0.0,4.528254589884942,0.0
45,i_soln,104501,-99,8.0,0.0,240.0,-0.000492783605584837,-63.42297352997195,0.0,0.0,0.0,0.0,0.9999999999999971,0.0,0.0,0.0,0.0,0.9999999999999971,0.0,0.0,0.0,0.0,0.0,0.0,0.0,0.0,0.0,0.0,0.0,0.0,0.0,0.0,0.0,0.0,-999.999,-999.999,-999.999,-999.999,-8.0,-3.2157004040477073,-999.999,-999.999,-999.999,-999.999,-999.999,-999.999,-999.999,-999.999,-999.999,-999.999,-999.999,-999.999,-999.999,-999.999,-999.999,-999.999,-999.999,-999.999,-999.999,-6.196071767946686e-05,-999.999,-999.999,0.0,0.0,0.0,0.0,0.0,0.0,0.0,0.0,0.0,0.0,0.0,0.0,0.0,0.0,-999.999,-999.999,-999.999,-999.999,-999.999,-999.999,-999.999,-999.999,45.0,8.0,-99.99,-99.99,0.0,1.0732984120448138e-05,6.530823987871699e-06,0.0011651984808802658,6.854116173832776e-05,5.185185185185185e-07,0.0,0.0,0.0,0.0,0.0,0.0,0.0
45,i_soln,104502,-99,8.0,0.0,240.0,2.9986045440461253,99.90701205807707,0.0,0.0,0.0,0.0,0.0,0.0,0.0,0.999999999999999,0.0,0.0,0.0,0.0,0.0,0.0,0.0,0.0,0.999999999999999,0.0,0.0,0.0,0.0,0.0,0.0,0.0,0.0,0.0,-999.999,-999.999,-999.999,-999.999,-8.0,-3.215706120982619,-999.999,-999.999,-999.999,-999.999,-2.212279423983691,-999.999,-999.999,-999.999,-999.999,-999.999,-999.999,-999.999,-999.999,-999.999,-999.999,-999.999,-999.999,-999.999,-999.999,-999.999,-999.999,-999.999,0.0,0.0,0.0,0.0,0.0,0.0,0.0,0.0,0.0,0.0,0.0,0.0,0.0,0.0,-999.999,-999.999,-999.999,-999.999,-999.999,-999.999,-999.999,43.95804465241585,45.0,8.0,-99.99,-99.99,0.0,1.0732984120448138e-05,6.530823987871699e-06,0.0011651984808802658,6.854116173832776e-05,5.185185185185185e-07,0.0,0.0,0.0,0.0,0.0,0.0,0.0
45,react,45,1,8.201581581534228,-7.632138590085707,240.0,0.2531226108927366,15.384846214207665,1.0465834356083519,0.4983730645754092,0.0009967461291508144,0.0996746129150827,7.336872844462781e-06,2.2030578920550333e-10,0.09602418323743539,2.5142333786833264e-05,0.09967461272216,7.336872844462094e-06,6.862189298188739e-19,1.3930160386502868e-10,8.100418534047465e-11,0.09594186085802843,8.198829530609936e-05,2.5142333786833264e-05,0.0,4.571324507278669e-14,3.2926833890928216e-31,5.255467032753206e-12,2.0140497929445183e-23,1.4223772465527713e-12,4.8389836606135005e-28,6.705948209205322e-15,5.890166510176921e-30,8.082201901040058e-11,-6.198550218183321,-5.586596564711581,-4.9520840562798405,-7.396303832314992,-8.201581581534228,-3.0189783617980432,-1.3865429931233877,-2.6403899057731337,-14.442325783543113,-22.327749045419925,-69.0667398466566,-16.790333094843906,-16.315133712185396,-17.317918220490764,-95.48780312283263,-9.517192625952976,-12.22540775353323,-23.24101910099386,-22.18235381173663,-9.974113972067634,-23.222059281958444,-12.600251785475589,-25.413122897895835,-5.820188459464298,-11.692737010240041,-10.148512113868737,-21.504339829464033,-6.215911844107024,0.0,0.0,0.0,0.0,0.0017443076888629925,-1.7140659600522546e-05,0.00038033945730856,1.714065732837805e-05,0.00010144225590496162,6.695805914672267e-07,0.0,0.0,0.0,0.0,-5.428860302219066,-7.4301556167098965,-2.0145149252489816,-1.0675882013526987,-4.263256414560601e-14,-8.526512829121202e-14,-3.4511021508004465,0.0,45.0,8.201581581534228,-1.3865429931233877,-2.6403899057731337,3.7251151128311425e-06,1.0732984120448138e-05,6.530823987871699e-06,0.0011651984808802658,6.854116173832776e-05,5.185185185185185e-07,0.0,78.35748587796556,17.085542788792594,0.0,0.0,4.556971333241848,0.0
46,i_soln,104601,-99,8.0,0.0,240.0,-0.000492783605584837,-63.42297352997195,0.0,0.0,0.0,0.0,0.9999999999999971,0.0,0.0,0.0,0.0,0.9999999999999971,0.0,0.0,0.0,0.0,0.0,0.0,0.0,0.0,0.0,0.0,0.0,0.0,0.0,0.0,0.0,0.0,-999.999,-999.999,-999.999,-999.999,-8.0,-3.2157004040477073,-999.999,-999.999,-999.999,-999.999,-999.999,-999.999,-999.999,-999.999,-999.999,-999.999,-999.999,-999.999,-999.999,-999.999,-999.999,-999.999,-999.999,-999.999,-999.999,-6.196071767946686e-05,-999.999,-999.999,0.0,0.0,0.0,0.0,0.0,0.0,0.0,0.0,0.0,0.0,0.0,0.0,0.0,0.0,-999.999,-999.999,-999.999,-999.999,-999.999,-999.999,-999.999,-999.999,46.0,8.0,-99.99,-99.99,0.0,1.0720790013990269e-05,6.685937636058812e-06,0.001157812133530139,6.839906884353575e-05,5.151515151515151e-07,0.0,0.0,0.0,0.0,0.0,0.0,0.0
46,i_soln,104602,-99,8.0,0.0,240.0,2.9986045440461253,99.90701205807707,0.0,0.0,0.0,0.0,0.0,0.0,0.0,0.999999999999999,0.0,0.0,0.0,0.0,0.0,0.0,0.0,0.0,0.999999999999999,0.0,0.0,0.0,0.0,0.0,0.0,0.0,0.0,0.0,-999.999,-999.999,-999.999,-999.999,-8.0,-3.215706120982619,-999.999,-999.999,-999.999,-999.999,-2.212279423983691,-999.999,-999.999,-999.999,-999.999,-999.999,-999.999,-999.999,-999.999,-999.999,-999.999,-999.999,-999.999,-999.999,-999.999,-999.999,-999.999,-999.999,0.0,0.0,0.0,0.0,0.0,0.0,0.0,0.0,0.0,0.0,0.0,0.0,0.0,0.0,-999.999,-999.999,-999.999,-999.999,-999.999,-999.999,-999.999,43.95804465241585,46.0,8.0,-99.99,-99.99,0.0,1.0720790013990269e-05,6.685937636058812e-06,0.001157812133530139,6.839906884353575e-05,5.151515151515151e-07,0.0,0.0,0.0,0.0,0.0,0.0,0.0
46,react,46,1,8.203831041389565,-7.634499063965219,240.0,0.25312412192247163,15.38511156692605,1.0465106547154994,0.4983384070073841,0.0009966768140147642,0.0996676814014777,7.315084406294997e-06,2.225750871681e-10,0.09598340906118227,2.499126760006634e-05,0.09966768120847865,7.315084406294306e-06,6.912974527185669e-19,1.4048038251948774e-10,8.209470464861225e-11,0.09590085873283932,8.221662904982944e-05,2.499126760006634e-05,0.0,4.56252601800158e-14,3.2685032758760666e-31,5.272711000347078e-12,2.0096595161837965e-23,1.4195893445902348e-12,4.803211592997626e-28,6.692485932508522e-15,5.846430819475262e-30,8.191103696244757e-11,-6.197310992931985,-5.587910717878305,-4.954697094478082,-7.398790588353876,-8.203831041389565,-3.016727862005513,-1.3866692752827545,-2.64276564778784,-14.440185257837564,-22.330109519299437,-69.07382126829515,-16.79271778640129,-16.317542621420653,-17.32035134740389,-95.49498141518264,-9.51730260003996,-12.225660317852034,-23.244465381399227,-22.185824309819864,-9.97522399627136,-23.225553997719555,-12.601386027357188,-25.416641831334818,-5.821376330471651,-11.693822816765897,-10.14732320292419,-21.505511392398997,-6.213788666411057,0.0,0.0,0.0,0.0,0.0017272025814945866,-1.7105107368405948e-05,0.00039744456238473004,1.7105105076170048e-05,0.00010210722303857966,6.649671336180423e-07,0.0,0.0,0.0,0.0,-5.421729956363283,-7.419349603870655,-2.0145149252489887,-1.0688870863842013,0.0,-2.842170943040401e-14,-3.449803265768918,0.0,46.0,8.203831041389565,-1.3866692752827545,-2.64276564778784,3.78677972905e-06,1.0720790013990269e-05,6.685937636058812e-06,0.001157812133530139,6.839906884353575e-05,5.151515151515151e-07,0.0,77.56592317298332,17.848603702744388,0.0,0.0,4.585473124272288,0.0
47,i_soln,104701,-99,8.0,0.0,240.0,-0.000492783605584837,-63.42297352997195,0.0,0.0,0.0,0.0,0.9999999999999971,0.0,0.0,0.0,0.0,0.9999999999999971,0.0,0.0,0.0,0.0,0.0,0.0,0.0,0.0,0.0,0.0,0.0,0.0,0.0,0.0,0.0,0.0,-999.999,-999.999,-999.999,-999.999,-8.0,-3.2157004040477073,-999.999,-999.999,-999.999,-999.999,-999.999,-999.999,-999.999,-999.999,-999.999,-999.999,-999.999,-999.999,-999.999,-999.999,-999.999,-999.999,-999.999,-999.999,-999.999,-6.196071767946686e-05,-999.999,-999.999,0.0,0.0,0.0,0.0,0.0,0.0,0.0,0.0,0.0,0.0,0.0,0.0,0.0,0.0,-999.999,-999.999,-999.999,-999.999,-999.999,-999.999,-999.999,-999.999,47.0,8.0,-99.99,-99.99,0.0,1.0707834016360012e-05,6.84582364107563e-06,0.001150198531611282,6.824809794504787e-05,5.117845117845117e-07,0.0,0.0,0.0,0.0,0.0,0.0,0.0
47,i_soln,104702,-99,8.0,0.0,240.0,2.9986045440461253,99.90701205807707,0.0,0.0,0.0,0.0,0.0,0.0,0.0,0.999999999999999,0.0,0.0,0.0,0.0,0.0,0.0,0.0,0.0,0.999999999999999,0.0,0.0,0.0,0.0,0.0,0.0,0.0,0.0,0.0,-999.999,-999.999,-999.999,-999.999,-8.0,-3.215706120982619,-999.999,-999.999,-999.999,-999.999,-2.212279423983691,-999.999,-999.999,-999.999,-999.999,-999.999,-999.999,-999.999,-999.999,-999.999,-999.999,-999.999,-999.999,-999.999,-999.999,-999.999,-999.999,-999.999,0.0,0.0,0.0,0.0,0.0,0.0,0.0,0.0,0.0,0.0,0.0,0.0,0.0,0.0,-999.999,-999.999,-999.999,-999.999,-999.999,-999.999,-999.999,43.95804465241585,47.0,8.0,-99.99,-99.99,0.0,1.0707834016360012e-05,6.84582364107563e-06,0.001150198531611282,6.824809794504787e-05,5.117845117845117e-07,0.0,0.0,0.0,0.0,0.0,0.0,0.0
47,react,47,1,8.20607339562152,-7.636852848777197,240.0,0.25312562293028856,15.385376507870378,1.0464380484006337,0.49830383257173355,0.0009966076651434636,0.09966076651434766,7.293418491094223e-06,2.2486385950191347e-10,0.09594273092226187,2.4841481302352518e-05,0.09966076632127169,7.293418491093527e-06,6.963977041995263e-19,1.4166732282323037e-10,8.319653667868309e-11,0.09585995399997832,8.244360807666012e-05,2.4841481302352518e-05,0.0,4.553787815044931e-14,3.244581644560288e-31,5.289975125144432e-12,2.0052959720860978e-23,1.4168205362579105e-12,4.767823466692251e-28,6.6791157494045776e-15,5.803165873996024e-30,8.301135974534062e-11,-6.196082312252189,-5.589221460796868,-4.957303633693518,-7.401270750367573,-8.20607339562152,-3.014484470701119,-1.3867956524844844,-2.645134379221517,-14.438052260040752,-22.332463304111414,-69.08088262273107,-16.79509572939941,-16.319944722604912,-17.32277760677429,-95.50213940236314,-9.517412993547541,-12.225913072255475,-23.247901312912457,-22.189284399519238,-9.976330301158756,-23.229038245605068,-12.602516490430725,-25.420150237406475,-5.822560696188489,-11.694904963467149,-10.146137800134902,-21.506679774421688,-6.211672689380834,0.0,0.0,0.0,0.0,0.0017101352465133796,-1.7067334981207003e-05,0.0004145118950538793,1.7067332669149285e-05,0.00010276756392108053,6.603408825008668e-07,0.0,0.0,0.0,0.0,-5.414620650844888,-7.408574733549246,-2.0145149252489745,-1.0701828826810313,1.4210854715202004e-14,2.842170943040401e-14,-3.448507469472049,1.7763568394002505e-15,47.0,8.20607339562152,-1.3867956524844844,-2.645134379221517,3.849278634612687e-06,1.0707834016360012e-05,6.84582364107563e-06,0.001150198531611282,6.824809794504787e-05,5.117845117845117e-07,0.0,76.77668834185273,18.60955187341288,0.0,0.0,4.613759784734371,0.0
48,i_soln,104801,-99,8.0,0.0,240.0,-0.000492783605584837,-63.42297352997195,0.0,0.0,0.0,0.0,0.9999999999999971,0.0,0.0,0.0,0.0,0.9999999999999971,0.0,0.0,0.0,0.0,0.0,0.0,0.0,0.0,0.0,0.0,0.0,0.0,0.0,0.0,0.0,0.0,-999.999,-999.999,-999.999,-999.999,-8.0,-3.2157004040477073,-999.999,-999.999,-999.999,-999.999,-999.999,-999.999,-999.999,-999.999,-999.999,-999.999,-999.999,-999.999,-999.999,-999.999,-999.999,-999.999,-999.999,-999.999,-999.999,-6.196071767946686e-05,-999.999,-999.999,0.0,0.0,0.0,0.0,0.0,0.0,0.0,0.0,0.0,0.0,0.0,0.0,0.0,0.0,-999.999,-999.999,-999.999,-999.999,-999.999,-999.999,-999.999,-999.999,48.0,8.0,-99.99,-99.99,0.0,1.0694068524384427e-05,7.010628833262207e-06,0.0011423506832186894,6.808769434271711e-05,5.084175084175083e-07,0.0,0.0,0.0,0.0,0.0,0.0,0.0
48,i_soln,104802,-99,8.0,0.0,240.0,2.9986045440461253,99.90701205807707,0.0,0.0,0.0,0.0,0.0,0.0,0.0,0.999999999999999,0.0,0.0,0.0,0.0,0.0,0.0,0.0,0.0,0.999999999999999,0.0,0.0,0.0,0.0,0.0,0.0,0.0,0.0,0.0,-999.999,-999.999,-999.999,-999.999,-8.0,-3.215706120982619,-999.999,-999.999,-999.999,-999.999,-2.212279423983691,-999.999,-999.999,-999.999,-999.999,-999.999,-999.999,-999.999,-999.999,-999.999,-999.999,-999.999,-999.999,-999.999,-999.999,-999.999,-999.999,-999.999,0.0,0.0,0.0,0.0,0.0,0.0,0.0,0.0,0.0,0.0,0.0,0.0,0.0,0.0,-999.999,-999.999,-999.999,-999.999,-999.999,-999.999,-999.999,43.95804465241585,48.0,8.0,-99.99,-99.99,0.0,1.0694068524384427e-05,7.010628833262207e-06,0.0011423506832186894,6.808769434271711e-05,5.084175084175083e-07,0.0,0.0,0.0,0.0,0.0,0.0,0.0
48,react,48,1,8.208308283134677,-7.639199537517513,240.0,0.2531271139208407,15.385641008429511,1.0463656265368373,0.49826934596992567,0.000996538691939848,0.09965386919398593,7.271877866610956e-06,2.2717180185527565e-10,0.09590215439425932,2.4692988242707072e-05,0.09965386900083252,7.271877866610255e-06,7.015188093188794e-19,1.4286223949837336e-10,8.430956235690228e-11,0.09581915224184046,8.266922347000334e-05,2.4692988242707072e-05,0.0,4.545110723740682e-14,3.2209192216382116e-31,5.30725609805413e-12,2.000959726916246e-23,1.4140710821092537e-12,4.732820310970634e-28,6.665838912833531e-15,5.760372892824828e-30,8.412286853989721e-11,-6.194864150112882,-5.590528582313283,-4.959903226113596,-7.403743890947766,-8.208308283134677,-3.012248549117137,-1.3869221043243634,-2.647495718574568,-14.435927105613105,-22.33480999285173,-69.08792268895202,-16.797466513563226,-16.322339602192226,-17.325196581785104,-95.50927585027809,-9.517523760703877,-12.226165975935235,-23.251326314912916,-22.192733496943195,-9.977432709842397,-23.232511438452523,-12.60364299453786,-25.423647525677428,-5.823741365865018,-11.695983276727292,-10.144956096387567,-21.507844759414674,-6.209564253707564,0.0,0.0,0.0,0.0,0.0016931080427816775,-1.7027203731702053e-05,0.0004315390964540064,1.702720140012707e-05,0.0001034232650543938,6.557011333132727e-07,0.0,0.0,0.0,0.0,-5.407533530573332,-7.397832768950172,-2.0145149252489887,-1.0714753535847095,-1.4210854715202004e-14,-2.842170943040401e-14,-3.4472149985683798,0.0,48.0,8.208308283134677,-1.3869221043243634,-2.647495718574568,3.912609178796585e-06,1.0694068524384427e-05,7.010628833262207e-06,0.0011423506832186894,6.808769434271711e-05,5.084175084175083e-07,0.0,75.98988072915705,19.368288166437278,0.0,0.0,4.641831104405661,0.0
49,i_soln,104901,-99,8.0,0.0,240.0,-0.000492783605584837,-63.42297352997195,0.0,0.0,0.0,0.0,0.9999999999999971,0.0,0.0,0.0,0.0,0.9999999999999971,0.0,0.0,0.0,0.0,0.0,0.0,0.0,0.0,0.0,0.0,0.0,0.0,0.0,0.0,0.0,0.0,-999.999,-999.999,-999.999,-999.999,-8.0,-3.2157004040477073,-999.999,-999.999,-999.999,-999.999,-999.999,-999.999,-999.999,-999.999,-999.999,-999.999,-999.999,-999.999,-999.999,-999.999,-999.999,-999.999,-999.999,-999.999,-999.999,-6.196071767946686e-05,-999.999,-999.999,0.0,0.0,0.0,0.0,0.0,0.0,0.0,0.0,0.0,0.0,0.0,0.0,0.0,0.0,-999.999,-999.999,-999.999,-999.999,-999.999,-999.999,-999.999,-999.999,49.0,8.0,-99.99,-99.99,0.0,1.0679442960631055e-05,7.1805045604642026e-06,0.0011342613813285316,6.791726867857665e-05,5.050505050505049e-07,0.0,0.0,0.0,0.0,0.0,0.0,0.0
49,i_soln,104902,-99,8.0,0.0,240.0,2.9986045440461253,99.90701205807707,0.0,0.0,0.0,0.0,0.0,0.0,0.0,0.999999999999999,0.0,0.0,0.0,0.0,0.0,0.0,0.0,0.0,0.999999999999999,0.0,0.0,0.0,0.0,0.0,0.0,0.0,0.0,0.0,-999.999,-999.999,-999.999,-999.999,-8.0,-3.215706120982619,-999.999,-999.999,-999.999,-999.999,-2.212279423983691,-999.999,-999.999,-999.999,-999.999,-999.999,-999.999,-999.999,-999.999,-999.999,-999.999,-999.999,-999.999,-999.999,-999.999,-999.999,-999.999,-999.999,0.0,0.0,0.0,0.0,0.0,0.0,0.0,0.0,0.0,0.0,0.0,0.0,0.0,0.0,-999.999,-999.999,-999.999,-999.999,-999.999,-999.999,-999.999,43.95804465241585,49.0,8.0,-99.99,-99.99,0.0,1.0679442960631055e-05,7.1805045604642026e-06,0.0011342613813285316,6.791726867857665e-05,5.050505050505049e-07,0.0,0.0,0.0,0.0,0.0,0.0,0.0
49,react,49,1,8.210535325267374,-7.64153870393372,240.0,0.2531285948990631,15.385905038213293,1.0462933996130992,0.49823495219671704,0.0009964699043934313,0.09964699043934415,7.250465439691391e-06,2.2949857245985337e-10,0.09586168539840412,2.4545802527944923e-05,0.09964699024611283,7.250465439690684e-06,7.066598273412962e-19,1.4406492908505375e-10,8.543364337479963e-11,0.09577845938883012,8.28934659440107e-05,2.4545802527944923e-05,0.0,4.536495618307156e-14,3.197516845232609e-31,5.324550416276257e-12,1.996651373844781e-23,1.411341258242555e-12,4.698203320236441e-28,6.652656751158083e-15,5.718053296944275e-30,8.524542531319871e-11,-6.193656483332413,-5.591831860548637,-4.962495402088492,-7.406209562143324,-8.210535325267374,-3.0100204760606415,-1.3870486091037104,-2.6498492654866013,-14.433810125916322,-22.337149159267938,-69.09494018820064,-16.799829709165166,-16.324726826979905,-17.327607835758513,-95.51638946626964,-9.517634854063587,-12.226418985493915,-23.254739779191524,-22.19617099040754,-9.978531036890535,-23.235972961102604,-12.604765350771737,-25.427133077513243,-5.824918139321035,-11.697057574589696,-10.143778292007742,-21.50900612145105,-6.2074637163542095,0.0,0.0,0.0,0.0,0.001676123476535509,-1.6984566246168497e-05,0.0004485236603494252,1.6984563895418802e-05,0.00010407431218648914,6.510471320953366e-07,0.0,0.0,0.0,0.0,-5.400469797065787,-7.3871255598672505,-2.0145149252489674,-1.0727642513242515,1.4210854715202004e-14,2.842170943040401e-14,-3.445926100828842,0.0,49.0,8.210535325267374,-1.3870486091037104,-2.6498492654866013,3.97676751873456e-06,1.0679442960631055e-05,7.1805045604642026e-06,0.0011342613813285316,6.791726867857665e-05,5.050505050505049e-07,0.0,75.20560621130336,20.124706949641393,0.0,0.0,4.669686839055224,0.0
50,i_soln,105001,-99,8.0,0.0,240.0,-0.000492783605584837,-63.42297352997195,0.0,0.0,0.0,0.0,0.9999999999999971,0.0,0.0,0.0,0.0,0.9999999999999971,0.0,0.0,0.0,0.0,0.0,0.0,0.0,0.0,0.0,0.0,0.0,0.0,0.0,0.0,0.0,0.0,-999.999,-999.999,-999.999,-999.999,-8.0,-3.2157004040477073,-999.999,-999.999,-999.999,-999.999,-999.999,-999.999,-999.999,-999.999,-999.999,-999.999,-999.999,-999.999,-999.999,-999.999,-999.999,-999.999,-999.999,-999.999,-999.999,-6.196071767946686e-05,-999.999,-999.999,0.0,0.0,0.0,0.0,0.0,0.0,0.0,0.0,0.0,0.0,0.0,0.0,0.0,0.0,-999.999,-999.999,-999.999,-999.999,-999.999,-999.999,-999.999,-999.999,50.0,8.0,-99.99,-99.99,0.0,1.0663903587575342e-05,7.355606827022269e-06,0.001125923197179628,6.77361947714095e-05,5.016835016835016e-07,0.0,0.0,0.0,0.0,0.0,0.0,0.0
50,i_soln,105002,-99,8.0,0.0,240.0,2.9986045440461253,99.90701205807707,0.0,0.0,0.0,0.0,0.0,0.0,0.0,0.999999999999999,0.0,0.0,0.0,0.0,0.0,0.0,0.0,0.0,0.999999999999999,0.0,0.0,0.0,0.0,0.0,0.0,0.0,0.0,0.0,-999.999,-999.999,-999.999,-999.999,-8.0,-3.215706120982619,-999.999,-999.999,-999.999,-999.999,-2.212279423983691,-999.999,-999.999,-999.999,-999.999,-999.999,-999.999,-999.999,-999.999,-999.999,-999.999,-999.999,-999.999,-999.999,-999.999,-999.999,-999.999,-999.999,0.0,0.0,0.0,0.0,0.0,0.0,0.0,0.0,0.0,0.0,0.0,0.0,0.0,0.0,-999.999,-999.999,-999.999,-999.999,-999.999,-999.999,-999.999,43.95804465241585,50.0,8.0,-99.99,-99.99,0.0,1.0663903587575342e-05,7.355606827022269e-06,0.001125923197179628,6.77361947714095e-05,5.016835016835016e-07,0.0,0.0,0.0,0.0,0.0,0.0,0.0
50,react,50,1,8.2127541247065,-7.643869901340135,240.0,0.2531300658702064,15.386168564943462,1.046221378772736,0.49820065655844853,0.0009964013131168942,0.09964013131169065,7.229184265062763e-06,2.3184378947415862e-10,0.09582133022523728,2.4399939073438387e-05,0.099640131118381,7.229184265062051e-06,7.118197475203694e-19,1.4527516870654828e-10,8.656862076761036e-11,0.09573788174107073,8.311632580087794e-05,2.4399939073438387e-05,0.0,4.52794342489032e-14,3.174375472041453e-31,5.3418543713764824e-12,1.9923715346595672e-23,1.4086313572672641e-12,4.663973864264903e-28,6.639570672848373e-15,5.676208721725175e-30,8.637887139834735e-11,-6.192459291787534,-5.593131062235783,-4.965079668785022,-7.4086672941947995,-8.2127541247065,-3.007800648999232,-1.387175143748768,-2.652194599570791,-14.43170166919992,-22.339480356674354,-69.1019337804199,-16.802184865827485,-16.32710594289813,-17.33001091093264,-95.5234788955125,-9.517746224408596,-12.226672054784022,-23.25814106825088,-22.199596238722798,-9.979625087799374,-23.239422168673762,-12.605883360936478,-25.430606244340304,-5.826090806363112,-11.69812766624263,-10.142604597343363,-21.51016362419309,-6.205371451560137,0.0,0.0,0.0,0.0,0.0016591842105926028,-1.6939265942906255e-05,0.0004654629239227899,1.693926357336468e-05,0.00010472069026078802,6.46378074298885e-07,0.0,0.0,0.0,0.0,-5.393430711946404,-7.376455048032023,-2.0145149252489745,-1.0740493163336353,0.0,0.0,-3.4446410358194575,0.0,50.0,8.2127541247065,-1.387175143748768,-2.652194599570791,4.041748520884034e-06,1.0663903587575342e-05,7.355606827022269e-06,0.001125923197179628,6.77361947714095e-05,5.016835016835016e-07,0.0,74.42397760267208,20.878695688968257,0.0,0.0,4.697326708359646,0.0
51,i_soln,105101,-99,8.0,0.0,240.0,-0.000492783605584837,-63.42297352997195,0.0,0.0,0.0,0.0,0.9999999999999971,0.0,0.0,0.0,0.0,0.9999999999999971,0.0,0.0,0.0,0.0,0.0,0.0,0.0,0.0,0.0,0.0,0.0,0.0,0.0,0.0,0.0,0.0,-999.999,-999.999,-999.999,-999.999,-8.0,-3.2157004040477073,-999.999,-999.999,-999.999,-999.999,-999.999,-999.999,-999.999,-999.999,-999.999,-999.999,-999.999,-999.999,-999.999,-999.999,-999.999,-999.999,-999.999,-999.999,-999.999,-6.196071767946686e-05,-999.999,-999.999,0.0,0.0,0.0,0.0,0.0,0.0,0.0,0.0,0.0,0.0,0.0,0.0,0.0,0.0,-999.999,-999.999,-999.999,-999.999,-999.999,-999.999,-999.999,-999.999,51.0,8.0,-99.99,-99.99,0.0,1.064739331015723e-05,7.536096437037676e-06,0.001117328473451291,6.754380731602156e-05,4.983164983164982e-07,0.0,0.0,0.0,0.0,0.0,0.0,0.0
51,i_soln,105102,-99,8.0,0.0,240.0,2.9986045440461253,99.90701205807707,0.0,0.0,0.0,0.0,0.0,0.0,0.0,0.999999999999999,0.0,0.0,0.0,0.0,0.0,0.0,0.0,0.0,0.999999999999999,0.0,0.0,0.0,0.0,0.0,0.0,0.0,0.0,0.0,-999.999,-999.999,-999.999,-999.999,-8.0,-3.215706120982619,-999.999,-999.999,-999.999,-999.999,-2.212279423983691,-999.999,-999.999,-999.999,-999.999,-999.999,-999.999,-999.999,-999.999,-999.999,-999.999,-999.999,-999.999,-999.999,-999.999,-999.999,-999.999,-999.999,0.0,0.0,0.0,0.0,0.0,0.0,0.0,0.0,0.0,0.0,0.0,0.0,0.0,0.0,-999.999,-999.999,-999.999,-999.999,-999.999,-999.999,-999.999,43.95804465241585,51.0,8.0,-99.99,-99.99,0.0,1.064739331015723e-05,7.536096437037676e-06,0.001117328473451291,6.754380731602156e-05,4.983164983164982e-07,0.0,0.0,0.0,0.0,0.0,0.0,0.0
51,react,51,1,8.214964264333037,-7.646192661344243,240.0,0.2531315268398395,15.386431554335536,1.0461495758542074,0.4981664646924828,0.0009963329293849622,0.09963329293849728,7.208037554679007e-06,2.342070281448107e-10,0.095781095557669,2.4255413657749524e-05,0.0996332927451089,7.2080375546782895e-06,7.169974846275231e-19,1.4649271474863418e-10,8.771431339617651e-11,0.09569742599148752,8.333779290536846e-05,2.4255413657749524e-05,0.0,4.519455124665428e-14,3.1514961847110988e-31,5.35916403644008e-12,1.9881208615877204e-23,1.4059416892904243e-12,4.630133499073946e-28,6.626582171268554e-15,5.63484103018802e-30,8.75230259778231e-11,-6.191272558531232,-5.5944259420133555,-4.96765550874154,-7.4111165941751125,-8.214964264333037,-3.005589485216064,-1.3873016837249739,-2.6545312791735256,-14.429602101637693,-22.341803116678463,-69.10890206043221,-16.804531511235098,-16.32947647370924,-17.332405327147256,-95.53054271713884,-9.517857820629535,-12.226925134736419,-23.26152951348365,-22.20300856935907,-9.980714658431541,-23.24285838471354,-12.60699681697215,-25.434066345783584,-5.827259146164494,-11.699193351471298,-10.14143523338536,-21.511317020239197,-6.203287851909806,0.0,0.0,0.0,0.0,0.0016422930741356835,-1.689113645691933e-05,0.0004823540579918024,1.689113406901251e-05,0.00010536238336172051,6.416931009324919e-07,0.0,0.0,0.0,0.0,-5.386417600668285,-7.365823272815584,-2.0145149252489745,-1.075330276512581,1.4210854715202004e-14,2.842170943040401e-14,-3.4433600756405154,-1.7763568394002505e-15,51.0,8.214964264333037,-1.3873016837249739,-2.6545312791735256,4.107545655508257e-06,1.064739331015723e-05,7.536096437037676e-06,0.001117328473451291,6.754380731602156e-05,4.983164983164982e-07,0.0,73.64511508711688,21.630134519223628,0.0,0.0,4.724750393659497,0.0
52,i_soln,105201,-99,8.0,0.0,240.0,-0.000492783605584837,-63.42297352997195,0.0,0.0,0.0,0.0,0.9999999999999971,0.0,0.0,0.0,0.0,0.9999999999999971,0.0,0.0,0.0,0.0,0.0,0.0,0.0,0.0,0.0,0.0,0.0,0.0,0.0,0.0,0.0,0.0,-999.999,-999.999,-999.999,-999.999,-8.0,-3.2157004040477073,-999.999,-999.999,-999.999,-999.999,-999.999,-999.999,-999.999,-999.999,-999.999,-999.999,-999.999,-999.999,-999.999,-999.999,-999.999,-999.999,-999.999,-999.999,-999.999,-6.196071767946686e-05,-999.999,-999.999,0.0,0.0,0.0,0.0,0.0,0.0,0.0,0.0,0.0,0.0,0.0,0.0,0.0,0.0,-999.999,-999.999,-999.999,-999.999,-999.999,-999.999,-999.999,-999.999,52.0,8.0,-99.99,-99.99,0.0,1.0629851466001363e-05,7.722139142045787e-06,0.0011084693172312698,6.733939943876471e-05,4.949494949494949e-07,0.0,0.0,0.0,0.0,0.0,0.0,0.0
52,i_soln,105202,-99,8.0,0.0,240.0,2.9986045440461253,99.90701205807707,0.0,0.0,0.0,0.0,0.0,0.0,0.0,0.999999999999999,0.0,0.0,0.0,0.0,0.0,0.0,0.0,0.0,0.999999999999999,0.0,0.0,0.0,0.0,0.0,0.0,0.0,0.0,0.0,-999.999,-999.999,-999.999,-999.999,-8.0,-3.215706120982619,-999.999,-999.999,-999.999,-999.999,-2.212279423983691,-999.999,-999.999,-999.999,-999.999,-999.999,-999.999,-999.999,-999.999,-999.999,-999.999,-999.999,-999.999,-999.999,-999.999,-999.999,-999.999,-999.999,0.0,0.0,0.0,0.0,0.0,0.0,0.0,0.0,0.0,0.0,0.0,0.0,0.0,0.0,-999.999,-999.999,-999.999,-999.999,-999.999,-999.999,-999.999,43.95804465241585,52.0,8.0,-99.99,-99.99,0.0,1.0629851466001363e-05,7.722139142045787e-06,0.0011084693172312698,6.733939943876471e-05,4.949494949494949e-07,0.0,0.0,0.0,0.0,0.0,0.0,0.0
52,react,52,1,8.217165305994856,-7.648506492481314,240.0,0.25313297781389094,15.386693969976093,1.0460780034344894,0.49813238258785514,0.0009962647651757066,0.09962647651757187,7.187028687639558e-06,2.3658781777548284e-10,0.09574098849543013,2.4112242981175005e-05,0.09962647632410443,7.187028687638835e-06,7.221918742132664e-19,1.477173014486221e-10,8.887051632686074e-11,0.09565709925026782,8.355785667559483e-05,2.4112242981175005e-05,0.0,4.511031757016648e-14,3.128880199656287e-31,5.37647525226932e-12,1.9839000392320825e-23,1.4032725829286286e-12,4.596683978455231e-28,6.613692829592895e-15,5.5939523270676454e-30,8.867768446494661e-11,-6.190096269826231,-5.595716241676005,-4.97022237832093,-7.41355694453334,-8.217165305994856,-3.0033874230376547,-1.3874282029461344,-2.6568588400565005,-14.427511808417943,-22.344116947815532,-69.11584355384343,-16.8068691497558,-16.331837919613577,-17.334790580435232,-95.53757944008458,-9.517969589588196,-12.227178173178743,-23.264904413224688,-22.20640727648374,-9.98179953441914,-23.246280899221848,-12.608105500343383,-25.437512667675524,-5.828422926605981,-11.700254420075261,-10.14027043242728,-21.512466050418187,-6.201213329469142,0.0,0.0,0.0,0.0,0.001625453073107029,-1.6840001028654546e-05,0.0004991940566146576,1.6839998622855245e-05,0.00010599937465635978,6.369912946392684e-07,0.0,0.0,0.0,0.0,-5.379431856469548,-7.355232377300533,-2.0145149252489603,-1.0766068464292928,2.842170943040401e-14,2.842170943040401e-14,-3.4420835057237733,0.0,52.0,8.217165305994856,-1.3874282029461344,-2.6568588400565005,4.174150883749424e-06,1.0629851466001363e-05,7.722139142045787e-06,0.0011084693172312698,6.733939943876471e-05,4.949494949494949e-07,0.0,72.86914667639108,22.378895788055132,0.0,0.0,4.7519575355537915,0.0
53,i_soln,105301,-99,8.0,0.0,240.0,-0.000492783605584837,-63.42297352997195,0.0,0.0,0.0,0.0,0.9999999999999971,0.0,0.0,0.0,0.0,0.9999999999999971,0.0,0.0,0.0,0.0,0.0,0.0,0.0,0.0,0.0,0.0,0.0,0.0,0.0,0.0,0.0,0.0,-999.999,-999.999,-999.999,-999.999,-8.0,-3.2157004040477073,-999.999,-999.999,-999.999,-999.999,-999.999,-999.999,-999.999,-999.999,-999.999,-999.999,-999.999,-999.999,-999.999,-999.999,-999.999,-999.999,-999.999,-999.999,-999.999,-6.196071767946686e-05,-999.999,-999.999,0.0,0.0,0.0,0.0,0.0,0.0,0.0,0.0,0.0,0.0,0.0,0.0,0.0,0.0,-999.999,-999.999,-999.999,-999.999,-999.999,-999.999,-999.999,-999.999,53.0,8.0,-99.99,-99.99,0.0,1.061121360253027e-05,7.913905793232971e-06,0.0010993375927673434,6.712222010032809e-05,4.915824915824914e-07,0.0,0.0,0.0,0.0,0.0,0.0,0.0
53,i_soln,105302,-99,8.0,0.0,240.0,2.9986045440461253,99.90701205807707,0.0,0.0,0.0,0.0,0.0,0.0,0.0,0.999999999999999,0.0,0.0,0.0,0.0,0.0,0.0,0.0,0.0,0.999999999999999,0.0,0.0,0.0,0.0,0.0,0.0,0.0,0.0,0.0,-999.999,-999.999,-999.999,-999.999,-8.0,-3.215706120982619,-999.999,-999.999,-999.999,-999.999,-2.212279423983691,-999.999,-999.999,-999.999,-999.999,-999.999,-999.999,-999.999,-999.999,-999.999,-999.999,-999.999,-999.999,-999.999,-999.999,-999.999,-999.999,-999.999,0.0,0.0,0.0,0.0,0.0,0.0,0.0,0.0,0.0,0.0,0.0,0.0,0.0,0.0,-999.999,-999.999,-999.999,-999.999,-999.999,-999.999,-999.999,43.95804465241585,53.0,8.0,-99.99,-99.99,0.0,1.061121360253027e-05,7.913905793232971e-06,0.0010993375927673434,6.712222010032809e-05,4.915824915824914e-07,0.0,0.0,0.0,0.0,0.0,0.0,0.0
53,react,53,1,8.219356789204909,-7.650810878786976,240.0,0.253134418798654,15.38695577318934,1.046006674875139,0.49809841660721205,0.000996196833214421,0.09961968332144325,7.16616122071501e-06,2.389856385051386e-10,0.09570101658109705,2.397044472656641e-05,0.09961968312789644,7.166161220714282e-06,7.27401667536859e-19,1.489486394007244e-10,9.003699910441425e-11,0.09561690907092733,8.377650604155734e-05,2.397044472656641e-05,0.0,4.502674423118321e-14,3.106528875323062e-31,5.393783612976739e-12,1.979709786620513e-23,1.4006243864464187e-12,4.563627266157827e-28,6.600904326326321e-15,5.553544973675648e-30,8.984261677839445e-11,-6.188930415347283,-5.5970016893780405,-4.972779706089264,-7.415987801570331,-8.219356789204909,-3.001194923136327,-1.3875546736774682,-2.6591767939978936,-14.425431194920947,-22.346421334121196,-69.12275671276042,-16.80919726099758,-16.33418975579147,-17.337166141549236,-95.54458749874605,-9.518081475992531,-12.227431114641423,-23.268265030705827,-22.209791618900997,-9.982879490530737,-23.249688966575217,-12.60920918139109,-25.44094445996501,-5.829581903576674,-11.70131065125074,-10.139110438765318,-21.513610443061882,-6.199148316990415,0.0,0.0,0.0,0.0,0.0016086674012524794,-1.678567185454949e-05,0.0005159797260460387,1.6785669431381052e-05,0.00010663164633380968,6.322716774498951e-07,0.0,0.0,0.0,0.0,-5.372474944571666,-7.344684614703727,-2.0145149252489674,-1.0778787264956478,-2.842170943040401e-14,-2.842170943040401e-14,-3.4408116256574743,0.0,53.0,8.219356789204909,-1.3875546736774682,-2.6591767939978936,4.241554536895482e-06,1.061121360253027e-05,7.913905793232971e-06,0.0010993375927673434,6.712222010032809e-05,4.915824915824914e-07,0.0,72.09620869711895,23.124843571476664,0.0,0.0,4.778947731404384,0.0
54,i_soln,105401,-99,8.0,0.0,240.0,-0.000492783605584837,-63.42297352997195,0.0,0.0,0.0,0.0,0.9999999999999971,0.0,0.0,0.0,0.0,0.9999999999999971,0.0,0.0,0.0,0.0,0.0,0.0,0.0,0.0,0.0,0.0,0.0,0.0,0.0,0.0,0.0,0.0,-999.999,-999.999,-999.999,-999.999,-8.0,-3.2157004040477073,-999.999,-999.999,-999.999,-999.999,-999.999,-999.999,-999.999,-999.999,-999.999,-999.999,-999.999,-999.999,-999.999,-999.999,-999.999,-999.999,-999.999,-999.999,-999.999,-6.196071767946686e-05,-999.999,-999.999,0.0,0.0,0.0,0.0,0.0,0.0,0.0,0.0,0.0,0.0,0.0,0.0,0.0,0.0,-999.999,-999.999,-999.999,-999.999,-999.999,-999.999,-999.999,-999.999,54.0,8.0,-99.99,-99.99,0.0,1.059141124015146e-05,8.11157249833674e-06,0.001089924913995903,6.689147133625528e-05,4.88215488215488e-07,0.0,0.0,0.0,0.0,0.0,0.0,0.0
54,i_soln,105402,-99,8.0,0.0,240.0,2.9986045440461253,99.90701205807707,0.0,0.0,0.0,0.0,0.0,0.0,0.0,0.999999999999999,0.0,0.0,0.0,0.0,0.0,0.0,0.0,0.0,0.999999999999999,0.0,0.0,0.0,0.0,0.0,0.0,0.0,0.0,0.0,-999.999,-999.999,-999.999,-999.999,-8.0,-3.215706120982619,-999.999,-999.999,-999.999,-999.999,-2.212279423983691,-999.999,-999.999,-999.999,-999.999,-999.999,-999.999,-999.999,-999.999,-999.999,-999.999,-999.999,-999.999,-999.999,-999.999,-999.999,-999.999,-999.999,0.0,0.0,0.0,0.0,0.0,0.0,0.0,0.0,0.0,0.0,0.0,0.0,0.0,0.0,-999.999,-999.999,-999.999,-999.999,-999.999,-999.999,-999.999,43.95804465241585,54.0,8.0,-99.99,-99.99,0.0,1.059141124015146e-05,8.11157249833674e-06,0.001089924913995903,6.689147133625528e-05,4.88215488215488e-07,0.0,0.0,0.0,0.0,0.0,0.0,0.0
54,react,54,1,8.221538229757359,-7.653105278270584,240.0,0.25313584980081133,15.387216922896755,1.045935604371251,0.4980645735101224,0.000996129147020242,0.09961291470202528,7.145438899528929e-06,2.413999178720813e-10,0.09566118782771618,2.3830037624398037e-05,0.09961291450839886,7.145438899528197e-06,7.326255261881343e-19,1.501864139617332e-10,9.121350391034814e-11,0.09557686347796393,8.399372941521522e-05,2.3830037624398037e-05,0.0,4.494384289653928e-14,3.0844437209670735e-31,5.411084450562936e-12,1.9755508593868535e-23,1.3979974689389317e-12,4.5309655488321635e-28,6.588218441043834e-15,5.5136216036891194e-30,9.101756550232301e-11,-6.187774988322945,-5.5982819987872166,-4.975326891083471,-7.418408593809254,-8.221538229757359,-2.999012469914762,-1.3876810664327646,-2.66148462730564,-14.423360687961429,-22.348715733604802,-69.12963991121123,-16.811515298265693,-16.336531430844094,-17.339531454386368,-95.5515652483349,-9.518193422254573,-12.227683900152043,-23.271610591872513,-22.21316081785219,-9.983954289998321,-23.253081803310916,-12.610307618643189,-25.444360934485218,-5.830735820230551,-11.70236181293382,-10.137955509442325,-21.5147499132225,-6.197093269193273,0.0,0.0,0.0,0.0,0.0015919394518554768,-1.6727949397002655e-05,0.0005327076730030794,1.6727946957040686e-05,0.00010725917954035022,6.27533206540545e-07,0.0,0.0,0.0,0.0,-5.365548406640977,-7.334182355211102,-2.0145149252489674,-1.079145602080665,0.0,0.0,-3.4395447500724377,0.0,54.0,8.221538229757359,-1.3876810664327646,-2.66148462730564,4.309745187312855e-06,1.059141124015146e-05,8.11157249833674e-06,0.001089924913995903,6.689147133625528e-05,4.88215488215488e-07,0.0,71.32644630815788,23.867833159176786,0.0,0.0,4.8057205326653305,0.0
55,i_soln,105501,-99,8.0,0.0,240.0,-0.000492783605584837,-63.42297352997195,0.0,0.0,0.0,0.0,0.9999999999999971,0.0,0.0,0.0,0.0,0.9999999999999971,0.0,0.0,0.0,0.0,0.0,0.0,0.0,0.0,0.0,0.0,0.0,0.0,0.0,0.0,0.0,0.0,-999.999,-999.999,-999.999,-999.999,-8.0,-3.2157004040477073,-999.999,-999.999,-999.999,-999.999,-999.999,-999.999,-999.999,-999.999,-999.999,-999.999,-999.999,-999.999,-999.999,-999.999,-999.999,-999.999,-999.999,-999.999,-999.999,-6.196071767946686e-05,-999.999,-999.999,0.0,0.0,0.0,0.0,0.0,0.0,0.0,0.0,0.0,0.0,0.0,0.0,0.0,0.0,-999.999,-999.999,-999.999,-999.999,-999.999,-999.999,-999.999,-999.999,55.0,8.0,-99.99,-99.99,0.0,1.0570371620648403e-05,8.315320783373242e-06,0.00108022263684066,6.66463053250481e-05,4.848484848484848e-07,0.0,0.0,0.0,0.0,0.0,0.0,0.0
55,i_soln,105502,-99,8.0,0.0,240.0,2.9986045440461253,99.90701205807707,0.0,0.0,0.0,0.0,0.0,0.0,0.0,0.999999999999999,0.0,0.0,0.0,0.0,0.0,0.0,0.0,0.0,0.999999999999999,0.0,0.0,0.0,0.0,0.0,0.0,0.0,0.0,0.0,-999.999,-999.999,-999.999,-999.999,-8.0,-3.215706120982619,-999.999,-999.999,-999.999,-999.999,-2.212279423983691,-999.999,-999.999,-999.999,-999.999,-999.999,-999.999,-999.999,-999.999,-999.999,-999.999,-999.999,-999.999,-999.999,-999.999,-999.999,-999.999,-999.999,0.0,0.0,0.0,0.0,0.0,0.0,0.0,0.0,0.0,0.0,0.0,0.0,0.0,0.0,-999.999,-999.999,-999.999,-999.999,-999.999,-999.999,-999.999,43.95804465241585,55.0,8.0,-99.99,-99.99,0.0,1.0570371620648403e-05,8.315320783373242e-06,0.00108022263684066,6.66463053250481e-05,4.848484848484848e-07,0.0,0.0,0.0,0.0,0.0,0.0,0.0
55,react,55,1,8.223709118258528,-7.655389121307096,240.0,0.25313727082747584,15.387477375468762,1.0458648070034662,0.4980308604778437,0.0009960617209556853,0.09960617209556957,7.124865670426253e-06,2.4383002715982393e-10,0.0956215107481421,2.3691041521073476e-05,0.09960617190186331,7.124865670425514e-06,7.378620163512856e-19,1.5143028355906902e-10,9.239974360075486e-11,0.09553697099624636,8.420951463963887e-05,2.3691041521073476e-05,0.0,4.486162592880338e-14,3.0626264059489463e-31,5.428372818679998e-12,1.9714240520804838e-23,1.3953922216236681e-12,4.498701249736628e-28,6.575637060653881e-15,5.4741851398704626e-30,9.220224392605312e-11,-6.186629985785498,-5.599556868186162,-4.977863300984459,-7.420818720278,-8.223709118258528,-2.9968405729757754,-1.3878073498650187,-2.663781799239054,-14.421300737119967,-22.350999576641314,-69.13649144032077,-16.81382268693732,-16.338862365150842,-17.341885934328232,-95.55851095998487,-9.518305368352099,-12.227936467016548,-23.27494028307861,-22.216514054693405,-9.985023683803025,-23.25645858578725,-12.611400558083005,-25.447761262596668,-5.831884406197268,-11.703407661103405,-10.136805915037804,-21.515884161854494,-6.195048664124359,0.0,0.0,0.0,0.0,0.001575272830204251,-1.6666621651225755e-05,0.0005493742921981831,1.6666619195103752e-05,0.0001078819543113495,6.227747709992778e-07,0.0,0.0,0.0,0.0,-5.358653865527289,-7.323728093224137,-2.014514925248996,-1.0804071425827075,0.0,-5.684341886080802e-14,-3.438283209570395,0.0,55.0,8.223709118258528,-1.3878073498650187,-2.663781799239054,4.37870951057192e-06,1.0570371620648403e-05,8.315320783373242e-06,0.00108022263684066,6.66463053250481e-05,4.848484848484848e-07,0.0,70.56001405020919,24.6077105077102,0.0,0.0,4.832275442080626,0.0
56,i_soln,105601,-99,8.0,0.0,240.0,-0.000492783605584837,-63.42297352997195,0.0,0.0,0.0,0.0,0.9999999999999971,0.0,0.0,0.0,0.0,0.9999999999999971,0.0,0.0,0.0,0.0,0.0,0.0,0.0,0.0,0.0,0.0,0.0,0.0,0.0,0.0,0.0,0.0,-999.999,-999.999,-999.999,-999.999,-8.0,-3.2157004040477073,-999.999,-999.999,-999.999,-999.999,-999.999,-999.999,-999.999,-999.999,-999.999,-999.999,-999.999,-999.999,-999.999,-999.999,-999.999,-999.999,-999.999,-999.999,-999.999,-6.196071767946686e-05,-999.999,-999.999,0.0,0.0,0.0,0.0,0.0,0.0,0.0,0.0,0.0,0.0,0.0,0.0,0.0,0.0,-999.999,-999.999,-999.999,-999.999,-999.999,-999.999,-999.999,-999.999,56.0,8.0,-99.99,-99.99,0.0,1.0548017439850909e-05,8.525337759340547e-06,0.0010702218512744122,6.638582127308458e-05,4.814814814814814e-07,0.0,0.0,0.0,0.0,0.0,0.0,0.0
56,i_soln,105602,-99,8.0,0.0,240.0,2.9986045440461253,99.90701205807707,0.0,0.0,0.0,0.0,0.0,0.0,0.0,0.999999999999999,0.0,0.0,0.0,0.0,0.0,0.0,0.0,0.0,0.999999999999999,0.0,0.0,0.0,0.0,0.0,0.0,0.0,0.0,0.0,-999.999,-999.999,-999.999,-999.999,-8.0,-3.215706120982619,-999.999,-999.999,-999.999,-999.999,-2.212279423983691,-999.999,-999.999,-999.999,-999.999,-999.999,-999.999,-999.999,-999.999,-999.999,-999.999,-999.999,-999.999,-999.999,-999.999,-999.999,-999.999,-999.999,0.0,0.0,0.0,0.0,0.0,0.0,0.0,0.0,0.0,0.0,0.0,0.0,0.0,0.0,-999.999,-999.999,-999.999,-999.999,-999.999,-999.999,-999.999,43.95804465241585,56.0,8.0,-99.99,-99.99,0.0,1.0548017439850909e-05,8.525337759340547e-06,0.0010702218512744122,6.638582127308458e-05,4.814814814814814e-07,0.0,0.0,0.0,0.0,0.0,0.0,0.0
56,react,56,1,8.225868918562343,-7.6576618088919535,240.0,0.25313868188619076,15.38773708456462,1.0457942987932238,0.49799728513963265,0.0009959945702792633,0.09959945702792787,7.104445693109066e-06,2.462752774926236e-10,0.09558199438624913,2.355347745343238e-05,0.09959945683414166,7.104445693108323e-06,7.431096027548415e-19,1.52679877878099e-10,9.359539961452462e-11,0.09549724068222948,8.442384898511141e-05,2.355347745343238e-05,0.0,4.4780106426405174e-14,3.0410787696551665e-31,5.44564347496537e-12,1.9673302006343918e-23,1.3928090591179116e-12,4.466837043366167e-28,6.5631621856057035e-15,5.4352388119118874e-30,9.339633395426918e-11,-6.185495408578074,-5.6008259795161095,-4.980388270140033,-7.423217548648211,-8.225868918562343,-2.9946797686876376,-1.3879334906503633,-2.6660677403282236,-14.41925181612855,-22.353272264226174,-69.14330950307534,-16.816118822698083,-16.341181949087503,-17.3442289664408,-95.56542281544306,-9.51841725164882,-12.228188748587216,-23.2782532485986,-22.219850468389296,-9.986087409914056,-23.259818447659043,-12.612487732369939,-25.451144572644363,-5.833027376741839,-11.704447939038534,-10.135661940508896,-21.517012874910442,-6.1930150046058845,0.0,0.0,0.0,0.0,0.0015586713668379628,-1.660146336628825e-05,0.0005659757530928831,1.6601460894699995e-05,0.00010849994949699647,6.179951856469685e-07,0.0,0.0,0.0,0.0,-5.351793030306883,-7.313324455104647,-2.0145149252489745,-1.0816630004083478,-2.842170943040401e-14,-5.684341886080802e-14,-3.4370273517447645,-1.7763568394002505e-15,56.0,8.225868918562343,-1.3879334906503633,-2.6660677403282236,4.448432138149795e-06,1.0548017439850909e-05,8.525337759340547e-06,0.0010702218512744122,6.638582127308458e-05,4.814814814814814e-07,0.0,69.79707642978087,25.344311659594034,0.0,0.0,4.858611910625098,0.0
57,i_soln,105701,-99,8.0,0.0,240.0,-0.000492783605584837,-63.42297352997195,0.0,0.0,0.0,0.0,0.9999999999999971,0.0,0.0,0.0,0.0,0.9999999999999971,0.0,0.0,0.0,0.0,0.0,0.0,0.0,0.0,0.0,0.0,0.0,0.0,0.0,0.0,0.0,0.0,-999.999,-999.999,-999.999,-999.999,-8.0,-3.2157004040477073,-999.999,-999.999,-999.999,-999.999,-999.999,-999.999,-999.999,-999.999,-999.999,-999.999,-999.999,-999.999,-999.999,-999.999,-999.999,-999.999,-999.999,-999.999,-999.999,-6.196071767946686e-05,-999.999,-999.999,0.0,0.0,0.0,0.0,0.0,0.0,0.0,0.0,0.0,0.0,0.0,0.0,0.0,0.0,-999.999,-999.999,-999.999,-999.999,-999.999,-999.999,-999.999,-999.999,57.0,8.0,-99.99,-99.99,0.0,1.052426656360267e-05,8.741816294050913e-06,0.0010599133731365737,6.61090621049062e-05,4.78114478114478e-07,0.0,0.0,0.0,0.0,0.0,0.0,0.0
57,i_soln,105702,-99,8.0,0.0,240.0,2.9986045440461253,99.90701205807707,0.0,0.0,0.0,0.0,0.0,0.0,0.0,0.999999999999999,0.0,0.0,0.0,0.0,0.0,0.0,0.0,0.0,0.999999999999999,0.0,0.0,0.0,0.0,0.0,0.0,0.0,0.0,0.0,-999.999,-999.999,-999.999,-999.999,-8.0,-3.215706120982619,-999.999,-999.999,-999.999,-999.999,-2.212279423983691,-999.999,-999.999,-999.999,-999.999,-999.999,-999.999,-999.999,-999.999,-999.999,-999.999,-999.999,-999.999,-999.999,-999.999,-999.999,-999.999,-999.999,0.0,0.0,0.0,0.0,0.0,0.0,0.0,0.0,0.0,0.0,0.0,0.0,0.0,0.0,-999.999,-999.999,-999.999,-999.999,-999.999,-999.999,-999.999,43.95804465241585,57.0,8.0,-99.99,-99.99,0.0,1.052426656360267e-05,8.741816294050913e-06,0.0010599133731365737,6.61090621049062e-05,4.78114478114478e-07,0.0,0.0,0.0,0.0,0.0,0.0,0.0
57,react,57,1,8.22801706611197,-7.659922710832584,240.0,0.2531400829849756,15.387996000964936,1.0457240967614716,0.4979638556007034,0.0009959277112014042,0.09959277112014195,7.084183354039687e-06,2.487349156987907e-10,0.09554264835005348,2.3417367725442625e-05,0.09959277092627566,7.084183354038939e-06,7.483666421819102e-19,1.5393479595068278e-10,9.480011974810795e-11,0.0954576821571433,8.463671908148223e-05,2.3417367725442625e-05,0.0,4.469929827027689e-14,3.0198028319888704e-31,5.46289086280382e-12,1.9632701849739377e-23,1.390248420920579e-12,4.435375870922392e-28,6.550795937071459e-15,5.396786175306642e-30,9.459948388388667e-11,-6.184371261691579,-5.602088997362175,-4.982901097508988,-7.425604413302992,-8.22801706611197,-2.9925306218432492,-1.3880594533645243,-2.6683418505920145,-14.417214424380399,-22.3555331661668,-69.15009220889723,-16.818403069714055,-16.343489541178815,-17.346559903607453,-95.57229890156634,-9.518529006745059,-12.228440674015514,-23.281548588032322,-22.223169152898357,-9.987145192482489,-23.26316047724345,-12.613568860013716,-25.454509947304107,-5.834164431873745,-11.705482376531625,-10.134523886082256,-21.51813572242443,-6.1909928197704165,0.0,0.0,0.0,0.0,0.0015421391316204642,-1.6532235217498565e-05,0.0005825079858240864,1.6532232731203324e-05,0.00010911314268586582,6.131931888693503e-07,0.0,0.0,0.0,0.0,-5.344967701631155,-7.3029742073474235,-2.0145149252489887,-1.0829128099311944,1.4210854715202004e-14,-2.842170943040401e-14,-3.4357775422218824,1.7763568394002505e-15,57.0,8.22801706611197,-1.3880594533645243,-2.6683418505920145,4.518895500348178e-06,1.052426656360267e-05,8.741816294050913e-06,0.0010599133731365737,6.61090621049062e-05,4.78114478114478e-07,0.0,69.03780853950852,26.07746212613153,0.0,0.0,4.88472933435996,0.0
58,i_soln,105801,-99,8.0,0.0,240.0,-0.000492783605584837,-63.42297352997195,0.0,0.0,0.0,0.0,0.9999999999999971,0.0,0.0,0.0,0.0,0.9999999999999971,0.0,0.0,0.0,0.0,0.0,0.0,0.0,0.0,0.0,0.0,0.0,0.0,0.0,0.0,0.0,0.0,-999.999,-999.999,-999.999,-999.999,-8.0,-3.2157004040477073,-999.999,-999.999,-999.999,-999.999,-999.999,-999.999,-999.999,-999.999,-999.999,-999.999,-999.999,-999.999,-999.999,-999.999,-999.999,-999.999,-999.999,-999.999,-999.999,-6.196071767946686e-05,-999.999,-999.999,0.0,0.0,0.0,0.0,0.0,0.0,0.0,0.0,0.0,0.0,0.0,0.0,0.0,0.0,-999.999,-999.999,-999.999,-999.999,-999.999,-999.999,-999.999,-999.999,58.0,8.0,-99.99,-99.99,0.0,1.0499031725982395e-05,8.964955189249764e-06,0.0010492877356989574,6.581501094671271e-05,4.747474747474747e-07,0.0,0.0,0.0,0.0,0.0,0.0,0.0
58,i_soln,105802,-99,8.0,0.0,240.0,2.9986045440461253,99.90701205807707,0.0,0.0,0.0,0.0,0.0,0.0,0.0,0.999999999999999,0.0,0.0,0.0,0.0,0.0,0.0,0.0,0.0,0.999999999999999,0.0,0.0,0.0,0.0,0.0,0.0,0.0,0.0,0.0,-999.999,-999.999,-999.999,-999.999,-8.0,-3.215706120982619,-999.999,-999.999,-999.999,-999.999,-2.212279423983691,-999.999,-999.999,-999.999,-999.999,-999.999,-999.999,-999.999,-999.999,-999.999,-999.999,-999.999,-999.999,-999.999,-999.999,-999.999,-999.999,-999.999,0.0,0.0,0.0,0.0,0.0,0.0,0.0,0.0,0.0,0.0,0.0,0.0,0.0,0.0,-999.999,-999.999,-999.999,-999.999,-999.999,-999.999,-999.999,43.95804465241585,58.0,8.0,-99.99,-99.99,0.0,1.0499031725982395e-05,8.964955189249764e-06,0.0010492877356989574,6.581501094671271e-05,4.747474747474747e-07,0.0,0.0,0.0,0.0,0.0,0.0,0.0
58,react,58,1,8.230152966173659,-7.662171163785872,240.0,0.2531414741323539,15.388254072392769,1.0456542189910443,0.49793058047192856,0.0009958611609438548,0.09958611609438689,7.064083280708244e-06,2.5120811989421627e-10,0.09550348284691408,2.328273599188067e-05,0.09958611590044052,7.064083280707491e-06,7.536313766298719e-19,1.5519460410863146e-10,9.601351578558483e-11,0.09541830564220921,8.484811090266293e-05,2.328273599188067e-05,0.0,4.461921616988077e-14,2.998800804570641e-31,5.4801090914764515e-12,1.9592449318005497e-23,1.387710772877044e-12,4.404320956830515e-28,6.5385405640607016e-15,5.358831131497528e-30,9.581130603636036e-11,-6.18325755433251,-5.603345567874052,-4.985401044437006,-7.42797861324366,-8.230152966173659,-2.990393727427174,-1.3881852003518942,-2.670603497641075,-14.415189088501538,-22.35778161912009,-69.15683756775711,-16.820674758648554,-16.345784466094525,-17.34887806450437,-95.57913720435104,-9.518640565282272,-12.228692167990257,-23.28482535350396,-22.226469154351214,-9.988196740982053,-23.26648371467751,-12.614643644494489,-25.45785642071938,-5.8352952553982576,-11.706510689049981,-10.133392068203324,-21.519252357498786,-6.1889826666960905,0.0,0.0,0.0,0.0,0.0015256804486934008,-1.6458682927063435e-05,0.0005989666662509766,1.645868042689019e-05,0.00010972151012149964,6.083674356338175e-07,0.0,0.0,0.0,0.0,-5.3381797774209385,-7.292680265317696,-2.0145149252489674,-1.0841561863473927,-1.4210854715202004e-14,-2.842170943040401e-14,-3.43453416580574,0.0,58.0,8.230152966173659,-1.3881852003518942,-2.670603497641075,4.5900796586728576e-06,1.0499031725982395e-05,8.964955189249764e-06,0.0010492877356989574,6.581501094671271e-05,4.747474747474747e-07,0.0,68.28239671725692,26.806976231744972,0.0,0.0,4.910627050998116,0.0
59,i_soln,105901,-99,8.0,0.0,240.0,-0.000492783605584837,-63.42297352997195,0.0,0.0,0.0,0.0,0.9999999999999971,0.0,0.0,0.0,0.0,0.9999999999999971,0.0,0.0,0.0,0.0,0.0,0.0,0.0,0.0,0.0,0.0,0.0,0.0,0.0,0.0,0.0,0.0,-999.999,-999.999,-999.999,-999.999,-8.0,-3.2157004040477073,-999.999,-999.999,-999.999,-999.999,-999.999,-999.999,-999.999,-999.999,-999.999,-999.999,-999.999,-999.999,-999.999,-999.999,-999.999,-999.999,-999.999,-999.999,-999.999,-6.196071767946686e-05,-999.999,-999.999,0.0,0.0,0.0,0.0,0.0,0.0,0.0,0.0,0.0,0.0,0.0,0.0,0.0,0.0,-999.999,-999.999,-999.999,-999.999,-999.999,-999.999,-999.999,-999.999,59.0,8.0,-99.99,-99.99,0.0,1.0472220208669686e-05,9.194959363184047e-06,0.0010383351809720633,6.550258739014532e-05,4.7138047138047126e-07,0.0,0.0,0.0,0.0,0.0,0.0,0.0
59,i_soln,105902,-99,8.0,0.0,240.0,2.9986045440461253,99.90701205807707,0.0,0.0,0.0,0.0,0.0,0.0,0.0,0.999999999999999,0.0,0.0,0.0,0.0,0.0,0.0,0.0,0.0,0.999999999999999,0.0,0.0,0.0,0.0,0.0,0.0,0.0,0.0,0.0,-999.999,-999.999,-999.999,-999.999,-8.0,-3.215706120982619,-999.999,-999.999,-999.999,-999.999,-2.212279423983691,-999.999,-999.999,-999.999,-999.999,-999.999,-999.999,-999.999,-999.999,-999.999,-999.999,-999.999,-999.999,-999.999,-999.999,-999.999,-999.999,-999.999,0.0,0.0,0.0,0.0,0.0,0.0,0.0,0.0,0.0,0.0,0.0,0.0,0.0,0.0,-999.999,-999.999,-999.999,-999.999,-999.999,-999.999,-999.999,43.95804465241585,59.0,8.0,-99.99,-99.99,0.0,1.0472220208669686e-05,9.194959363184047e-06,0.0010383351809720633,6.550258739014532e-05,4.7138047138047126e-07,0.0,0.0,0.0,0.0,0.0,0.0,0.0
59,react,59,1,8.232275991962851,-7.6644064692103875,240.0,0.2531428553373761,15.388511243322695,1.0455846846929338,0.4978974689013998,0.0009957949378027976,0.09957949378028111,7.044150356786464e-06,2.536939948029901e-10,0.09546450872095152,2.314960734534369e-05,0.09957949358625465,7.044150356785705e-06,7.589019259930517e-19,1.5645883382319729e-10,9.723516097979275e-11,0.09537912199612793,8.505800969687725e-05,2.314960734534369e-05,0.0,4.453987571561238e-14,2.978075102627895e-31,5.4972919155353116e-12,1.9552554175463076e-23,1.385196608844228e-12,4.373675826271843e-28,6.5263984514925035e-15,5.321377949264833e-30,9.703137424118801e-11,-6.182154300269881,-5.604595317619866,-4.987887332329832,-7.430339409902331,-8.232275991962851,-2.9882697124904345,-1.388310691586047,-2.6728520146644144,-14.413176364052577,-22.360016924544606,-69.16354348403064,-16.822933184592348,-16.34806601255759,-17.351182731486716,-95.58593560270171,-9.51875185577005,-12.228943150458576,-23.288082546725267,-22.229749468091796,-9.98924174929812,-23.269787148937368,-12.615711773329835,-25.461182975498517,-5.836419513909931,-11.70753257684677,-10.132266820544098,-21.520362415264078,-6.186985132141069,0.0,0.0,0.0,0.0,0.001509299912363583,-1.6380536329817664e-05,0.0006153472000676467,1.6380533816670096e-05,0.00011032502661568678,6.035164941871487e-07,0.0,0.0,0.0,0.0,-5.331431258908207,-7.28244570248704,-2.0145149252489603,-1.0853927244943478,1.4210854715202004e-14,5.684341886080802e-14,-3.433297627658738,0.0,59.0,8.232275991962851,-1.388310691586047,-2.6728520146644144,4.661962127306824e-06,1.0472220208669686e-05,9.194959363184047e-06,0.0010383351809720633,6.550258739014532e-05,4.7138047138047126e-07,0.0,67.53103924629728,27.53265641736617,0.0,0.0,4.936304336336555,0.0
60,i_soln,106001,-99,8.0,0.0,240.0,-0.000492783605584837,-63.42297352997195,0.0,0.0,0.0,0.0,0.9999999999999971,0.0,0.0,0.0,0.0,0.9999999999999971,0.0,0.0,0.0,0.0,0.0,0.0,0.0,0.0,0.0,0.0,0.0,0.0,0.0,0.0,0.0,0.0,-999.999,-999.999,-999.999,-999.999,-8.0,-3.2157004040477073,-999.999,-999.999,-999.999,-999.999,-999.999,-999.999,-999.999,-999.999,-999.999,-999.999,-999.999,-999.999,-999.999,-999.999,-999.999,-999.999,-999.999,-999.999,-999.999,-6.196071767946686e-05,-999.999,-999.999,0.0,0.0,0.0,0.0,0.0,0.0,0.0,0.0,0.0,0.0,0.0,0.0,0.0,0.0,-999.999,-999.999,-999.999,-999.999,-999.999,-999.999,-999.999,-999.999,60.0,8.0,-99.99,-99.99,0.0,1.0443733500277627e-05,9.432040038787687e-06,0.0010270456507438866,6.51706435226296e-05,4.68013468013468e-07,0.0,0.0,0.0,0.0,0.0,0.0,0.0
60,i_soln,106002,-99,8.0,0.0,240.0,2.9986045440461253,99.90701205807707,0.0,0.0,0.0,0.0,0.0,0.0,0.0,0.999999999999999,0.0,0.0,0.0,0.0,0.0,0.0,0.0,0.0,0.999999999999999,0.0,0.0,0.0,0.0,0.0,0.0,0.0,0.0,0.0,-999.999,-999.999,-999.999,-999.999,-8.0,-3.215706120982619,-999.999,-999.999,-999.999,-999.999,-2.212279423983691,-999.999,-999.999,-999.999,-999.999,-999.999,-999.999,-999.999,-999.999,-999.999,-999.999,-999.999,-999.999,-999.999,-999.999,-999.999,-999.999,-999.999,0.0,0.0,0.0,0.0,0.0,0.0,0.0,0.0,0.0,0.0,0.0,0.0,0.0,0.0,-999.999,-999.999,-999.999,-999.999,-999.999,-999.999,-999.999,43.95804465241585,60.0,8.0,-99.99,-99.99,0.0,1.0443733500277627e-05,9.432040038787687e-06,0.0010270456507438866,6.51706435226296e-05,4.68013468013468e-07,0.0,0.0,0.0,0.0,0.0,0.0,0.0
60,react,60,1,8.234385482648282,-7.666627891152695,240.0,0.2531442266096625,15.38876745477983,1.0455155142767079,0.4978645306079589,0.0009957290612159157,0.09957290612159296,7.024389738271741e-06,2.561915667688442e-10,0.0954257374927799,2.3018008410811065e-05,0.09957290592748651,7.024389738270977e-06,7.641762803412494e-19,1.577269793963392e-10,9.846458737250501e-11,0.09534014275483464,8.526639996308417e-05,2.3018008410811065e-05,0.0,4.446129343130297e-14,2.9576283576967885e-31,5.51443271245276e-12,1.9513026715230813e-23,1.3827064523611675e-12,4.343444323915629e-28,6.5143721283069016e-15,5.2844312875774176e-30,9.825922115861424e-11,-6.181061517945098,-5.6058378523666175,-4.990359140144163,-7.432686024780651,-8.234385482648282,-2.98615923814741,-1.3884358845220568,-2.6750866982858525,-14.411176837308835,-22.362238346486915,-69.17020774985757,-16.8251776048266,-16.35033343108379,-17.353473148304854,-95.5926918616964,-9.518862803369334,-12.229193536330607,-23.29131911583424,-22.23300903549271,-9.990279894756728,-23.27306971463023,-12.616772917080384,-25.46448853948332,-5.837536855720657,-11.708547724013435,-10.131148495075795,-21.52146551173808,-6.185000834391651,0.0,0.0,0.0,0.0,0.0014930024039830176,-1.629750838056548e-05,0.0006316447059230724,1.629750585542566e-05,0.00011092366545420302,5.986388385162362e-07,0.0,0.0,0.0,0.0,-5.324724257071072,-7.272273760303262,-2.0145149252489745,-1.0866219975619273,0.0,-2.842170943040401e-14,-3.4320683545911512,-1.7763568394002505e-15,60.0,8.234385482648282,-1.3884358845220568,-2.6750866982858525,4.734517682856525e-06,1.0443733500277627e-05,9.432040038787687e-06,0.0010270456507438866,6.51706435226296e-05,4.68013468013468e-07,0.0,66.78394709925476,28.25429250036936,0.0,0.0,4.961760400375879,0.0
61,i_soln,106101,-99,8.0,0.0,240.0,-0.000492783605584837,-63.42297352997195,0.0,0.0,0.0,0.0,0.9999999999999971,0.0,0.0,0.0,0.0,0.9999999999999971,0.0,0.0,0.0,0.0,0.0,0.0,0.0,0.0,0.0,0.0,0.0,0.0,0.0,0.0,0.0,0.0,-999.999,-999.999,-999.999,-999.999,-8.0,-3.2157004040477073,-999.999,-999.999,-999.999,-999.999,-999.999,-999.999,-999.999,-999.999,-999.999,-999.999,-999.999,-999.999,-999.999,-999.999,-999.999,-999.999,-999.999,-999.999,-999.999,-6.196071767946686e-05,-999.999,-999.999,0.0,0.0,0.0,0.0,0.0,0.0,0.0,0.0,0.0,0.0,0.0,0.0,0.0,0.0,-999.999,-999.999,-999.999,-999.999,-999.999,-999.999,-999.999,-999.999,61.0,8.0,-99.99,-99.99,0.0,1.0413466934400372e-05,9.676414937656864e-06,0.0010154087773430209,6.481795970969332e-05,4.6464646464646455e-07,0.0,0.0,0.0,0.0,0.0,0.0,0.0
61,i_soln,106102,-99,8.0,0.0,240.0,2.9986045440461253,99.90701205807707,0.0,0.0,0.0,0.0,0.0,0.0,0.0,0.999999999999999,0.0,0.0,0.0,0.0,0.0,0.0,0.0,0.0,0.999999999999999,0.0,0.0,0.0,0.0,0.0,0.0,0.0,0.0,0.0,-999.999,-999.999,-999.999,-999.999,-8.0,-3.215706120982619,-999.999,-999.999,-999.999,-999.999,-2.212279423983691,-999.999,-999.999,-999.999,-999.999,-999.999,-999.999,-999.999,-999.999,-999.999,-999.999,-999.999,-999.999,-999.999,-999.999,-999.999,-999.999,-999.999,0.0,0.0,0.0,0.0,0.0,0.0,0.0,0.0,0.0,0.0,0.0,0.0,0.0,0.0,-999.999,-999.999,-999.999,-999.999,-999.999,-999.999,-999.999,43.95804465241585,61.0,8.0,-99.99,-99.99,0.0,1.0413466934400372e-05,9.676414937656864e-06,0.0010154087773430209,6.481795970969332e-05,4.6464646464646455e-07,0.0,0.0,0.0,0.0,0.0,0.0,0.0
61,react,61,1,8.236480741233198,-7.66883465392301,240.0,0.2531455879594351,15.38902264412523,1.0454467294253253,0.4978317759168246,0.0009956635518336469,0.0995663551833658,7.004806870644294e-06,2.5869977847035843e-10,0.09538718140173574,2.2887967444823802e-05,0.09956635498917951,7.004806870643525e-06,7.694522916866257e-19,1.589984955209248e-10,9.970128294943362e-11,0.09530138017379203,8.547326538617277e-05,2.2887967444823802e-05,0.0,4.438348683267578e-14,2.9374634311350667e-31,5.531524459241847e-12,1.9473877792703316e-23,1.3802408585070395e-12,4.313630633846951e-28,6.502464276475744e-15,5.247996219903947e-30,9.949433543731169e-11,-6.179979230793246,-5.607072755785018,-4.992815601749064,-7.435017636968269,-8.236480741233198,-2.9840630016956355,-1.3885607339393555,-2.6773068062880725,-14.4091911271756,-22.36444510925723,-69.1768280381685,-16.82740723647369,-16.35258593160766,-17.3557485177055,-95.59940362551443,-9.518973329687874,-12.229443235165231,-23.294533952065137,-22.236246740600386,-9.991310837094087,-23.27633028861468,-12.61782672829452,-25.467771982344548,-5.838646909721774,-11.709555797474017,-10.130037463207827,-21.52256124264043,-6.183030425224025,0.0,0.0,0.0,0.0,0.0014767931098836097,-1.6209294099407906e-05,0.0006478539974864165,1.62092915633441e-05,0.00011151739829796398,5.937328437609623e-07,0.0,0.0,0.0,0.0,-5.3180609994638885,-7.262167858640522,-2.0145149252489887,-1.0878435557484991,-1.4210854715202004e-14,-2.842170943040401e-14,-3.4308467964046416,0.0,61.0,8.236480741233198,-1.3885607339393555,-2.6773068062880725,4.807718162016103e-06,1.0413466934400372e-05,9.676414937656864e-06,0.0010154087773430209,6.481795970969332e-05,4.6464646464646455e-07,0.0,66.0413447284577,28.9716608882891,0.0,0.0,4.986994383253183,0.0
62,i_soln,106201,-99,8.0,0.0,240.0,-0.000492783605584837,-63.42297352997195,0.0,0.0,0.0,0.0,0.9999999999999971,0.0,0.0,0.0,0.0,0.9999999999999971,0.0,0.0,0.0,0.0,0.0,0.0,0.0,0.0,0.0,0.0,0.0,0.0,0.0,0.0,0.0,0.0,-999.999,-999.999,-999.999,-999.999,-8.0,-3.2157004040477073,-999.999,-999.999,-999.999,-999.999,-999.999,-999.999,-999.999,-999.999,-999.999,-999.999,-999.999,-999.999,-999.999,-999.999,-999.999,-999.999,-999.999,-999.999,-999.999,-6.196071767946686e-05,-999.999,-999.999,0.0,0.0,0.0,0.0,0.0,0.0,0.0,0.0,0.0,0.0,0.0,0.0,0.0,0.0,-999.999,-999.999,-999.999,-999.999,-999.999,-999.999,-999.999,-999.999,62.0,8.0,-99.99,-99.99,0.0,1.0381309305045853e-05,9.928308479993308e-06,0.0010034138741175718,6.444324011376238e-05,4.612794612794613e-07,0.0,0.0,0.0,0.0,0.0,0.0,0.0
62,i_soln,106202,-99,8.0,0.0,240.0,2.9986045440461253,99.90701205807707,0.0,0.0,0.0,0.0,0.0,0.0,0.0,0.999999999999999,0.0,0.0,0.0,0.0,0.0,0.0,0.0,0.0,0.999999999999999,0.0,0.0,0.0,0.0,0.0,0.0,0.0,0.0,0.0,-999.999,-999.999,-999.999,-999.999,-8.0,-3.215706120982619,-999.999,-999.999,-999.999,-999.999,-2.212279423983691,-999.999,-999.999,-999.999,-999.999,-999.999,-999.999,-999.999,-999.999,-999.999,-999.999,-999.999,-999.999,-999.999,-999.999,-999.999,-999.999,-999.999,0.0,0.0,0.0,0.0,0.0,0.0,0.0,0.0,0.0,0.0,0.0,0.0,0.0,0.0,-999.999,-999.999,-999.999,-999.999,-999.999,-999.999,-999.999,43.95804465241585,62.0,8.0,-99.99,-99.99,0.0,1.0381309305045853e-05,9.928308479993308e-06,0.0010034138741175718,6.444324011376238e-05,4.612794612794613e-07,0.0,0.0,0.0,0.0,0.0,0.0,0.0
62,react,62,1,8.238561032298623,-7.6710259395935365,240.0,0.2531469393975526,15.389276744828354,1.045378353174638,0.4977992157974498,0.0009955984315948969,0.09955984315949096,6.985407507151662e-06,2.612174832980408e-10,0.09534885345075213,2.275951444277067e-05,0.09955984296522505,6.985407507150887e-06,7.747276652842678e-19,1.6027279468026786e-10,1.0094468861777296e-10,0.0952628472728921,8.567858880869325e-05,2.275951444277067e-05,0.0,4.4306474487076044e-14,2.917583428578948e-31,5.5485597072752435e-12,1.9435118861274993e-23,1.3778004158014742e-12,4.284239300887677e-28,6.490677740228649e-15,5.212078260223289e-30,1.0073615869476896e-10,-6.178907467378217,-5.6082995880714295,-4.995255803091209,-7.437333380474591,-8.238561032298623,-2.981981738873656,-1.388685191775163,-2.6795115551893005,-14.40721988720217,-22.366636394927756,-69.18340189518008,-16.829621253969165,-16.35482268092808,-17.35800799885088,-95.60606840982581,-9.519083352536422,-12.229692150836842,-23.29772588617542,-22.239461406535614,-9.992334217358792,-23.279567686374858,-12.618872840384174,-25.47103211192968,-5.8397492841723775,-11.710556445913772,-10.128934117000652,-21.52364918210378,-6.181074591994403,0.0,0.0,0.0,0.0,0.0014606775404324408,-1.6115569451168868e-05,0.0006639695643917548,1.611556690533835e-05,0.00011210619507608894,5.887967781249528e-07,0.0,0.0,0.0,0.0,-5.311443837490581,-7.252131606953739,-2.0145149252489674,-1.0890569248042468,-4.263256414560601e-14,-8.526512829121202e-14,-3.4296334273489197,0.0,62.0,8.238561032298623,-1.388685191775163,-2.6795115551893005,4.88153224631816e-06,1.0381309305045853e-05,9.928308479993308e-06,0.0010034138741175718,6.444324011376238e-05,4.612794612794613e-07,0.0,65.30347090568989,29.684523743470276,0.0,0.0,5.012005350839839,0.0
63,i_soln,106301,-99,8.0,0.0,240.0,-0.000492783605584837,-63.42297352997195,0.0,0.0,0.0,0.0,0.9999999999999971,0.0,0.0,0.0,0.0,0.9999999999999971,0.0,0.0,0.0,0.0,0.0,0.0,0.0,0.0,0.0,0.0,0.0,0.0,0.0,0.0,0.0,0.0,-999.999,-999.999,-999.999,-999.999,-8.0,-3.2157004040477073,-999.999,-999.999,-999.999,-999.999,-999.999,-999.999,-999.999,-999.999,-999.999,-999.999,-999.999,-999.999,-999.999,-999.999,-999.999,-999.999,-999.999,-999.999,-999.999,-6.196071767946686e-05,-999.999,-999.999,0.0,0.0,0.0,0.0,0.0,0.0,0.0,0.0,0.0,0.0,0.0,0.0,0.0,0.0,-999.999,-999.999,-999.999,-999.999,-999.999,-999.999,-999.999,-999.999,63.0,8.0,-99.99,-99.99,0.0,1.0347142458040596e-05,1.0187951990699256e-05,0.000991049925621131,6.404510793296945e-05,4.5791245791245785e-07,0.0,0.0,0.0,0.0,0.0,0.0,0.0
63,i_soln,106302,-99,8.0,0.0,240.0,2.9986045440461253,99.90701205807707,0.0,0.0,0.0,0.0,0.0,0.0,0.0,0.999999999999999,0.0,0.0,0.0,0.0,0.0,0.0,0.0,0.0,0.999999999999999,0.0,0.0,0.0,0.0,0.0,0.0,0.0,0.0,0.0,-999.999,-999.999,-999.999,-999.999,-8.0,-3.215706120982619,-999.999,-999.999,-999.999,-999.999,-2.212279423983691,-999.999,-999.999,-999.999,-999.999,-999.999,-999.999,-999.999,-999.999,-999.999,-999.999,-999.999,-999.999,-999.999,-999.999,-999.999,-999.999,-999.999,0.0,0.0,0.0,0.0,0.0,0.0,0.0,0.0,0.0,0.0,0.0,0.0,0.0,0.0,-999.999,-999.999,-999.999,-999.999,-999.999,-999.999,-999.999,43.95804465241585,63.0,8.0,-99.99,-99.99,0.0,1.0347142458040596e-05,1.0187951990699256e-05,0.000991049925621131,6.404510793296945e-05,4.5791245791245785e-07,0.0,0.0,0.0,0.0,0.0,0.0,0.0
63,react,63,1,8.240625579607503,-7.673200885380028,240.0,0.25314828093554925,15.389529686225297,1.04531040999785,0.49776686190374125,0.0009955337238074806,0.0995533723807493,6.966197728253393e-06,2.6374343940832136e-10,0.09531076745403019,2.2632681251136408e-05,0.09955337218640406,6.966197728252613e-06,7.799999503487194e-19,1.6154924440627416e-10,1.0219419500204723e-10,0.09522455788421588,8.588235214214902e-05,2.2632681251136408e-05,0.0,4.423027608072146e-14,2.8979917153365108e-31,5.565530556055799e-12,1.9396762010285413e-23,1.3753857483413775e-12,4.25527525329889e-28,6.479015536411242e-15,5.176683390722234e-30,1.0198408231615162e-10,-6.1778462618355,-5.609517884484147,-4.99767877922204,-7.439632341433253,-8.240625579607503,-2.9799162262580494,-1.388809206947332,-2.68170011767036,-14.405263807757448,-22.368811340714245,-69.18992673253958,-16.83181878641526,-16.357042800033778,-17.360250704616174,-95.6126835938237,-9.519192785707304,-12.22994018118116,-23.300893684689868,-22.24265179170967,-9.993349656746352,-23.282780658208512,-12.619910866431338,-25.474267670422936,-5.840843565412911,-11.71154929864173,-10.127838870453399,-21.524728881343023,-6.179134059857712,0.0,0.0,0.0,0.0,0.0014446615502776345,-1.601599015480632e-05,0.0006799855519922191,1.6015987600464274e-05,0.00011269002387403915,5.838287979502096e-07,0.0,0.0,0.0,0.0,-5.304875254127161,-7.242168816084357,-2.0145149252489745,-1.0902616045223184,0.0,2.842170943040401e-14,-3.4284287476307833,1.7763568394002505e-15,63.0,8.240625579607503,-1.388809206947332,-2.68170011767036,4.955925233610404e-06,1.0347142458040596e-05,1.0187951990699256e-05,0.000991049925621131,6.404510793296945e-05,4.5791245791245785e-07,0.0,64.57057961432685,30.392628095533887,0.0,0.0,5.036792290139273,0.0
64,i_soln,106401,-99,8.0,0.0,240.0,-0.000492783605584837,-63.42297352997195,0.0,0.0,0.0,0.0,0.9999999999999971,0.0,0.0,0.0,0.0,0.9999999999999971,0.0,0.0,0.0,0.0,0.0,0.0,0.0,0.0,0.0,0.0,0.0,0.0,0.0,0.0,0.0,0.0,-999.999,-999.999,-999.999,-999.999,-8.0,-3.2157004040477073,-999.999,-999.999,-999.999,-999.999,-999.999,-999.999,-999.999,-999.999,-999.999,-999.999,-999.999,-999.999,-999.999,-999.999,-999.999,-999.999,-999.999,-999.999,-999.999,-6.196071767946686e-05,-999.999,-999.999,0.0,0.0,0.0,0.0,0.0,0.0,0.0,0.0,0.0,0.0,0.0,0.0,0.0,0.0,-999.999,-999.999,-999.999,-999.999,-999.999,-999.999,-999.999,-999.999,64.0,8.0,-99.99,-99.99,0.0,1.0310840856905422e-05,1.0455583911813236e-05,0.000978305577496813,6.362210034248273e-05,4.5454545454545447e-07,0.0,0.0,0.0,0.0,0.0,0.0,0.0
64,i_soln,106402,-99,8.0,0.0,240.0,2.9986045440461253,99.90701205807707,0.0,0.0,0.0,0.0,0.0,0.0,0.0,0.999999999999999,0.0,0.0,0.0,0.0,0.0,0.0,0.0,0.0,0.999999999999999,0.0,0.0,0.0,0.0,0.0,0.0,0.0,0.0,0.0,-999.999,-999.999,-999.999,-999.999,-8.0,-3.215706120982619,-999.999,-999.999,-999.999,-999.999,-2.212279423983691,-999.999,-999.999,-999.999,-999.999,-999.999,-999.999,-999.999,-999.999,-999.999,-999.999,-999.999,-999.999,-999.999,-999.999,-999.999,-999.999,-999.999,0.0,0.0,0.0,0.0,0.0,0.0,0.0,0.0,0.0,0.0,0.0,0.0,0.0,0.0,-999.999,-999.999,-999.999,-999.999,-999.999,-999.999,-999.999,43.95804465241585,64.0,8.0,-99.99,-99.99,0.0,1.0310840856905422e-05,1.0455583911813236e-05,0.000978305577496813,6.362210034248273e-05,4.5454545454545447e-07,0.0,0.0,0.0,0.0,0.0,0.0,0.0
64,react,64,1,8.242673563550081,-7.675358580801274,240.0,0.25314961258568786,15.389781393263833,1.0452429258952736,0.49773472661680035,0.0009954694532335992,0.0995469453233609,6.94718396237314e-06,2.662763033962806e-10,0.09527293808768436,2.2507501690161046e-05,0.09954694512893672,6.947183962372356e-06,7.852665302822495e-19,1.6282716435213605e-10,1.0344913904414454e-10,0.09518652670269614,8.608453634881013e-05,2.2507501690161046e-05,0.0,4.415491248571645e-14,2.8786919329070587e-31,5.582428624718652e-12,1.9358820005619865e-23,1.3729975179334969e-12,4.226743827145674e-28,6.4674808648418584e-15,5.141818091520672e-30,1.0323744405753523e-10,-6.1767956539571,-5.610727153784756,-5.0000835110824,-7.441913555074059,-8.242673563550081,-2.9778672838192968,-1.3889327251668844,-2.6838716198324946,-14.40332361830119,-22.37096903613549,-69.1963998188033,-16.83399891471058,-16.359245361203175,-17.362475698659644,-95.61924641158375,-9.519301538689797,-12.230187217620243,-23.304036045846704,-22.245816585740577,-9.994356755356018,-23.2859678851135,-12.62094039791508,-25.477477330201996,-5.841929316493967,-11.71253396437732,-10.126752160876164,-21.525799867187025,-6.177209594134666,0.0,0.0,0.0,0.0,0.001428751359859208,-1.5910190418426525e-05,0.0006958957398491497,1.5910187856930588e-05,0.00011326885081135597,5.7882693731682e-07,0.0,0.0,0.0,0.0,-5.298357872152279,-7.232283510891449,-2.014514925248953,-1.0914570670820112,2.842170943040401e-14,5.684341886080802e-14,-3.4272332850710523,0.0,64.0,8.242673563550081,-1.3889327251668844,-2.6838716198324946,5.030858795343026e-06,1.0310840856905422e-05,1.0455583911813236e-05,0.000978305577496813,6.362210034248273e-05,4.5454545454545447e-07,0.0,63.84294099728846,31.09570489845881,0.0,0.0,5.061354104252727,0.0
65,i_soln,106501,-99,8.0,0.0,240.0,-0.000492783605584837,-63.42297352997195,0.0,0.0,0.0,0.0,0.9999999999999971,0.0,0.0,0.0,0.0,0.9999999999999971,0.0,0.0,0.0,0.0,0.0,0.0,0.0,0.0,0.0,0.0,0.0,0.0,0.0,0.0,0.0,0.0,-999.999,-999.999,-999.999,-999.999,-8.0,-3.2157004040477073,-999.999,-999.999,-999.999,-999.999,-999.999,-999.999,-999.999,-999.999,-999.999,-999.999,-999.999,-999.999,-999.999,-999.999,-999.999,-999.999,-999.999,-999.999,-999.999,-6.196071767946686e-05,-999.999,-999.999,0.0,0.0,0.0,0.0,0.0,0.0,0.0,0.0,0.0,0.0,0.0,0.0,0.0,0.0,-999.999,-999.999,-999.999,-999.999,-999.999,-999.999,-999.999,-999.999,65.0,8.0,-99.99,-99.99,0.0,1.0272271121606911e-05,1.0731450021481886e-05,0.0009651691260500467,6.317266311976686e-05,4.511784511784511e-07,0.0,0.0,0.0,0.0,0.0,0.0,0.0
65,i_soln,106502,-99,8.0,0.0,240.0,2.9986045440461253,99.90701205807707,0.0,0.0,0.0,0.0,0.0,0.0,0.0,0.999999999999999,0.0,0.0,0.0,0.0,0.0,0.0,0.0,0.0,0.999999999999999,0.0,0.0,0.0,0.0,0.0,0.0,0.0,0.0,0.0,-999.999,-999.999,-999.999,-999.999,-8.0,-3.215706120982619,-999.999,-999.999,-999.999,-999.999,-2.212279423983691,-999.999,-999.999,-999.999,-999.999,-999.999,-999.999,-999.999,-999.999,-999.999,-999.999,-999.999,-999.999,-999.999,-999.999,-999.999,-999.999,-999.999,0.0,0.0,0.0,0.0,0.0,0.0,0.0,0.0,0.0,0.0,0.0,0.0,0.0,0.0,-999.999,-999.999,-999.999,-999.999,-999.999,-999.999,-999.999,43.95804465241585,65.0,8.0,-99.99,-99.99,0.0,1.0272271121606911e-05,1.0731450021481886e-05,0.0009651691260500467,6.317266311976686e-05,4.511784511784511e-07,0.0,0.0,0.0,0.0,0.0,0.0,0.0
65,react,65,1,8.244704118431748,-7.677498064713702,240.0,0.25315093436098857,15.390031786230114,1.045175928489693,0.49770282309033337,0.0009954056461806645,0.09954056461806748,6.928373007974042e-06,2.688146236189163e-10,0.09523538094358205,2.2384011681960213e-05,0.09954056442356476,6.928373007973251e-06,7.905246122419194e-19,1.6410582321349706e-10,1.0470880040541925e-10,0.09514876934005483,8.628512134328498e-05,2.2384011681960213e-05,0.0,4.4080405836399667e-14,2.8596880165957167e-31,5.5992450224716546e-12,1.9321306332864465e-23,1.370636426520286e-12,4.198650792277552e-28,6.456077120070343e-15,5.1074893723700815e-30,1.044955244513929e-10,-6.175755689683637,-5.611926876582962,-5.002468922137971,-7.444176002558059,-8.244704118431748,-2.975835777635262,-1.3890556887384657,-2.6860251382857356,-14.401400089845549,-22.37310852004792,-69.20281827054059,-16.83616066855306,-16.361429384975708,-17.36468199236223,-95.62575394304122,-9.519409516418193,-12.230433144763438,-23.307151595344237,-22.24895440516816,-9.99535509087117,-23.289127974471132,-12.621961003360283,-25.48065968948968,-5.843006075720602,-11.713510029962421,-10.12567445034718,-21.526861640570477,-6.175302002824577,0.0,0.0,0.0,0.0,0.001412953578263936,-1.5797781595271914e-05,0.0007116935188772391,1.5797779028089444e-05,0.00011384263991399885,5.737891026428844e-07,0.0,0.0,0.0,0.0,-5.291894462885386,-7.222479943611528,-2.014514925248996,-1.0926427553394191,0.0,0.0,-3.4260475968136763,0.0,65.0,8.244704118431748,-1.3890556887384657,-2.6860251382857356,5.106290719444787e-06,1.0272271121606911e-05,1.0731450021481886e-05,0.0009651691260500467,6.317266311976686e-05,4.511784511784511e-07,0.0,63.12084236413499,31.793468028738943,0.0,0.0,5.085689607126078,0.0
66,i_soln,106601,-99,8.0,0.0,240.0,-0.000492783605584837,-63.42297352997195,0.0,0.0,0.0,0.0,0.9999999999999971,0.0,0.0,0.0,0.0,0.9999999999999971,0.0,0.0,0.0,0.0,0.0,0.0,0.0,0.0,0.0,0.0,0.0,0.0,0.0,0.0,0.0,0.0,-999.999,-999.999,-999.999,-999.999,-8.0,-3.2157004040477073,-999.999,-999.999,-999.999,-999.999,-999.999,-999.999,-999.999,-999.999,-999.999,-999.999,-999.999,-999.999,-999.999,-999.999,-999.999,-999.999,-999.999,-999.999,-999.999,-6.196071767946686e-05,-999.999,-999.999,0.0,0.0,0.0,0.0,0.0,0.0,0.0,0.0,0.0,0.0,0.0,0.0,0.0,0.0,-999.999,-999.999,-999.999,-999.999,-999.999,-999.999,-999.999,-999.999,66.0,8.0,-99.99,-99.99,0.0,1.0231291538489968e-05,1.1015803659668809e-05,0.0009516285075005608,6.2695144934029e-05,4.4781144781144776e-07,0.0,0.0,0.0,0.0,0.0,0.0,0.0
66,i_soln,106602,-99,8.0,0.0,240.0,2.9986045440461253,99.90701205807707,0.0,0.0,0.0,0.0,0.0,0.0,0.0,0.999999999999999,0.0,0.0,0.0,0.0,0.0,0.0,0.0,0.0,0.999999999999999,0.0,0.0,0.0,0.0,0.0,0.0,0.0,0.0,0.0,-999.999,-999.999,-999.999,-999.999,-8.0,-3.215706120982619,-999.999,-999.999,-999.999,-999.999,-2.212279423983691,-999.999,-999.999,-999.999,-999.999,-999.999,-999.999,-999.999,-999.999,-999.999,-999.999,-999.999,-999.999,-999.999,-999.999,-999.999,-999.999,-999.999,0.0,0.0,0.0,0.0,0.0,0.0,0.0,0.0,0.0,0.0,0.0,0.0,0.0,0.0,-999.999,-999.999,-999.999,-999.999,-999.999,-999.999,-999.999,43.95804465241585,66.0,8.0,-99.99,-99.99,0.0,1.0231291538489968e-05,1.1015803659668809e-05,0.0009516285075005608,6.2695144934029e-05,4.4781144781144776e-07,0.0,0.0,0.0,0.0,0.0,0.0,0.0
66,react,66,1,8.24671632958193,-7.679618322117506,240.0,0.2531522462752908,15.390280780461667,1.0451094471277027,0.4976711652989091,0.0009953423305978167,0.09953423305978272,6.9097720571284035e-06,2.713568331107415e-10,0.09519811258651954,2.2262249389440883e-05,0.09953423286520204,6.909772057127608e-06,7.957712161334379e-19,1.6538443545436083e-10,1.0597239765638064e-10,0.09511130238203146,8.648408593923389e-05,2.2262249389440883e-05,0.0,4.4006779607627413e-14,2.8409842144257876e-31,5.615970316773315e-12,1.9284235243450867e-23,1.3683032186693707e-12,4.171002380224758e-28,6.4448079034578734e-15,5.073704806689634e-30,1.0575754299987258e-10,-6.174726421367639,-5.613116503574114,-5.004833874763202,-7.446418607572568,-8.24671632958193,-2.9738226227837083,-1.3891780363491657,-2.688159697046615,-14.399494037546239,-22.375228777451724,-69.20917904275198,-16.838303023212433,-16.363593836890644,-17.366868541532735,-95.63220310427494,-9.51951661897044,-12.230677839984853,-23.310238881773333,-22.25206378885283,-9.996344217152037,-23.29225945541137,-12.622972226896717,-25.483813267685488,-5.844073355101031,-11.71447705898772,-10.124606227265355,-21.52791367489245,-6.173412139285105,0.0,0.0,0.0,0.0,0.001397275227508222,-1.567835075571406e-05,0.0007273718670616687,1.567834818442951e-05,0.0001144113529758995,5.687130619006484e-07,0.0,0.0,0.0,0.0,-5.285487955498667,-7.21276260812853,-2.0145149252489603,-1.093818080973513,0.0,2.842170943040401e-14,-3.424872271179601,0.0,66.0,8.24671632958193,-1.3891780363491657,-2.688159697046615,5.182174637863833e-06,1.0231291538489968e-05,1.1015803659668809e-05,0.0009516285075005608,6.2695144934029e-05,4.4781144781144776e-07,0.0,62.40458926115849,32.48561322099179,0.0,0.0,5.1097975178497315,0.0
67,i_soln,106701,-99,8.0,0.0,240.0,-0.000492783605584837,-63.42297352997195,0.0,0.0,0.0,0.0,0.9999999999999971,0.0,0.0,0.0,0.0,0.9999999999999971,0.0,0.0,0.0,0.0,0.0,0.0,0.0,0.0,0.0,0.0,0.0,0.0,0.0,0.0,0.0,0.0,-999.999,-999.999,-999.999,-999.999,-8.0,-3.2157004040477073,-999.999,-999.999,-999.999,-999.999,-999.999,-999.999,-999.999,-999.999,-999.999,-999.999,-999.999,-999.999,-999.999,-999.999,-999.999,-999.999,-999.999,-999.999,-999.999,-6.196071767946686e-05,-999.999,-999.999,0.0,0.0,0.0,0.0,0.0,0.0,0.0,0.0,0.0,0.0,0.0,0.0,0.0,0.0,-999.999,-999.999,-999.999,-999.999,-999.999,-999.999,-999.999,-999.999,67.0,8.0,-99.99,-99.99,0.0,1.0187751539590796e-05,1.130890596080779e-05,0.0009376712869036836,6.218779127886783e-05,4.444444444444445e-07,0.0,0.0,0.0,0.0,0.0,0.0,0.0
67,i_soln,106702,-99,8.0,0.0,240.0,2.9986045440461253,99.90701205807707,0.0,0.0,0.0,0.0,0.0,0.0,0.0,0.999999999999999,0.0,0.0,0.0,0.0,0.0,0.0,0.0,0.0,0.999999999999999,0.0,0.0,0.0,0.0,0.0,0.0,0.0,0.0,0.0,-999.999,-999.999,-999.999,-999.999,-8.0,-3.215706120982619,-999.999,-999.999,-999.999,-999.999,-2.212279423983691,-999.999,-999.999,-999.999,-999.999,-999.999,-999.999,-999.999,-999.999,-999.999,-999.999,-999.999,-999.999,-999.999,-999.999,-999.999,-999.999,-999.999,0.0,0.0,0.0,0.0,0.0,0.0,0.0,0.0,0.0,0.0,0.0,0.0,0.0,0.0,-999.999,-999.999,-999.999,-999.999,-999.999,-999.999,-999.999,43.95804465241585,67.0,8.0,-99.99,-99.99,0.0,1.0187751539590796e-05,1.130890596080779e-05,0.0009376712869036836,6.218779127886783e-05,4.444444444444445e-07,0.0,0.0,0.0,0.0,0.0,0.0,0.0
67,react,67,1,8.248709230277678,-7.681718280763059,240.0,0.2531535483433005,15.390528286041592,1.0450435129873803,0.4976397680892318,0.0009952795361784623,0.0995279536178473,6.891388720650211e-06,2.739012420952908e-10,0.0951611506149997,2.2142255364646772e-05,0.09952795342318926,6.8913887206494095e-06,8.010031629497068e-19,1.666621578463037e-10,1.0723908424898711e-10,0.09507414344922467,8.668140778486498e-05,2.2142255364646772e-05,0.0,4.39340586988693e-14,2.8225851074060543e-31,5.632594499650265e-12,1.9247621803918437e-23,1.3659986842474441e-12,4.1438053140938255e-28,6.433677036149037e-15,5.0404725680432024e-30,1.0702265415088864e-10,-6.173707908094526,-5.6142954536647895,-5.007177166399169,-7.4486402327133305,-8.248709230277678,-2.9718287864202075,-1.3892997028443768,-2.6902742642375586,-14.397606323464796,-22.37732873609728,-69.21547891868866,-16.840424896100906,-16.365737624022042,-17.36903424290705,-95.63859063718326,-9.519622741252494,-12.230921172975194,-23.313296371762096,-22.255143193084507,-9.997323662738163,-23.29536077388597,-12.62397358672576,-25.486936500403004,-5.845130638696531,-11.715434590330926,-10.123548008002139,-21.528955414274794,-6.171540905084558,0.0,0.0,0.0,0.0,0.0013817237683381891,-1.5551459170032875e-05,0.0007429233236580239,1.5551456596355276e-05,0.00011497494941113993,5.63596435240431e-07,0.0,0.0,0.0,0.0,-5.279141446922548,-7.203136255148424,-2.0145149252489887,-1.0949824225187612,-1.4210854715202004e-14,-2.842170943040401e-14,-3.423707929634335,-1.7763568394002505e-15,67.0,8.248709230277678,-1.3892997028443768,-2.6902742642375586,5.258459738424967e-06,1.0187751539590796e-05,1.130890596080779e-05,0.0009376712869036836,6.218779127886783e-05,4.444444444444445e-07,0.0,61.694506608352974,33.171816937074766,0.0,0.0,5.133676454572263,0.0
68,i_soln,106801,-99,8.0,0.0,240.0,-0.000492783605584837,-63.42297352997195,0.0,0.0,0.0,0.0,0.9999999999999971,0.0,0.0,0.0,0.0,0.9999999999999971,0.0,0.0,0.0,0.0,0.0,0.0,0.0,0.0,0.0,0.0,0.0,0.0,0.0,0.0,0.0,0.0,-999.999,-999.999,-999.999,-999.999,-8.0,-3.2157004040477073,-999.999,-999.999,-999.999,-999.999,-999.999,-999.999,-999.999,-999.999,-999.999,-999.999,-999.999,-999.999,-999.999,-999.999,-999.999,-999.999,-999.999,-999.999,-999.999,-6.196071767946686e-05,-999.999,-999.999,0.0,0.0,0.0,0.0,0.0,0.0,0.0,0.0,0.0,0.0,0.0,0.0,0.0,0.0,-999.999,-999.999,-999.999,-999.999,-999.999,-999.999,-999.999,-999.999,68.0,8.0,-99.99,-99.99,0.0,1.0141491149417228e-05,1.1611026093614006e-05,0.000923284646730788,6.164873802583279e-05,4.41077441077441e-07,0.0,0.0,0.0,0.0,0.0,0.0,0.0
68,i_soln,106802,-99,8.0,0.0,240.0,2.9986045440461253,99.90701205807707,0.0,0.0,0.0,0.0,0.0,0.0,0.0,0.999999999999999,0.0,0.0,0.0,0.0,0.0,0.0,0.0,0.0,0.999999999999999,0.0,0.0,0.0,0.0,0.0,0.0,0.0,0.0,0.0,-999.999,-999.999,-999.999,-999.999,-8.0,-3.215706120982619,-999.999,-999.999,-999.999,-999.999,-2.212279423983691,-999.999,-999.999,-999.999,-999.999,-999.999,-999.999,-999.999,-999.999,-999.999,-999.999,-999.999,-999.999,-999.999,-999.999,-999.999,-999.999,-999.999,0.0,0.0,0.0,0.0,0.0,0.0,0.0,0.0,0.0,0.0,0.0,0.0,0.0,0.0,-999.999,-999.999,-999.999,-999.999,-999.999,-999.999,-999.999,43.95804465241585,68.0,8.0,-99.99,-99.99,0.0,1.0141491149417228e-05,1.1611026093614006e-05,0.000923284646730788,6.164873802583279e-05,4.41077441077441e-07,0.0,0.0,0.0,0.0,0.0,0.0,0.0
68,react,68,1,8.250681798467063,-7.683796807536242,240.0,0.2531548405806342,15.390774207474054,1.044978159192711,0.4976086472346275,0.000995217294469254,0.09952172944692653,6.873231054923551e-06,2.764460300714008e-10,0.09512451372581426,2.2024072707654955e-05,0.09952172925219185,6.873231054922746e-06,8.0621706242650145e-19,1.6793808580939635e-10,1.0850794426200447e-10,0.09503731126174182,8.687706329468109e-05,2.2024072707654955e-05,0.0,4.386226952399747e-14,2.8044956312864525e-31,5.6491069519491584e-12,1.9211481948534407e-23,1.3637236612750227e-12,4.117066840660745e-28,6.422688572920442e-15,5.007801469298735e-30,1.0828994304749819e-10,-6.172700216023348,-5.615463111978137,-5.009497525463907,-7.450839675632288,-8.250681798467063,-2.9698552910563327,-1.3894206189901546,-2.692367748572728,-14.395737859510229,-22.379407262870462,-69.2217144990082,-16.842525143120486,-16.36785959128802,-17.37117793041943,-95.6449130984884,-9.519727772661804,-12.231163005266833,-23.316322444803472,-22.258190986372284,-9.998292929252756,-23.298430287420146,-12.624964573486753,-25.49002773418358,-5.846177380864098,-11.716382136599119,-10.122500338660062,-21.52998627170589,-6.169689253040948,0.0,0.0,0.0,0.0,0.0013663071276418025,-1.5416640696386654e-05,0.0007583399617801822,1.541663812215828e-05,0.0001155333860956252,5.584366844852746e-07,0.0,0.0,0.0,0.0,-5.2728582123936345,-7.193605908358489,-2.0145149252489674,-1.0961351232701517,-2.842170943040401e-14,-2.842170943040401e-14,-3.4225552288829455,0.0,68.0,8.250681798467063,-1.3894206189901546,-2.692367748572728,5.335090460396015e-06,1.0141491149417228e-05,1.1611026093614006e-05,0.000923284646730788,6.164873802583279e-05,4.41077441077441e-07,0.0,60.99093990746917,33.85173516455018,0.0,0.0,5.1573249279806515,0.0
69,i_soln,106901,-99,8.0,0.0,240.0,-0.000492783605584837,-63.42297352997195,0.0,0.0,0.0,0.0,0.9999999999999971,0.0,0.0,0.0,0.0,0.9999999999999971,0.0,0.0,0.0,0.0,0.0,0.0,0.0,0.0,0.0,0.0,0.0,0.0,0.0,0.0,0.0,0.0,-999.999,-999.999,-999.999,-999.999,-8.0,-3.2157004040477073,-999.999,-999.999,-999.999,-999.999,-999.999,-999.999,-999.999,-999.999,-999.999,-999.999,-999.999,-999.999,-999.999,-999.999,-999.999,-999.999,-999.999,-999.999,-999.999,-6.196071767946686e-05,-999.999,-999.999,0.0,0.0,0.0,0.0,0.0,0.0,0.0,0.0,0.0,0.0,0.0,0.0,0.0,0.0,-999.999,-999.999,-999.999,-999.999,-999.999,-999.999,-999.999,-999.999,69.0,8.0,-99.99,-99.99,0.0,1.0092340397163731e-05,1.1922441508273502e-05,0.0009084553750983909,6.10760045752078e-05,4.377104377104377e-07,0.0,0.0,0.0,0.0,0.0,0.0,0.0
69,i_soln,106902,-99,8.0,0.0,240.0,2.9986045440461253,99.90701205807707,0.0,0.0,0.0,0.0,0.0,0.0,0.0,0.999999999999999,0.0,0.0,0.0,0.0,0.0,0.0,0.0,0.0,0.999999999999999,0.0,0.0,0.0,0.0,0.0,0.0,0.0,0.0,0.0,-999.999,-999.999,-999.999,-999.999,-8.0,-3.215706120982619,-999.999,-999.999,-999.999,-999.999,-2.212279423983691,-999.999,-999.999,-999.999,-999.999,-999.999,-999.999,-999.999,-999.999,-999.999,-999.999,-999.999,-999.999,-999.999,-999.999,-999.999,-999.999,-999.999,0.0,0.0,0.0,0.0,0.0,0.0,0.0,0.0,0.0,0.0,0.0,0.0,0.0,0.0,-999.999,-999.999,-999.999,-999.999,-999.999,-999.999,-999.999,43.95804465241585,69.0,8.0,-99.99,-99.99,0.0,1.0092340397163731e-05,1.1922441508273502e-05,0.0009084553750983909,6.10760045752078e-05,4.377104377104377e-07,0.0,0.0,0.0,0.0,0.0,0.0,0.0
69,react,69,1,8.252632953281978,-7.685852704635666,240.0,0.2531561230038865,15.391018443341377,1.044913420935171,0.49757781949294205,0.0009951556389858824,0.09951556389858934,6.855307590532763e-06,2.7898923747288424e-10,0.09508822178265462,2.1907747235564574e-05,0.09951556370377883,6.855307590531951e-06,8.114092999437798e-19,1.692112495587748e-10,1.0977798791410945e-10,0.09500082570792034,8.707102753804755e-05,2.1907747235564574e-05,0.0,4.3791440109619374e-14,2.786721099906032e-31,5.665496405762743e-12,1.91758325354891e-23,1.3614790390510867e-12,4.0907947648142305e-28,6.411846817327216e-15,4.9757010046575354e-30,1.095584210452503e-10,-6.171703418944068,-5.616618827732068,-5.011793607025296,-7.453015664962692,-8.252632953281978,-2.9679032180485607,-1.389540711221136,-2.6944389956186257,-14.393889610594107,-22.381463159969886,-69.22788219030647,-16.844602554799852,-16.369958517547328,-17.373298371258674,-95.65116684810643,-9.519831596753455,-12.231403189728772,-23.319315387774793,-22.261205443923544,-9.99925148970459,-23.301466259551347,-12.625944648518532,-25.493085220894724,-5.847213004387044,-11.717319182471016,-10.12146379694424,-21.5310056270895,-6.167858190457034,0.0,0.0,0.0,0.0,0.0013510337275737339,-1.5273400068068627e-05,0.0007736133592754537,1.5273397495271508e-05,0.00011608661719871684,5.532311030916396e-07,0.0,0.0,0.0,0.0,-5.266641716677302,-7.184176881595908,-2.0145149252489603,-1.097275489077596,0.0,5.684341886080802e-14,-3.4214148630754773,-1.7763568394002505e-15,69.0,8.252632953281978,-1.389540711221136,-2.6944389956186257,5.412006173439482e-06,1.0092340397163731e-05,1.1922441508273502e-05,0.0009084553750983909,6.10760045752078e-05,4.377104377104377e-07,0.0,60.29425652557821,34.525002140054156,0.0,0.0,5.1807413343676405,0.0
70,i_soln,107001,-99,8.0,0.0,240.0,-0.000492783605584837,-63.42297352997195,0.0,0.0,0.0,0.0,0.9999999999999971,0.0,0.0,0.0,0.0,0.9999999999999971,0.0,0.0,0.0,0.0,0.0,0.0,0.0,0.0,0.0,0.0,0.0,0.0,0.0,0.0,0.0,0.0,-999.999,-999.999,-999.999,-999.999,-8.0,-3.2157004040477073,-999.999,-999.999,-999.999,-999.999,-999.999,-999.999,-999.999,-999.999,-999.999,-999.999,-999.999,-999.999,-999.999,-999.999,-999.999,-999.999,-999.999,-999.999,-999.999,-6.196071767946686e-05,-999.999,-999.999,0.0,0.0,0.0,0.0,0.0,0.0,0.0,0.0,0.0,0.0,0.0,0.0,0.0,0.0,-999.999,-999.999,-999.999,-999.999,-999.999,-999.999,-999.999,-999.999,70.0,8.0,-99.99,-99.99,0.0,1.0040118692201438e-05,1.224343819123785e-05,0.0008931698536351019,6.046748657885411e-05,4.343434343434343e-07,0.0,0.0,0.0,0.0,0.0,0.0,0.0
70,i_soln,107002,-99,8.0,0.0,240.0,2.9986045440461253,99.90701205807707,0.0,0.0,0.0,0.0,0.0,0.0,0.0,0.999999999999999,0.0,0.0,0.0,0.0,0.0,0.0,0.0,0.0,0.999999999999999,0.0,0.0,0.0,0.0,0.0,0.0,0.0,0.0,0.0,-999.999,-999.999,-999.999,-999.999,-8.0,-3.215706120982619,-999.999,-999.999,-999.999,-999.999,-2.212279423983691,-999.999,-999.999,-999.999,-999.999,-999.999,-999.999,-999.999,-999.999,-999.999,-999.999,-999.999,-999.999,-999.999,-999.999,-999.999,-999.999,-999.999,0.0,0.0,0.0,0.0,0.0,0.0,0.0,0.0,0.0,0.0,0.0,0.0,0.0,0.0,-999.999,-999.999,-999.999,-999.999,-999.999,-999.999,-999.999,43.95804465241585,70.0,8.0,-99.99,-99.99,0.0,1.0040118692201438e-05,1.224343819123785e-05,0.0008931698536351019,6.046748657885411e-05,4.343434343434343e-07,0.0,0.0,0.0,0.0,0.0,0.0,0.0
70,react,70,1,8.25456155131886,-7.687884705461373,240.0,0.2531573956306988,15.391260885941119,1.0448493356029358,0.4975473026680681,0.0009950946053361345,0.0995094605336146,6.83762736287463e-06,2.81528756856591e-10,0.095052295889021,2.1793327665738986e-05,0.09950946033872918,6.837627362873813e-06,8.165760227293609e-19,1.7048061002303542e-10,1.1104814683355561e-10,0.09496470791730072,8.72632741744854e-05,2.1793327665738986e-05,0.0,4.3721600196957185e-14,2.769267230342967e-31,5.681750904117188e-12,1.914069140709788e-23,1.3592657613924927e-12,4.064997486659507e-28,6.401156337418987e-15,4.9441813949301775e-30,1.1082702098634013e-10,-6.170717598600984,-5.617761911979441,-5.014063988156179,-7.455166855941002,-8.25456155131886,-2.9659737113193287,-1.3896599013737332,-2.696486783808112,-14.39206259796135,-22.383495160795594,-69.2339781927836,-16.846655852140124,-16.372033111402168,-17.37539426162808,-95.6573480366418,-9.519934090849931,-12.231641570033968,-23.322273389057226,-22.26418474172054,-10.000198786675883,-23.304466853862913,-12.626913242004388,-25.49610711172085,-5.848236898481801,-11.718245182927742,-10.12043899415717,-21.532012825128138,-6.166048782572744,0.0,0.0,0.0,0.0,0.0013359125165000093,-1.5121211073724572e-05,0.000788734567779945,1.5121208504491335e-05,0.00011663459400065496,5.479768019381158e-07,0.0,0.0,0.0,0.0,-5.2604956260318225,-7.174854797185047,-2.014514925249003,-1.0984027859611913,-1.4210854715202004e-14,-8.526512829121202e-14,-3.4202875661919316,-1.7763568394002505e-15,70.0,8.25456155131886,-1.3896599013737332,-2.696486783808112,5.489140839311312e-06,1.0040118692201438e-05,1.224343819123785e-05,0.0008931698536351019,6.046748657885411e-05,4.343434343434343e-07,0.0,59.60484705897606,35.191228992913544,0.0,0.0,5.203923948110384,0.0
71,i_soln,107101,-99,8.0,0.0,240.0,-0.000492783605584837,-63.42297352997195,0.0,0.0,0.0,0.0,0.9999999999999971,0.0,0.0,0.0,0.0,0.9999999999999971,0.0,0.0,0.0,0.0,0.0,0.0,0.0,0.0,0.0,0.0,0.0,0.0,0.0,0.0,0.0,0.0,-999.999,-999.999,-999.999,-999.999,-8.0,-3.2157004040477073,-999.999,-999.999,-999.999,-999.999,-999.999,-999.999,-999.999,-999.999,-999.999,-999.999,-999.999,-999.999,-999.999,-999.999,-999.999,-999.999,-999.999,-999.999,-999.999,-6.196071767946686e-05,-999.999,-999.999,0.0,0.0,0.0,0.0,0.0,0.0,0.0,0.0,0.0,0.0,0.0,0.0,0.0,0.0,-999.999,-999.999,-999.999,-999.999,-999.999,-999.999,-999.999,-999.999,71.0,8.0,-99.99,-99.99,0.0,9.984634160548626e-06,1.2574310927858095e-05,0.0008774140449752734,5.982094820837439e-05,4.3097643097643087e-07,0.0,0.0,0.0,0.0,0.0,0.0,0.0
71,i_soln,107102,-99,8.0,0.0,240.0,2.9986045440461253,99.90701205807707,0.0,0.0,0.0,0.0,0.0,0.0,0.0,0.999999999999999,0.0,0.0,0.0,0.0,0.0,0.0,0.0,0.0,0.999999999999999,0.0,0.0,0.0,0.0,0.0,0.0,0.0,0.0,0.0,-999.999,-999.999,-999.999,-999.999,-8.0,-3.215706120982619,-999.999,-999.999,-999.999,-999.999,-2.212279423983691,-999.999,-999.999,-999.999,-999.999,-999.999,-999.999,-999.999,-999.999,-999.999,-999.999,-999.999,-999.999,-999.999,-999.999,-999.999,-999.999,-999.999,0.0,0.0,0.0,0.0,0.0,0.0,0.0,0.0,0.0,0.0,0.0,0.0,0.0,0.0,-999.999,-999.999,-999.999,-999.999,-999.999,-999.999,-999.999,43.95804465241585,71.0,8.0,-99.99,-99.99,0.0,9.984634160548626e-06,1.2574310927858095e-05,0.0008774140449752734,5.982094820837439e-05,4.3097643097643087e-07,0.0,0.0,0.0,0.0,0.0,0.0,0.0
71,react,71,1,8.256466382674873,-7.6898914702366525,240.0,0.2531586584797989,15.391501420899317,1.0447859429181803,0.49751711567532775,0.0009950342313506538,0.09950342313506631,6.820199944887782e-06,2.840623236228253e-10,0.09501675846573422,2.1680865812411037e-05,0.099503422940107,6.8201999448869605e-06,8.217131252742025e-19,1.7174505454251788e-10,1.1231726908030741e-10,0.09492898033821158,8.74537753792918e-05,2.1680865812411037e-05,0.0,4.365278135128235e-14,2.7521401699938456e-31,5.697857758280794e-12,1.9106077454252077e-23,1.3570848301131007e-12,4.039684041470432e-28,6.390621982615528e-15,4.9132536362914546e-30,1.1209459222648137e-10,-6.169742845066504,-5.618891635201749,-5.016307162990586,-7.457291825745841,-8.256466382674873,-2.9640679813227786,-1.3897781064032901,-2.698509820193678,-14.39025790274353,-22.38550192557087,-69.23999848710943,-16.8486836821911,-16.374082006728838,-17.37746422223045,-95.66345259207046,-9.520035125628658,-12.231877980093017,-23.325194532271407,-22.267126950210425,-10.001134230390484,-23.307430127628486,-12.62786975099469,-25.49909145076213,-5.8492484166745555,-11.719159561366645,-10.119426577323827,-21.53300717307007,-6.16426215624628,0.0,0.0,0.0,0.0,0.001320953001876132,-1.4959514623877302e-05,0.0008036940798404456,1.49595120605006e-05,0.00011717726469670074,5.426706960457757e-07,0.0,0.0,0.0,0.0,-5.254423820953551,-7.165645605468638,-2.014514925248946,-1.0995162375732477,-2.842170943040401e-14,2.842170943040401e-14,-3.4191741145798575,0.0,71.0,8.256466382674873,-1.3897781064032901,-2.698509820193678,5.566422656119446e-06,9.984634160548626e-06,1.2574310927858095e-05,0.0008774140449752734,5.982094820837439e-05,4.3097643097643087e-07,0.0,58.923126782414535,35.850002303984496,0.0,0.0,5.226870913600972,0.0
72,i_soln,107201,-99,8.0,0.0,240.0,-0.000492783605584837,-63.42297352997195,0.0,0.0,0.0,0.0,0.9999999999999971,0.0,0.0,0.0,0.0,0.9999999999999971,0.0,0.0,0.0,0.0,0.0,0.0,0.0,0.0,0.0,0.0,0.0,0.0,0.0,0.0,0.0,0.0,-999.999,-999.999,-999.999,-999.999,-8.0,-3.2157004040477073,-999.999,-999.999,-999.999,-999.999,-999.999,-999.999,-999.999,-999.999,-999.999,-999.999,-999.999,-999.999,-999.999,-999.999,-999.999,-999.999,-999.999,-999.999,-999.999,-6.196071767946686e-05,-999.999,-999.999,0.0,0.0,0.0,0.0,0.0,0.0,0.0,0.0,0.0,0.0,0.0,0.0,0.0,0.0,-999.999,-999.999,-999.999,-999.999,-999.999,-999.999,-999.999,-999.999,72.0,8.0,-99.99,-99.99,0.0,9.925682939883674e-06,1.2915363573099072e-05,0.0008611734798678719,5.913401394018949e-05,4.276094276094276e-07,0.0,0.0,0.0,0.0,0.0,0.0,0.0
72,i_soln,107202,-99,8.0,0.0,240.0,2.9986045440461253,99.90701205807707,0.0,0.0,0.0,0.0,0.0,0.0,0.0,0.999999999999999,0.0,0.0,0.0,0.0,0.0,0.0,0.0,0.0,0.999999999999999,0.0,0.0,0.0,0.0,0.0,0.0,0.0,0.0,0.0,-999.999,-999.999,-999.999,-999.999,-8.0,-3.215706120982619,-999.999,-999.999,-999.999,-999.999,-2.212279423983691,-999.999,-999.999,-999.999,-999.999,-999.999,-999.999,-999.999,-999.999,-999.999,-999.999,-999.999,-999.999,-999.999,-999.999,-999.999,-999.999,-999.999,0.0,0.0,0.0,0.0,0.0,0.0,0.0,0.0,0.0,0.0,0.0,0.0,0.0,0.0,-999.999,-999.999,-999.999,-999.999,-999.999,-999.999,-999.999,43.95804465241585,72.0,8.0,-99.99,-99.99,0.0,9.925682939883674e-06,1.2915363573099072e-05,0.0008611734798678719,5.913401394018949e-05,4.276094276094276e-07,0.0,0.0,0.0,0.0,0.0,0.0,0.0
72,react,72,1,8.258346166725278,-7.691871581370615,240.0,0.2531599115710951,15.391739926764192,1.0447232850829917,0.4974872786109525,0.0009949745572219032,0.0994974557221912,6.8030354820290825e-06,2.8658750626863966e-10,0.09498163333325106,2.157041679652813e-05,0.09949745552715912,6.803035482028256e-06,8.26816233888286e-19,1.730033923514622e-10,1.1358411391717745e-10,0.09489366682020617,8.76425017213581e-05,2.157041679652813e-05,0.0,4.3585017081645616e-14,2.7353465257292496e-31,5.713803502883144e-12,1.9072010685368823e-23,1.354937308828224e-12,4.0148641427074373e-28,6.3802489021478904e-15,4.8829295527775e-30,1.133598954110394e-10,-6.168779257353897,-5.62000722474877,-5.018521537486942,-7.459389068560995,-8.258346166725278,-2.9621873092694093,-1.3898952380844887,-2.7005067359252877,-14.388476669770748,-22.38748203670483,-69.24593882051133,-16.850684613365374,-16.376103757943426,-17.379506793485355,-95.66947620563359,-9.520134564709249,-12.232112243455456,-23.328076789630295,-22.270030027609625,-10.002057196655723,-23.310354025068,-12.62881353730024,-25.502036168241954,-5.85024687454036,-11.72006170759157,-10.118427231455069,-21.533987938335272,-6.162499503877082,0.0,0.0,0.0,0.0,0.0013061652851794909,-1.47877166966411e-05,0.000818481793982028,1.4787714141582396e-05,0.00011771457418810198,5.373094914012418e-07,0.0,0.0,0.0,0.0,-5.248430409749766,-7.156555605580882,-2.0145149252489745,-1.1006150225225824,1.4210854715202004e-14,2.842170943040401e-14,-3.418075329630507,1.7763568394002505e-15,72.0,8.258346166725278,-1.3898952380844887,-2.7005067359252877,5.6437736850323925e-06,9.925682939883674e-06,1.2915363573099072e-05,0.0008611734798678719,5.913401394018949e-05,4.276094276094276e-07,0.0,58.24953718898788,36.50088257437808,0.0,0.0,5.249580236634039,0.0
73,i_soln,107301,-99,8.0,0.0,240.0,-0.000492783605584837,-63.42297352997195,0.0,0.0,0.0,0.0,0.9999999999999971,0.0,0.0,0.0,0.0,0.9999999999999971,0.0,0.0,0.0,0.0,0.0,0.0,0.0,0.0,0.0,0.0,0.0,0.0,0.0,0.0,0.0,0.0,-999.999,-999.999,-999.999,-999.999,-8.0,-3.2157004040477073,-999.999,-999.999,-999.999,-999.999,-999.999,-999.999,-999.999,-999.999,-999.999,-999.999,-999.999,-999.999,-999.999,-999.999,-999.999,-999.999,-999.999,-999.999,-999.999,-6.196071767946686e-05,-999.999,-999.999,0.0,0.0,0.0,0.0,0.0,0.0,0.0,0.0,0.0,0.0,0.0,0.0,0.0,0.0,-999.999,-999.999,-999.999,-999.999,-999.999,-999.999,-999.999,-999.999,73.0,8.0,-99.99,-99.99,0.0,9.863048430510259e-06,1.3266909330582764e-05,0.0008444332438887294,5.840415982734448e-05,4.242424242424242e-07,0.0,0.0,0.0,0.0,0.0,0.0,0.0
73,i_soln,107302,-99,8.0,0.0,240.0,2.9986045440461253,99.90701205807707,0.0,0.0,0.0,0.0,0.0,0.0,0.0,0.999999999999999,0.0,0.0,0.0,0.0,0.0,0.0,0.0,0.0,0.999999999999999,0.0,0.0,0.0,0.0,0.0,0.0,0.0,0.0,0.0,-999.999,-999.999,-999.999,-999.999,-8.0,-3.215706120982619,-999.999,-999.999,-999.999,-999.999,-2.212279423983691,-999.999,-999.999,-999.999,-999.999,-999.999,-999.999,-999.999,-999.999,-999.999,-999.999,-999.999,-999.999,-999.999,-999.999,-999.999,-999.999,-999.999,0.0,0.0,0.0,0.0,0.0,0.0,0.0,0.0,0.0,0.0,0.0,0.0,0.0,0.0,-999.999,-999.999,-999.999,-999.999,-999.999,-999.999,-999.999,43.95804465241585,73.0,8.0,-99.99,-99.99,0.0,9.863048430510259e-06,1.3266909330582764e-05,0.0008444332438887294,5.840415982734448e-05,4.242424242424242e-07,0.0,0.0,0.0,0.0,0.0,0.0,0.0
73,react,73,1,8.260199547616999,-7.693823538487274,240.0,0.2531611549257441,15.39197627457425,1.0446614069344353,0.4974578128259258,0.00099491562565185,0.09949156256518571,6.786144729744182e-06,2.8910169613716455e-10,0.09494694579917914,2.1462039272821972e-05,0.09949156237008215,6.78614472974335e-06,8.318806904356346e-19,1.7425434981527628e-10,1.1484734632188829e-10,0.09485879270167205,8.782942206731903e-05,2.1462039272821972e-05,0.0,4.351834296711557e-14,2.7188933953857528e-31,5.729573848049714e-12,1.903851230036749e-23,1.3528243269670718e-12,3.990548228484973e-28,6.370042564514392e-15,4.853221852995935e-30,1.1462159699236106e-10,-6.167826943899371,-5.621107862109214,-5.020705423823046,-7.461456990287374,-8.260199547616999,-2.9603330516346777,-1.3900112026942089,-2.702476081426724,-14.386720111617953,-22.389433993821495,-69.2517946918613,-16.852657130415917,-16.378096834927845,-17.38152043040365,-95.67541431671908,-9.520232264191181,-12.232344172674894,-23.330918014821833,-22.272891812735043,-10.002967024664482,-23.3132363701273,-12.629743925242877,-25.504939073235132,-5.8512315472910785,-11.720950975666451,-10.11744168196134,-21.534954345958205,-6.160762087595075,0.0,0.0,0.0,0.0,0.0012915600990244312,-1.4605186155059683e-05,0.0008330869775929884,1.4605183610960312e-05,0.0001182464638559055,5.318896678035241e-07,0.0,0.0,0.0,0.0,-5.242519743016423,-7.1475914676274375,-2.0145149252489603,-1.101698271498229,1.4210854715202004e-14,2.842170943040401e-14,-3.4169920806548495,-1.7763568394002505e-15,73.0,8.260199547616999,-1.3900112026942089,-2.702476081426724,5.721109459116786e-06,9.863048430510259e-06,1.3266909330582764e-05,0.0008444332438887294,5.840415982734448e-05,4.242424242424242e-07,0.0,57.584547626449954,37.143402598465705,0.0,0.0,5.272049775084358,0.0
74,i_soln,107401,-99,8.0,0.0,240.0,-0.000492783605584837,-63.42297352997195,0.0,0.0,0.0,0.0,0.9999999999999971,0.0,0.0,0.0,0.0,0.9999999999999971,0.0,0.0,0.0,0.0,0.0,0.0,0.0,0.0,0.0,0.0,0.0,0.0,0.0,0.0,0.0,0.0,-999.999,-999.999,-999.999,-999.999,-8.0,-3.2157004040477073,-999.999,-999.999,-999.999,-999.999,-999.999,-999.999,-999.999,-999.999,-999.999,-999.999,-999.999,-999.999,-999.999,-999.999,-999.999,-999.999,-999.999,-999.999,-999.999,-6.196071767946686e-05,-999.999,-999.999,0.0,0.0,0.0,0.0,0.0,0.0,0.0,0.0,0.0,0.0,0.0,0.0,0.0,0.0,-999.999,-999.999,-999.999,-999.999,-999.999,-999.999,-999.999,-999.999,74.0,8.0,-99.99,-99.99,0.0,9.796500499522615e-06,1.3629271040216956e-05,0.0008271779637439727,5.7628704225974794e-05,4.208754208754208e-07,0.0,0.0,0.0,0.0,0.0,0.0,0.0
74,i_soln,107402,-99,8.0,0.0,240.0,2.9986045440461253,99.90701205807707,0.0,0.0,0.0,0.0,0.0,0.0,0.0,0.999999999999999,0.0,0.0,0.0,0.0,0.0,0.0,0.0,0.0,0.999999999999999,0.0,0.0,0.0,0.0,0.0,0.0,0.0,0.0,0.0,-999.999,-999.999,-999.999,-999.999,-8.0,-3.215706120982619,-999.999,-999.999,-999.999,-999.999,-2.212279423983691,-999.999,-999.999,-999.999,-999.999,-999.999,-999.999,-999.999,-999.999,-999.999,-999.999,-999.999,-999.999,-999.999,-999.999,-999.999,-999.999,-999.999,0.0,0.0,0.0,0.0,0.0,0.0,0.0,0.0,0.0,0.0,0.0,0.0,0.0,0.0,-999.999,-999.999,-999.999,-999.999,-999.999,-999.999,-999.999,43.95804465241585,74.0,8.0,-99.99,-99.99,0.0,9.796500499522615e-06,1.3629271040216956e-05,0.0008271779637439727,5.7628704225974794e-05,4.208754208754208e-07,0.0,0.0,0.0,0.0,0.0,0.0,0.0
74,react,74,1,8.262025089461947,-7.695745753133075,240.0,0.25316238856621315,15.39221032740043,1.0446003561093418,0.49742874100445283,0.0009948574820089037,0.09948574820089086,6.769539093582114e-06,2.91602096671533e-10,0.09491272275128572,2.135579567388935e-05,0.09948574800571719,6.769539093581277e-06,8.369015351666451e-19,1.7549656543145587e-10,1.1610553124007714e-10,0.09482438490295657,8.801450346346311e-05,2.135579567388935e-05,0.0,4.3452796793162686e-14,2.702788401782171e-31,5.745153628836278e-12,1.900560477002529e-23,1.3507470841065556e-12,3.96674751176742e-28,6.360008778488867e-15,4.824144191388218e-30,1.1587826348832526e-10,-6.166886023155731,-5.622192680003953,-5.022857034431913,-7.463493902914706,-8.262025089461947,-2.9585066449679682,-1.3901259006757498,-2.7044163212532055,-14.384989512930332,-22.391356208467293,-69.2575613357987,-16.854599629088842,-16.380059617627897,-17.38350349713083,-95.68126209676498,-9.52032807217027,-12.232573568637983,-23.33371593542647,-22.2757100173668,-10.003863014650438,-23.316074858786184,-12.630660199255962,-25.507797845921143,-5.852201667204326,-11.72182668162528,-10.116470697226335,-21.535905575869002,-6.159051243731668,0.0,0.0,0.0,0.0,0.001277148846596357,-1.4411252428074301e-05,0.0008474982274907547,1.4411249897766307e-05,0.00011877287131786734,5.264074619618368e-07,0.0,0.0,0.0,0.0,-5.236696429071671,-7.138760256320333,-2.014514925248946,-1.102765064212285,2.842170943040401e-14,5.684341886080802e-14,-3.4159252879407527,0.0,74.0,8.262025089461947,-1.3901259006757498,-2.7044163212532055,5.79833857452399e-06,9.796500499522615e-06,1.3629271040216956e-05,0.0008271779637439727,5.7628704225974794e-05,4.208754208754208e-07,0.0,56.9286570359794,37.77706573513437,0.0,0.0,5.294277228886213,0.0
75,i_soln,107501,-99,8.0,0.0,240.0,-0.000492783605584837,-63.42297352997195,0.0,0.0,0.0,0.0,0.9999999999999971,0.0,0.0,0.0,0.0,0.9999999999999971,0.0,0.0,0.0,0.0,0.0,0.0,0.0,0.0,0.0,0.0,0.0,0.0,0.0,0.0,0.0,0.0,-999.999,-999.999,-999.999,-999.999,-8.0,-3.2157004040477073,-999.999,-999.999,-999.999,-999.999,-999.999,-999.999,-999.999,-999.999,-999.999,-999.999,-999.999,-999.999,-999.999,-999.999,-999.999,-999.999,-999.999,-999.999,-999.999,-6.196071767946686e-05,-999.999,-999.999,0.0,0.0,0.0,0.0,0.0,0.0,0.0,0.0,0.0,0.0,0.0,0.0,0.0,0.0,-999.999,-999.999,-999.999,-999.999,-999.999,-999.999,-999.999,-999.999,75.0,8.0,-99.99,-99.99,0.0,9.725794635246844e-06,1.4002781474673292e-05,0.0008093917931520516,5.6804797942359276e-05,4.175084175084175e-07,0.0,0.0,0.0,0.0,0.0,0.0,0.0
75,i_soln,107502,-99,8.0,0.0,240.0,2.9986045440461253,99.90701205807707,0.0,0.0,0.0,0.0,0.0,0.0,0.0,0.999999999999999,0.0,0.0,0.0,0.0,0.0,0.0,0.0,0.0,0.999999999999999,0.0,0.0,0.0,0.0,0.0,0.0,0.0,0.0,0.0,-999.999,-999.999,-999.999,-999.999,-8.0,-3.215706120982619,-999.999,-999.999,-999.999,-999.999,-2.212279423983691,-999.999,-999.999,-999.999,-999.999,-999.999,-999.999,-999.999,-999.999,-999.999,-999.999,-999.999,-999.999,-999.999,-999.999,-999.999,-999.999,-999.999,0.0,0.0,0.0,0.0,0.0,0.0,0.0,0.0,0.0,0.0,0.0,0.0,0.0,0.0,-999.999,-999.999,-999.999,-999.999,-999.999,-999.999,-999.999,43.95804465241585,75.0,8.0,-99.99,-99.99,0.0,9.725794635246844e-06,1.4002781474673292e-05,0.0008093917931520516,5.6804797942359276e-05,4.175084175084175e-07,0.0,0.0,0.0,0.0,0.0,0.0,0.0
75,react,75,1,8.26382127120635,-7.6976365431229725,240.0,0.253163612516379,15.392441939864426,1.0445401832194545,0.49740008724736345,0.000994800174494725,0.09948001744947312,6.753230672190542e-06,2.940857121592835e-10,0.09487899275630979,2.1251752473634292e-05,0.09948001725423086,6.7532306721897e-06,8.41873488637064e-19,1.767285845822679e-10,1.1735712757701563e-10,0.09479047202529686,8.819771101666347e-05,2.1251752473634292e-05,0.0,4.338841869758818e-14,2.6870397295197244e-31,5.760526751606522e-12,1.8973311921179322e-23,1.3487068546084254e-12,3.9434740346755184e-28,6.3501537155984995e-15,4.795711234511547e-30,1.171283554798973e-10,-6.16595662419188,-5.62326075928825,-5.024974475637883,-7.4654980185126405,-8.26382127120635,-2.956709611025706,-1.3902392262837786,-2.7063258286056495,-14.383286235035705,-22.39324699845719,-69.2632337057684,-16.856510410411353,-16.381990390283022,-17.385454261118568,-95.68701443206514,-9.520421828217906,-12.232800219854074,-23.336468144817175,-22.278482218090126,-10.004744425383866,-23.318867050842123,-12.631561601322002,-25.510610029309692,-5.853156420880559,-11.722688101026094,-10.115515091352272,-21.536840759984834,-6.15736838759529,0.0,0.0,0.0,0.0,0.0012629436435497813,-1.4205203046575637e-05,0.0008617034280238477,1.4205200533093051e-05,0.00011929373016608172,5.208588482143774e-07,0.0,0.0,0.0,0.0,-5.2309653504208224,-7.1300694561975,-2.0145149252489816,-1.1038144261340577,1.4210854715202004e-14,-2.842170943040401e-14,-3.414875926019052,0.0,75.0,8.26382127120635,-1.3902392262837786,-2.7063258286056495,5.875362264177817e-06,9.725794635246844e-06,1.4002781474673292e-05,0.0008093917931520516,5.6804797942359276e-05,4.175084175084175e-07,0.0,56.282395799863814,38.40134407092092,0.0,0.0,5.316260129215271,0.0
76,i_soln,107601,-99,8.0,0.0,240.0,-0.000492783605584837,-63.42297352997195,0.0,0.0,0.0,0.0,0.9999999999999971,0.0,0.0,0.0,0.0,0.9999999999999971,0.0,0.0,0.0,0.0,0.0,0.0,0.0,0.0,0.0,0.0,0.0,0.0,0.0,0.0,0.0,0.0,-999.999,-999.999,-999.999,-999.999,-8.0,-3.2157004040477073,-999.999,-999.999,-999.999,-999.999,-999.999,-999.999,-999.999,-999.999,-999.999,-999.999,-999.999,-999.999,-999.999,-999.999,-999.999,-999.999,-999.999,-999.999,-999.999,-6.196071767946686e-05,-999.999,-999.999,0.0,0.0,0.0,0.0,0.0,0.0,0.0,0.0,0.0,0.0,0.0,0.0,0.0,0.0,-999.999,-999.999,-999.999,-999.999,-999.999,-999.999,-999.999,-999.999,76.0,8.0,-99.99,-99.99,0.0,9.650671048851471e-06,1.4387783644987019e-05,0.0007910583982914046,5.592941376435851e-05,4.141414141414141e-07,0.0,0.0,0.0,0.0,0.0,0.0,0.0
76,i_soln,107602,-99,8.0,0.0,240.0,2.9986045440461253,99.90701205807707,0.0,0.0,0.0,0.0,0.0,0.0,0.0,0.999999999999999,0.0,0.0,0.0,0.0,0.0,0.0,0.0,0.0,0.999999999999999,0.0,0.0,0.0,0.0,0.0,0.0,0.0,0.0,0.0,-999.999,-999.999,-999.999,-999.999,-8.0,-3.215706120982619,-999.999,-999.999,-999.999,-999.999,-2.212279423983691,-999.999,-999.999,-999.999,-999.999,-999.999,-999.999,-999.999,-999.999,-999.999,-999.999,-999.999,-999.999,-999.999,-999.999,-999.999,-999.999,-999.999,0.0,0.0,0.0,0.0,0.0,0.0,0.0,0.0,0.0,0.0,0.0,0.0,0.0,0.0,-999.999,-999.999,-999.999,-999.999,-999.999,-999.999,-999.999,43.95804465241585,76.0,8.0,-99.99,-99.99,0.0,9.650671048851471e-06,1.4387783644987019e-05,0.0007910583982914046,5.592941376435851e-05,4.141414141414141e-07,0.0,0.0,0.0,0.0,0.0,0.0,0.0
76,react,76,1,8.26558648114978,-7.699494126477024,240.0,0.25316482680160257,15.392670957627546,1.0444809420375574,0.49737187716074605,0.0009947437543214909,0.09947437543214939,6.737232303456197e-06,2.9654933595407685e-10,0.09484578616501116,2.114998047296524e-05,0.0994743752368402,6.737232303455351e-06,8.467909327117887e-19,1.779488540260987e-10,1.1860048192797815e-10,0.09475708445595711,8.837900780476979e-05,2.114998047296524e-05,0.0,4.332525132513704e-14,2.6716561648677462e-31,5.775676136932315e-12,1.8941659028366935e-23,1.3467049925334027e-12,3.9207407273502585e-28,6.340483933950796e-15,4.767938732887163e-30,1.1837022134763e-10,-6.1650388871491835,-5.6243111256477,-5.027055740842264,-7.4674674427918575,-8.26558648114978,-2.9549435622549276,-1.3903510672089343,-2.7082028794742428,-14.381611720848198,-22.395104581811243,-69.26880645583056,-16.858387674566462,-16.383887335239194,-17.387370886875793,-95.69266590533152,-9.520513362801179,-12.233023901704364,-23.339172093481412,-22.28120584755542,-10.005610471495109,-23.321610361108476,-12.632447328234303,-25.513373020377102,-5.854094946314845,-11.723534466336279,-10.114575727090621,-21.537758979077235,-6.155715018577018,0.0,0.0,0.0,0.0,0.0012489573625242883,-1.3986281025492927e-05,0.0008756897065559318,1.3986278532084127e-05,0.00011980896968247726,5.152395163955453e-07,0.0,0.0,0.0,0.0,-5.225331681332953,-7.121526998568745,-2.0145149252489603,-1.1048453249789034,5.684341886080802e-14,8.526512829121202e-14,-3.413845027174129,0.0,76.0,8.26558648114978,-1.3903510672089343,-2.7082028794742428,5.952073954337472e-06,9.650671048851471e-06,1.4387783644987019e-05,0.0007910583982914046,5.592941376435851e-05,4.141414141414141e-07,0.0,55.64632770498823,39.01567646825793,0.0,0.0,5.337995826753835,0.0
77,i_soln,107701,-99,8.0,0.0,240.0,-0.000492783605584837,-63.42297352997195,0.0,0.0,0.0,0.0,0.9999999999999971,0.0,0.0,0.0,0.0,0.9999999999999971,0.0,0.0,0.0,0.0,0.0,0.0,0.0,0.0,0.0,0.0,0.0,0.0,0.0,0.0,0.0,0.0,-999.999,-999.999,-999.999,-999.999,-8.0,-3.2157004040477073,-999.999,-999.999,-999.999,-999.999,-999.999,-999.999,-999.999,-999.999,-999.999,-999.999,-999.999,-999.999,-999.999,-999.999,-999.999,-999.999,-999.999,-999.999,-999.999,-6.196071767946686e-05,-999.999,-999.999,0.0,0.0,0.0,0.0,0.0,0.0,0.0,0.0,0.0,0.0,0.0,0.0,0.0,0.0,-999.999,-999.999,-999.999,-999.999,-999.999,-999.999,-999.999,-999.999,77.0,8.0,-99.99,-99.99,0.0,9.570853719826371e-06,1.4784631115559123e-05,0.0007721609428003909,5.4999335338774205e-05,4.107744107744107e-07,0.0,0.0,0.0,0.0,0.0,0.0,0.0
77,i_soln,107702,-99,8.0,0.0,240.0,2.9986045440461253,99.90701205807707,0.0,0.0,0.0,0.0,0.0,0.0,0.0,0.999999999999999,0.0,0.0,0.0,0.0,0.0,0.0,0.0,0.0,0.999999999999999,0.0,0.0,0.0,0.0,0.0,0.0,0.0,0.0,0.0,-999.999,-999.999,-999.999,-999.999,-8.0,-3.215706120982619,-999.999,-999.999,-999.999,-999.999,-2.212279423983691,-999.999,-999.999,-999.999,-999.999,-999.999,-999.999,-999.999,-999.999,-999.999,-999.999,-999.999,-999.999,-999.999,-999.999,-999.999,-999.999,-999.999,0.0,0.0,0.0,0.0,0.0,0.0,0.0,0.0,0.0,0.0,0.0,0.0,0.0,0.0,-999.999,-999.999,-999.999,-999.999,-999.999,-999.999,-999.999,43.95804465241585,77.0,8.0,-99.99,-99.99,0.0,9.570853719826371e-06,1.4784631115559123e-05,0.0007721609428003909,5.4999335338774205e-05,4.107744107744107e-07,0.0,0.0,0.0,0.0,0.0,0.0,0.0
77,react,77,1,8.267319011097177,-7.701316615011598,240.0,0.2531660314488426,15.392897216852234,1.0444226896953177,0.49734413795015586,0.0009946882759003094,0.09946882759003116,6.721557613971942e-06,2.9898953822097613e-10,0.09481313522378003,2.1050555105246505e-05,0.09946882739465689,6.721557613971091e-06,8.51647890486286e-19,1.7915571616403608e-10,1.1983382205694007e-10,0.09472425448003126,8.855835468202195e-05,2.1050555105246505e-05,0.0,4.32633399994676e-14,2.656647138948073e-31,5.7905836599980394e-12,1.8910672912192235e-23,1.3447429371024012e-12,3.898561471689473e-28,6.3310064046848045e-15,4.7408435987989586e-30,1.1960209075679355e-10,-6.164132964216789,-5.62534274607879,-5.029098703320049,-7.469400168298044,-8.267319011097177,-2.9532102076440214,-1.3904613041805531,-2.7100456463932474,-14.379967500160962,-22.396927070345818,-69.27427392143427,-16.860229514418485,-16.385748526408662,-17.389251429362716,-95.69821077620503,-9.520602496724848,-12.233244375647612,-23.341825079821326,-22.28387818521278,-10.006460320617894,-23.324302050083283,-12.633316528674536,-25.51608406066936,-5.855016329774351,-11.724364964141616,-10.113653518967602,-21.538659259488792,-6.154092725601247,0.0,0.0,0.0,0.0,0.0012352036804419736,-1.3753682082314703e-05,0.0008894433861683861,1.3753679612454233e-05,0.0001203185145346842,5.095448522069357e-07,0.0,0.0,0.0,0.0,-5.219800906585393,-7.113141290191983,-2.0145149252489816,-1.1058566670256553,1.4210854715202004e-14,0.0,-3.4128336851274437,0.0,77.0,8.267319011097177,-1.3904613041805531,-2.7100456463932474,6.028358805072725e-06,9.570853719826371e-06,1.4784631115559123e-05,0.0007721609428003909,5.4999335338774205e-05,4.107744107744107e-07,0.0,55.02105202931254,39.61946649154085,0.0,0.0,5.359481479146588,0.0
78,i_soln,107801,-99,8.0,0.0,240.0,-0.000492783605584837,-63.42297352997195,0.0,0.0,0.0,0.0,0.9999999999999971,0.0,0.0,0.0,0.0,0.9999999999999971,0.0,0.0,0.0,0.0,0.0,0.0,0.0,0.0,0.0,0.0,0.0,0.0,0.0,0.0,0.0,0.0,-999.999,-999.999,-999.999,-999.999,-8.0,-3.2157004040477073,-999.999,-999.999,-999.999,-999.999,-999.999,-999.999,-999.999,-999.999,-999.999,-999.999,-999.999,-999.999,-999.999,-999.999,-999.999,-999.999,-999.999,-999.999,-999.999,-6.196071767946686e-05,-999.999,-999.999,0.0,0.0,0.0,0.0,0.0,0.0,0.0,0.0,0.0,0.0,0.0,0.0,0.0,0.0,-999.999,-999.999,-999.999,-999.999,-999.999,-999.999,-999.999,-999.999,78.0,8.0,-99.99,-99.99,0.0,9.486049381822969e-06,1.5193688328850008e-05,0.0007526820723157214,5.4011145353763295e-05,4.0740740740740737e-07,0.0,0.0,0.0,0.0,0.0,0.0,0.0
78,i_soln,107802,-99,8.0,0.0,240.0,2.9986045440461253,99.90701205807707,0.0,0.0,0.0,0.0,0.0,0.0,0.0,0.999999999999999,0.0,0.0,0.0,0.0,0.0,0.0,0.0,0.0,0.999999999999999,0.0,0.0,0.0,0.0,0.0,0.0,0.0,0.0,0.0,-999.999,-999.999,-999.999,-999.999,-8.0,-3.215706120982619,-999.999,-999.999,-999.999,-999.999,-2.212279423983691,-999.999,-999.999,-999.999,-999.999,-999.999,-999.999,-999.999,-999.999,-999.999,-999.999,-999.999,-999.999,-999.999,-999.999,-999.999,-999.999,-999.999,0.0,0.0,0.0,0.0,0.0,0.0,0.0,0.0,0.0,0.0,0.0,0.0,0.0,0.0,-999.999,-999.999,-999.999,-999.999,-999.999,-999.999,-999.999,43.95804465241585,78.0,8.0,-99.99,-99.99,0.0,9.486049381822969e-06,1.5193688328850008e-05,0.0007526820723157214,5.4011145353763295e-05,4.0740740740740737e-07,0.0,0.0,0.0,0.0,0.0,0.0,0.0
78,react,78,1,8.269017050101999,-7.703102007419077,240.0,0.25316722648673734,15.393120543631678,1.0443654868935488,0.4973168985207423,0.000994633797041482,0.0994633797041484,6.7062210722263455e-06,3.014026531458868e-10,0.09478107419329859,2.095355677028291e-05,0.09946337950871098,6.706221072225489e-06,8.56438005294277e-19,1.803474030238533e-10,1.2105525012203355e-10,0.09469201639920921,8.873571017276553e-05,2.095355677028291e-05,0.0,4.320273290229204e-14,2.6420227747024847e-31,5.805230086669413e-12,1.888038204542971e-23,1.342822218388962e-12,3.876951170671971e-28,6.3217285395633605e-15,4.714443990917158e-30,1.2082206788957801e-10,-6.163239020173305,-5.626354525131474,-5.0311011084612,-7.471294067072357,-8.269017050101999,-2.9515113589825104,-1.3905698105473827,-2.711852191764912,-14.378355195245419,-22.398712462753295,-69.27963009865671,-16.86203390852287,-16.387571922209958,-17.391093826860914,-95.7036429602151,-9.520689040470815,-12.23346138838129,-23.344424240244706,-22.286496347333067,-10.007293090330705,-23.326939213900477,-12.634168300084253,-25.518740226183464,-5.855919602460183,-11.725178732157518,-10.112749436625085,-21.539540569553758,-6.15250319296326,0.0,0.0,0.0,0.0,0.0012216971287601962,-1.3506551681777453e-05,0.0009029499354075656,1.350654923917957e-05,0.00012082228444350684,5.037699088226408e-07,0.0,0.0,0.0,0.0,-5.214378841500418,-7.104921243990201,-2.0145149252489816,-1.10684729311415,0.0,0.0,-3.4118430590389597,0.0,78.0,8.269017050101999,-1.3905698105473827,-2.711852191764912,6.104093235159466e-06,9.486049381822969e-06,1.5193688328850008e-05,0.0007526820723157214,5.4011145353763295e-05,4.0740740740740737e-07,0.0,54.40720575926659,40.212080203455166,0.0,0.0,5.380714037278242,0.0
79,i_soln,107901,-99,8.0,0.0,240.0,-0.000492783605584837,-63.42297352997195,0.0,0.0,0.0,0.0,0.9999999999999971,0.0,0.0,0.0,0.0,0.9999999999999971,0.0,0.0,0.0,0.0,0.0,0.0,0.0,0.0,0.0,0.0,0.0,0.0,0.0,0.0,0.0,0.0,-999.999,-999.999,-999.999,-999.999,-8.0,-3.2157004040477073,-999.999,-999.999,-999.999,-999.999,-999.999,-999.999,-999.999,-999.999,-999.999,-999.999,-999.999,-999.999,-999.999,-999.999,-999.999,-999.999,-999.999,-999.999,-999.999,-6.196071767946686e-05,-999.999,-999.999,0.0,0.0,0.0,0.0,0.0,0.0,0.0,0.0,0.0,0.0,0.0,0.0,0.0,0.0,-999.999,-999.999,-999.999,-999.999,-999.999,-999.999,-999.999,-999.999,79.0,8.0,-99.99,-99.99,0.0,9.39594644512944e-06,1.561533094006302e-05,0.0007326038985351857,5.2961212982885705e-05,4.04040404040404e-07,0.0,0.0,0.0,0.0,0.0,0.0,0.0
79,i_soln,107902,-99,8.0,0.0,240.0,2.9986045440461253,99.90701205807707,0.0,0.0,0.0,0.0,0.0,0.0,0.0,0.999999999999999,0.0,0.0,0.0,0.0,0.0,0.0,0.0,0.0,0.999999999999999,0.0,0.0,0.0,0.0,0.0,0.0,0.0,0.0,0.0,-999.999,-999.999,-999.999,-999.999,-8.0,-3.215706120982619,-999.999,-999.999,-999.999,-999.999,-2.212279423983691,-999.999,-999.999,-999.999,-999.999,-999.999,-999.999,-999.999,-999.999,-999.999,-999.999,-999.999,-999.999,-999.999,-999.999,-999.999,-999.999,-999.999,0.0,0.0,0.0,0.0,0.0,0.0,0.0,0.0,0.0,0.0,0.0,0.0,0.0,0.0,-999.999,-999.999,-999.999,-999.999,-999.999,-999.999,-999.999,43.95804465241585,79.0,8.0,-99.99,-99.99,0.0,9.39594644512944e-06,1.561533094006302e-05,0.0007326038985351857,5.2961212982885705e-05,4.04040404040404e-07,0.0,0.0,0.0,0.0,0.0,0.0,0.0
79,react,79,1,8.270678677781717,-7.704848181916049,240.0,0.2531684119457086,15.393340753388285,1.0443093981257114,0.4972901895836769,0.000994580379167351,0.09945803791673508,6.6912380457519775e-06,3.0378476567637627e-10,0.0947496394746466,2.0859071193858644e-05,0.09945803772123668,6.691238045751116e-06,8.6115451861038215e-19,1.8152203001055157e-10,1.2226273566582475e-10,0.09466040665806265,8.891103028960679e-05,2.0859071193858644e-05,0.0,4.314348127023969e-14,2.6277939379054666e-31,5.819595006451313e-12,1.8850816667198684e-23,1.340944463571402e-12,3.855925823658493e-28,6.312658221256988e-15,4.688759406221847e-30,1.220281244424286e-10,-6.162357233302259,-5.627345300901925,-5.033060565532298,-7.473146882856398,-8.270678677781717,-2.9498489375486914,-1.3906764518344468,-2.71362046073169,-14.37677652687475,-22.400458637250267,-69.28486862214763,-16.863798713700128,-16.389355358067498,-17.39289589339874,-95.70895600642716,-9.520772793533967,-12.233674670955383,-23.346966538618293,-22.289057276386938,-10.0081078448876,-23.329518773634636,-12.635001685321436,-25.521338416597903,-5.856803736943576,-11.725974856034131,-10.111864508387596,-21.540401815813237,-6.150948206570598,0.0,0.0,0.0,0.0,0.00120845314686429,-1.3243981895906184e-05,0.0009161939148921035,1.3243979484537879e-05,0.00012132019382501429,4.979093815074532e-07,0.0,0.0,0.0,0.0,-5.209071653337702,-7.096876311805934,-2.0145149252489603,-1.1078159744147413,5.684341886080802e-14,5.684341886080802e-14,-3.410874377738316,0.0,79.0,8.270678677781717,-1.3906764518344468,-2.71362046073169,6.1791444331695984e-06,9.39594644512944e-06,1.561533094006302e-05,0.0007326038985351857,5.2961212982885705e-05,4.04040404040404e-07,0.0,53.80546594618365,40.792843823314364,0.0,0.0,5.401690230501977,0.0
80,i_soln,108001,-99,8.0,0.0,240.0,-0.000492783605584837,-63.42297352997195,0.0,0.0,0.0,0.0,0.9999999999999971,0.0,0.0,0.0,0.0,0.9999999999999971,0.0,0.0,0.0,0.0,0.0,0.0,0.0,0.0,0.0,0.0,0.0,0.0,0.0,0.0,0.0,0.0,-999.999,-999.999,-999.999,-999.999,-8.0,-3.2157004040477073,-999.999,-999.999,-999.999,-999.999,-999.999,-999.999,-999.999,-999.999,-999.999,-999.999,-999.999,-999.999,-999.999,-999.999,-999.999,-999.999,-999.999,-999.999,-999.999,-6.196071767946686e-05,-999.999,-999.999,0.0,0.0,0.0,0.0,0.0,0.0,0.0,0.0,0.0,0.0,0.0,0.0,0.0,0.0,-999.999,-999.999,-999.999,-999.999,-999.999,-999.999,-999.999,-999.999,80.0,8.0,-99.99,-99.99,0.0,9.300213851821858e-06,1.6049946162125155e-05,0.0007119079827900356,5.184568054465267e-05,4.006734006734006e-07,0.0,0.0,0.0,0.0,0.0,0.0,0.0
80,i_soln,108002,-99,8.0,0.0,240.0,2.9986045440461253,99.90701205807707,0.0,0.0,0.0,0.0,0.0,0.0,0.0,0.999999999999999,0.0,0.0,0.0,0.0,0.0,0.0,0.0,0.0,0.999999999999999,0.0,0.0,0.0,0.0,0.0,0.0,0.0,0.0,0.0,-999.999,-999.999,-999.999,-999.999,-8.0,-3.215706120982619,-999.999,-999.999,-999.999,-999.999,-2.212279423983691,-999.999,-999.999,-999.999,-999.999,-999.999,-999.999,-999.999,-999.999,-999.999,-999.999,-999.999,-999.999,-999.999,-999.999,-999.999,-999.999,-999.999,0.0,0.0,0.0,0.0,0.0,0.0,0.0,0.0,0.0,0.0,0.0,0.0,0.0,0.0,-999.999,-999.999,-999.999,-999.999,-999.999,-999.999,-999.999,43.95804465241585,80.0,8.0,-99.99,-99.99,0.0,9.300213851821858e-06,1.6049946162125155e-05,0.0007119079827900356,5.184568054465267e-05,4.006734006734006e-07,0.0,0.0,0.0,0.0,0.0,0.0,0.0
80,react,80,1,8.272301857162786,-7.7065528883370735,240.0,0.25316958785808574,15.393557650240723,1.044254491915472,0.49726404376927735,0.0009945280875385512,0.09945280875385488,6.676624862631444e-06,3.061316977691144e-10,0.09471886974332135,2.0767189819682114e-05,0.09945280855829781,6.676624862630578e-06,8.657902469492026e-19,1.8267758938996255e-10,1.2345410837915187e-10,0.09462946397819881,8.908426839773252e-05,2.0767189819682114e-05,0.0,4.3085639603676936e-14,2.6139722927500304e-31,5.833656761086659e-12,1.8822008906222728e-23,1.3391114035663572e-12,3.835502608447889e-28,6.303803835484624e-15,4.663810780178076e-30,1.2321809239726264e-10,-6.161487796083615,-5.628313840754362,-5.034974538836013,-7.47495622271876,-8.272301857162786,-2.9482249812679773,-1.390781085275795,-2.715348273554099,-14.375233320734353,-22.402163343671294,-69.28998274141071,-16.865521657050632,-16.39109653834748,-17.3946553106082,-95.71414307340814,-9.520853543674281,-12.233883937837863,-23.34944875493855,-22.291557729636672,-10.008903591716312,-23.332037463813844,-12.635815669079623,-25.523875343706596,-5.857667643354674,-11.726752365933365,-10.110999825076636,-21.541241838923302,-6.149429660630869,0.0,0.0,0.0,0.0,0.0011954881387964615,-1.2965008067828505e-05,0.0009291589205840271,1.2965005691923585e-05,0.00012181215140037988,4.919575753655918e-07,0.0,0.0,0.0,0.0,-5.203885884171868,-7.089016519467039,-2.0145149252487755,-1.1087614078661048,-4.263256414560601e-14,3.410605131648481e-13,-3.4099289442870466,-1.7763568394002505e-15,80.0,8.272301857162786,-1.390781085275795,-2.715348273554099,6.2533698561460285e-06,9.300213851821858e-06,1.6049946162125155e-05,0.0007119079827900356,5.184568054465267e-05,4.006734006734006e-07,0.0,53.21655221066356,41.36104123880583,0.0,0.0,5.422406550530602,0.0
81,i_soln,108101,-99,8.0,0.0,240.0,-0.000492783605584837,-63.42297352997195,0.0,0.0,0.0,0.0,0.9999999999999971,0.0,0.0,0.0,0.0,0.9999999999999971,0.0,0.0,0.0,0.0,0.0,0.0,0.0,0.0,0.0,0.0,0.0,0.0,0.0,0.0,0.0,0.0,-999.999,-999.999,-999.999,-999.999,-8.0,-3.2157004040477073,-999.999,-999.999,-999.999,-999.999,-999.999,-999.999,-999.999,-999.999,-999.999,-999.999,-999.999,-999.999,-999.999,-999.999,-999.999,-999.999,-999.999,-999.999,-999.999,-6.196071767946686e-05,-999.999,-999.999,0.0,0.0,0.0,0.0,0.0,0.0,0.0,0.0,0.0,0.0,0.0,0.0,0.0,0.0,-999.999,-999.999,-999.999,-999.999,-999.999,-999.999,-999.999,-999.999,81.0,8.0,-99.99,-99.99,0.0,9.198499859384886e-06,1.6497933121281627e-05,0.0006905753191119489,5.06604493285602e-05,3.973063973063973e-07,0.0,0.0,0.0,0.0,0.0,0.0,0.0
81,i_soln,108102,-99,8.0,0.0,240.0,2.9986045440461253,99.90701205807707,0.0,0.0,0.0,0.0,0.0,0.0,0.0,0.999999999999999,0.0,0.0,0.0,0.0,0.0,0.0,0.0,0.0,0.999999999999999,0.0,0.0,0.0,0.0,0.0,0.0,0.0,0.0,0.0,-999.999,-999.999,-999.999,-999.999,-8.0,-3.215706120982619,-999.999,-999.999,-999.999,-999.999,-2.212279423983691,-999.999,-999.999,-999.999,-999.999,-999.999,-999.999,-999.999,-999.999,-999.999,-999.999,-999.999,-999.999,-999.999,-999.999,-999.999,-999.999,-999.999,0.0,0.0,0.0,0.0,0.0,0.0,0.0,0.0,0.0,0.0,0.0,0.0,0.0,0.0,-999.999,-999.999,-999.999,-999.999,-999.999,-999.999,-999.999,43.95804465241585,81.0,8.0,-99.99,-99.99,0.0,9.198499859384886e-06,1.6497933121281627e-05,0.0006905753191119489,5.06604493285602e-05,3.973063973063973e-07,0.0,0.0,0.0,0.0,0.0,0.0,0.0
81,react,81,1,8.273884427027367,-7.7082137397106205,240.0,0.25317075425821417,15.393771026334583,1.0442008410692312,0.497238495747258,0.0009944769914945132,0.09944769914945083,6.662398877700649e-06,3.0843899421002214e-10,0.09468880609172084,2.0678010233257724e-05,0.09944769895383762,6.662398877699778e-06,8.703375576311121e-19,1.8381194354556317e-10,1.2462705066445896e-10,0.09459922950094135,8.925537501522802e-05,2.0678010233257724e-05,0.0,4.3029265895289115e-14,2.6005703624131494e-31,5.847392369579089e-12,1.8793992913840892e-23,1.3373248802869338e-12,3.8156999706918566e-28,6.295174306161159e-15,4.6396205959003064e-30,1.2438965659249816e-10,-6.160630916201443,-5.629258836754825,-5.036840338300332,-7.4767195481376945,-8.273884427027367,-2.9466416523697236,-1.3908835593211712,-2.7170333174640575,-14.373727514311389,-22.40382419504484,-69.29496529553134,-16.867200327446618,-16.392793027765908,-17.396369619049068,-95.71919690361855,-9.520931066149574,-12.234088885928845,-23.351867473244244,-22.293994266964802,-10.009679277670896,-23.33449182016442,-12.63660917405665,-25.526347519079604,-5.858510165309752,-11.727510232865509,-10.11015654408809,-21.5420594093083,-6.147949564811665,0.0,0.0,0.0,0.0,0.00118281953352933,-1.2668605267131521e-05,0.0009418275235152327,1.266860293120558e-05,0.0001222980597740236,4.85908373643726e-07,0.0,0.0,0.0,0.0,-5.19882847534069,-7.081352504228148,-2.0145149252489603,-1.1096822113298899,1.4210854715202004e-14,2.842170943040401e-14,-3.4090081408232047,-1.7763568394002505e-15,81.0,8.273884427027367,-1.3908835593211712,-2.7170333174640575,6.326616718451566e-06,9.198499859384886e-06,1.6497933121281627e-05,0.0006905753191119489,5.06604493285602e-05,3.973063973063973e-07,0.0,52.641229404128275,41.915911361856104,0.0,0.0,5.442859234015626,0.0
82,i_soln,108201,-99,8.0,0.0,240.0,-0.000492783605584837,-63.42297352997195,0.0,0.0,0.0,0.0,0.9999999999999971,0.0,0.0,0.0,0.0,0.9999999999999971,0.0,0.0,0.0,0.0,0.0,0.0,0.0,0.0,0.0,0.0,0.0,0.0,0.0,0.0,0.0,0.0,-999.999,-999.999,-999.999,-999.999,-8.0,-3.2157004040477073,-999.999,-999.999,-999.999,-999.999,-999.999,-999.999,-999.999,-999.999,-999.999,-999.999,-999.999,-999.999,-999.999,-999.999,-999.999,-999.999,-999.999,-999.999,-999.999,-6.196071767946686e-05,-999.999,-999.999,0.0,0.0,0.0,0.0,0.0,0.0,0.0,0.0,0.0,0.0,0.0,0.0,0.0,0.0,-999.999,-999.999,-999.999,-999.999,-999.999,-999.999,-999.999,-999.999,82.0,8.0,-99.99,-99.99,0.0,9.090430748332725e-06,1.6959703223631075e-05,0.0006685863167790134,4.940116453552883e-05,3.939393939393938e-07,0.0,0.0,0.0,0.0,0.0,0.0,0.0
82,i_soln,108202,-99,8.0,0.0,240.0,2.9986045440461253,99.90701205807707,0.0,0.0,0.0,0.0,0.0,0.0,0.0,0.999999999999999,0.0,0.0,0.0,0.0,0.0,0.0,0.0,0.0,0.999999999999999,0.0,0.0,0.0,0.0,0.0,0.0,0.0,0.0,0.0,-999.999,-999.999,-999.999,-999.999,-8.0,-3.215706120982619,-999.999,-999.999,-999.999,-999.999,-2.212279423983691,-999.999,-999.999,-999.999,-999.999,-999.999,-999.999,-999.999,-999.999,-999.999,-999.999,-999.999,-999.999,-999.999,-999.999,-999.999,-999.999,-999.999,0.0,0.0,0.0,0.0,0.0,0.0,0.0,0.0,0.0,0.0,0.0,0.0,0.0,0.0,-999.999,-999.999,-999.999,-999.999,-999.999,-999.999,-999.999,43.95804465241585,82.0,8.0,-99.99,-99.99,0.0,9.090430748332725e-06,1.6959703223631075e-05,0.0006685863167790134,4.940116453552883e-05,3.939393939393938e-07,0.0,0.0,0.0,0.0,0.0,0.0,0.0
82,react,82,1,8.275424093716937,-7.709828203228204,240.0,0.25317191118258486,15.393980661138427,1.0441485229445537,0.4972135823545549,0.0009944271647091061,0.09944271647090977,6.6485785439313245e-06,3.1070190801669474e-10,0.09465949218058066,2.059163662329586e-05,0.09944271627524313,6.6485785439304495e-06,8.747883434706527e-19,1.8492281799700217e-10,1.2577909001969257e-10,0.09456974693896628,8.942429761214371e-05,2.059163662329586e-05,0.0,4.2974421875933136e-14,2.587601595175559e-31,5.8607774488338895e-12,1.8766805007659925e-23,1.3355868544491066e-12,3.7965377215160305e-28,6.286779133197992e-15,4.616213003341625e-30,1.2554034711496473e-10,-6.159786817559839,-5.630178900792097,-5.038655109407878,-7.478434165450253,-8.275424093716937,-2.945101245587372,-1.3909837131161602,-2.7186731379486133,-14.37226116426427,-22.405438658562424,-69.2998086860841,-16.868832166412094,-16.394442242179267,-17.39803620891032,-95.72410979596287,-9.521005122884805,-12.234289193518846,-23.354219068657006,-22.29636323782546,-10.01043378501397,-23.336878166472964,-12.637381056847612,-25.52875124083604,-5.859330075552037,-11.72824736476069,-10.109335893753027,-21.542853222490823,-6.146510051917086,0.0,0.0,0.0,0.0,0.0011704658490056313,-1.2353684523698678e-05,0.0009541812057477954,1.2353682232562756e-05,0.00012277781497443897,4.797552004153665e-07,0.0,0.0,0.0,0.0,-5.19390679360863,-7.073895554848447,-2.0145149252489745,-1.110576918400163,2.842170943040401e-14,2.842170943040401e-14,-3.4081134337529138,-1.7763568394002505e-15,82.0,8.275424093716937,-1.3909837131161602,-2.7186731379486133,6.3987214732259965e-06,9.090430748332725e-06,1.6959703223631075e-05,0.0006685863167790134,4.940116453552883e-05,3.939393939393938e-07,0.0,52.08031043757914,42.456645318841495,0.0,0.0,5.463044243579354,0.0
83,i_soln,108301,-99,8.0,0.0,240.0,-0.000492783605584837,-63.42297352997195,0.0,0.0,0.0,0.0,0.9999999999999971,0.0,0.0,0.0,0.0,0.9999999999999971,0.0,0.0,0.0,0.0,0.0,0.0,0.0,0.0,0.0,0.0,0.0,0.0,0.0,0.0,0.0,0.0,-999.999,-999.999,-999.999,-999.999,-8.0,-3.2157004040477073,-999.999,-999.999,-999.999,-999.999,-999.999,-999.999,-999.999,-999.999,-999.999,-999.999,-999.999,-999.999,-999.999,-999.999,-999.999,-999.999,-999.999,-999.999,-999.999,-6.196071767946686e-05,-999.999,-999.999,0.0,0.0,0.0,0.0,0.0,0.0,0.0,0.0,0.0,0.0,0.0,0.0,0.0,0.0,-999.999,-999.999,-999.999,-999.999,-999.999,-999.999,-999.999,-999.999,83.0,8.0,-99.99,-99.99,0.0,8.975609449081875e-06,1.743568053293786e-05,0.0006459207823247043,4.8063199277418105e-05,3.9057239057239053e-07,0.0,0.0,0.0,0.0,0.0,0.0,0.0
83,i_soln,108302,-99,8.0,0.0,240.0,2.9986045440461253,99.90701205807707,0.0,0.0,0.0,0.0,0.0,0.0,0.0,0.999999999999999,0.0,0.0,0.0,0.0,0.0,0.0,0.0,0.0,0.999999999999999,0.0,0.0,0.0,0.0,0.0,0.0,0.0,0.0,0.0,-999.999,-999.999,-999.999,-999.999,-8.0,-3.215706120982619,-999.999,-999.999,-999.999,-999.999,-2.212279423983691,-999.999,-999.999,-999.999,-999.999,-999.999,-999.999,-999.999,-999.999,-999.999,-999.999,-999.999,-999.999,-999.999,-999.999,-999.999,-999.999,-999.999,0.0,0.0,0.0,0.0,0.0,0.0,0.0,0.0,0.0,0.0,0.0,0.0,0.0,0.0,-999.999,-999.999,-999.999,-999.999,-999.999,-999.999,-999.999,43.95804465241585,83.0,8.0,-99.99,-99.99,0.0,8.975609449081875e-06,1.743568053293786e-05,0.0006459207823247043,4.8063199277418105e-05,3.9057239057239053e-07,0.0,0.0,0.0,0.0,0.0,0.0,0.0
83,react,83,1,8.276918422348981,-7.7113935905484805,240.0,0.25317305866997225,15.394186320703206,1.0440976197355374,0.49718934273121385,0.0009943786854624249,0.09943786854624166,6.635183489411806e-06,3.1291538546803617e-10,0.0946309743999536,2.050818028502656e-05,0.09943786835052451,6.635183489410927e-06,8.791339963930949e-19,1.86007794191653e-10,1.2690759127638316e-10,0.09454106273746597,8.959098042359768e-05,2.050818028502656e-05,0.0,4.29211732791607e-14,2.5750804367488046e-31,5.873786129663723e-12,1.874048382716528e-23,1.3338994139706983e-12,3.778037144314754e-28,6.2786284331713655e-15,4.5936139496907604e-30,1.2666753154631153e-10,-6.158955741234035,-5.631072559366041,-5.040415822405388,-7.480097215609149,-8.276918422348981,-2.9436061969457694,-1.391081375954769,-2.720265129419275,-14.37083645430134,-22.4070040458827,-69.30450484804493,-16.87041445833203,-16.396041438698866,-17.39965231002958,-95.72887357632234,-9.521075461563479,-12.234484519196062,-23.35649969347366,-22.298660767241778,-10.011165927110008,-23.339192600488936,-12.63813010354331,-25.53108257945168,-5.860126071287368,-11.728962602257068,-10.108539178008142,-21.543621894066213,-6.1451133861236595,0.0,0.0,0.0,0.0,0.001158446760179417,-1.2019088826214228e-05,0.0009662002923327867,1.2019086584991287e-05,0.00012325130595336085,4.7349097892187327e-07,0.0,0.0,0.0,0.0,-5.18912865916802,-7.066657654504072,-2.0145149252489745,-1.1114439728237429,0.0,2.842170943040401e-14,-3.4072463793293535,-1.7763568394002505e-15,83.0,8.276918422348981,-1.391081375954769,-2.720265129419275,6.469509289962447e-06,8.975609449081875e-06,1.743568053293786e-05,0.0006459207823247043,4.8063199277418105e-05,3.9057239057239053e-07,0.0,51.53465928816209,42.98238346471874,0.0,0.0,5.4829572471191845,0.0
84,i_soln,108401,-99,8.0,0.0,240.0,-0.000492783605584837,-63.42297352997195,0.0,0.0,0.0,0.0,0.9999999999999971,0.0,0.0,0.0,0.0,0.9999999999999971,0.0,0.0,0.0,0.0,0.0,0.0,0.0,0.0,0.0,0.0,0.0,0.0,0.0,0.0,0.0,0.0,-999.999,-999.999,-999.999,-999.999,-8.0,-3.2157004040477073,-999.999,-999.999,-999.999,-999.999,-999.999,-999.999,-999.999,-999.999,-999.999,-999.999,-999.999,-999.999,-999.999,-999.999,-999.999,-999.999,-999.999,-999.999,-999.999,-6.196071767946686e-05,-999.999,-999.999,0.0,0.0,0.0,0.0,0.0,0.0,0.0,0.0,0.0,0.0,0.0,0.0,0.0,0.0,-999.999,-999.999,-999.999,-999.999,-999.999,-999.999,-999.999,-999.999,84.0,8.0,-99.99,-99.99,0.0,8.853614083030516e-06,1.79263021600684e-05,0.00062255790099334,4.6641637576826136e-05,3.872053872053872e-07,0.0,0.0,0.0,0.0,0.0,0.0,0.0
84,i_soln,108402,-99,8.0,0.0,240.0,2.9986045440461253,99.90701205807707,0.0,0.0,0.0,0.0,0.0,0.0,0.0,0.999999999999999,0.0,0.0,0.0,0.0,0.0,0.0,0.0,0.0,0.999999999999999,0.0,0.0,0.0,0.0,0.0,0.0,0.0,0.0,0.0,-999.999,-999.999,-999.999,-999.999,-8.0,-3.215706120982619,-999.999,-999.999,-999.999,-999.999,-2.212279423983691,-999.999,-999.999,-999.999,-999.999,-999.999,-999.999,-999.999,-999.999,-999.999,-999.999,-999.999,-999.999,-999.999,-999.999,-999.999,-999.999,-999.999,0.0,0.0,0.0,0.0,0.0,0.0,0.0,0.0,0.0,0.0,0.0,0.0,0.0,0.0,-999.999,-999.999,-999.999,-999.999,-999.999,-999.999,-999.999,43.95804465241585,84.0,8.0,-99.99,-99.99,0.0,8.853614083030516e-06,1.79263021600684e-05,0.00062255790099334,4.6641637576826136e-05,3.872053872053872e-07,0.0,0.0,0.0,0.0,0.0,0.0,0.0
84,react,84,1,8.278364827403557,-7.7129070474216315,240.0,0.2531741967615679,15.394387756882224,1.0440482187761813,0.4971658184648538,0.0009943316369297047,0.09943316369296962,6.622234600485475e-06,3.150740508345892e-10,0.09460330204035527,2.0427760168085586e-05,0.09943316349720509,6.622234600484592e-06,8.833653799337647e-19,1.870643021016126e-10,1.2800974873297654e-10,0.09451322624552082,8.975536422150469e-05,2.0427760168085586e-05,0.0,4.286959012886682e-14,2.563022409430752e-31,5.886390968355573e-12,1.87150705020749e-23,1.332264783102576e-12,3.760221111636333e-28,6.2707329835224835e-15,4.571851322097417e-30,1.2776840710496982e-10,-6.158137946626969,-5.631938248015649,-5.042119260775001,-7.481705663230535,-8.278364827403557,-2.942159093178862,-1.3911763667030044,-2.7218065252220853,-14.369455703640675,-22.40851750275585,-69.30904521866437,-16.871944319975878,-16.397587705113416,-17.401214981214824,-95.73347956602457,-9.521141814669718,-12.234674500692483,-23.35870526227067,-22.300882740809488,-10.011874443804567,-23.34143097882735,-12.638855025008569,-25.533337362560786,-5.860896769188763,-11.72965471418093,-10.107767781394397,-21.54436395432562,-6.143761971817317,0.0,0.0,0.0,0.0,0.001146783171308815,-1.1663588870602102e-05,0.0009778638790175279,1.1663586684741126e-05,0.0001237184140406769,4.671080873160419e-07,0.0,0.0,0.0,0.0,-5.184502375622598,-7.059651526723528,-2.014514925248953,-1.1122817225437203,0.0,2.842170943040401e-14,-3.4064086296093645,0.0,84.0,8.278364827403557,-1.3911763667030044,-2.7218065252220853,6.538793532270457e-06,8.853614083030516e-06,1.79263021600684e-05,0.00062255790099334,4.6641637576826136e-05,3.872053872053872e-07,0.0,51.0051941947822,43.492212209940924,0.0,0.0,5.502593595276879,0.0
85,i_soln,108501,-99,8.0,0.0,240.0,-0.000492783605584837,-63.42297352997195,0.0,0.0,0.0,0.0,0.9999999999999971,0.0,0.0,0.0,0.0,0.9999999999999971,0.0,0.0,0.0,0.0,0.0,0.0,0.0,0.0,0.0,0.0,0.0,0.0,0.0,0.0,0.0,0.0,-999.999,-999.999,-999.999,-999.999,-8.0,-3.2157004040477073,-999.999,-999.999,-999.999,-999.999,-999.999,-999.999,-999.999,-999.999,-999.999,-999.999,-999.999,-999.999,-999.999,-999.999,-999.999,-999.999,-999.999,-999.999,-999.999,-6.196071767946686e-05,-999.999,-999.999,0.0,0.0,0.0,0.0,0.0,0.0,0.0,0.0,0.0,0.0,0.0,0.0,0.0,0.0,-999.999,-999.999,-999.999,-999.999,-999.999,-999.999,-999.999,-999.999,85.0,8.0,-99.99,-99.99,0.0,8.723996412484124e-06,1.8432018664409315e-05,0.0005984762176249761,4.513125630471188e-05,3.838383838383837e-07,0.0,0.0,0.0,0.0,0.0,0.0,0.0
85,i_soln,108502,-99,8.0,0.0,240.0,2.9986045440461253,99.90701205807707,0.0,0.0,0.0,0.0,0.0,0.0,0.0,0.999999999999999,0.0,0.0,0.0,0.0,0.0,0.0,0.0,0.0,0.999999999999999,0.0,0.0,0.0,0.0,0.0,0.0,0.0,0.0,0.0,-999.999,-999.999,-999.999,-999.999,-8.0,-3.215706120982619,-999.999,-999.999,-999.999,-999.999,-2.212279423983691,-999.999,-999.999,-999.999,-999.999,-999.999,-999.999,-999.999,-999.999,-999.999,-999.999,-999.999,-999.999,-999.999,-999.999,-999.999,-999.999,-999.999,0.0,0.0,0.0,0.0,0.0,0.0,0.0,0.0,0.0,0.0,0.0,0.0,0.0,0.0,-999.999,-999.999,-999.999,-999.999,-999.999,-999.999,-999.999,43.95804465241585,85.0,8.0,-99.99,-99.99,0.0,8.723996412484124e-06,1.8432018664409315e-05,0.0005984762176249761,4.513125630471188e-05,3.838383838383837e-07,0.0,0.0,0.0,0.0,0.0,0.0,0.0
85,react,85,1,8.279760562626368,-7.714365542563215,240.0,0.2531753255011444,15.39458470651316,1.0440004128629172,0.4971430537442523,0.000994286107488501,0.09942861074884919,6.6097541115946805e-06,3.171721908770089e-10,0.09457652747468183,2.0350503474492308e-05,0.0994286105530407,6.609754111593793e-06,8.874728006464558e-19,1.880896126449605e-10,1.2908257823204842e-10,0.0944862898982663,8.99173860626318e-05,2.0350503474492308e-05,0.0,4.281974705143127e-14,2.5514441989051196e-31,5.898562853471529e-12,1.869060883490564e-23,1.3306853323356782e-12,3.7431142133674253e-28,6.2631042705020535e-15,4.550955104203646e-30,1.288399927322901e-10,-6.157333712744526,-5.632774305361745,-5.0437620088961195,-7.483256284861881,-8.279760562626368,-2.9407626818311576,-1.3912684931927748,-2.723294386934654,-14.368121376086847,-22.409975997897433,-69.31342070408913,-16.87341868926414,-16.39907794854835,-17.402721098796437,-95.73791854803605,-9.521203898463598,-12.234858753672064,-23.360831435925466,-22.303024788610955,-10.012557996464452,-23.343588900775494,-12.63955445181513,-25.535511158655606,-5.861640700045058,-11.73032239269414,-10.107023174413227,-21.545077842486034,-6.14245836308428,0.0,0.0,0.0,0.0,0.0011354972927660307,-1.1285878542784296e-05,0.0009891497554356046,1.1285876418076768e-05,0.00012417901234956685,4.605983088899594e-07,0.0,0.0,0.0,0.0,-5.1800367621101735,-7.052890684598564,-2.0145149252489745,-1.1130884133187706,1.4210854715202004e-14,2.842170943040401e-14,-3.405601938834315,0.0,85.0,8.279760562626368,-1.3912684931927748,-2.723294386934654,6.606375240703066e-06,8.723996412484124e-06,1.8432018664409315e-05,0.0005984762176249761,4.513125630471188e-05,3.838383838383837e-07,0.0,50.492891054798285,43.98516064835879,0.0,0.0,5.52194829684292,0.0
86,i_soln,108601,-99,8.0,0.0,240.0,-0.000492783605584837,-63.42297352997195,0.0,0.0,0.0,0.0,0.9999999999999971,0.0,0.0,0.0,0.0,0.9999999999999971,0.0,0.0,0.0,0.0,0.0,0.0,0.0,0.0,0.0,0.0,0.0,0.0,0.0,0.0,0.0,0.0,-999.999,-999.999,-999.999,-999.999,-8.0,-3.2157004040477073,-999.999,-999.999,-999.999,-999.999,-999.999,-999.999,-999.999,-999.999,-999.999,-999.999,-999.999,-999.999,-999.999,-999.999,-999.999,-999.999,-999.999,-999.999,-999.999,-6.196071767946686e-05,-999.999,-999.999,0.0,0.0,0.0,0.0,0.0,0.0,0.0,0.0,0.0,0.0,0.0,0.0,0.0,0.0,-999.999,-999.999,-999.999,-999.999,-999.999,-999.999,-999.999,-999.999,86.0,8.0,-99.99,-99.99,0.0,8.586280193732015e-06,1.8953294467635876e-05,0.0005736536169521903,4.352650598947512e-05,3.804713804713804e-07,0.0,0.0,0.0,0.0,0.0,0.0,0.0
86,i_soln,108602,-99,8.0,0.0,240.0,2.9986045440461253,99.90701205807707,0.0,0.0,0.0,0.0,0.0,0.0,0.0,0.999999999999999,0.0,0.0,0.0,0.0,0.0,0.0,0.0,0.0,0.999999999999999,0.0,0.0,0.0,0.0,0.0,0.0,0.0,0.0,0.0,-999.999,-999.999,-999.999,-999.999,-8.0,-3.215706120982619,-999.999,-999.999,-999.999,-999.999,-2.212279423983691,-999.999,-999.999,-999.999,-999.999,-999.999,-999.999,-999.999,-999.999,-999.999,-999.999,-999.999,-999.999,-999.999,-999.999,-999.999,-999.999,-999.999,0.0,0.0,0.0,0.0,0.0,0.0,0.0,0.0,0.0,0.0,0.0,0.0,0.0,0.0,-999.999,-999.999,-999.999,-999.999,-999.999,-999.999,-999.999,43.95804465241585,86.0,8.0,-99.99,-99.99,0.0,8.586280193732015e-06,1.8953294467635876e-05,0.0005736536169521903,4.352650598947512e-05,3.804713804713804e-07,0.0,0.0,0.0,0.0,0.0,0.0,0.0
86,react,86,1,8.281102710191169,-7.715765855697784,240.0,0.2531764449352061,15.394776890558077,1.0439543005975338,0.49712109552264144,0.0009942421910452796,0.09942421910452677,6.597765702503537e-06,3.1920373919237384e-10,0.09455070635164299,2.0276546313118798e-05,0.09942421890867793,6.597765702502645e-06,8.914459784788145e-19,1.890808299529455e-10,1.3012290923942834e-10,0.09446030941057312,9.007697903872551e-05,2.0276546313118798e-05,0.0,4.277172361305776e-14,2.540363749570964e-31,5.910270907441868e-12,1.866714549914479e-23,1.3291635891071514e-12,3.7267428975248015e-28,6.255754540977353e-15,4.530957548080273e-30,1.2987912118086449e-10,-6.156543339465376,-5.633578966732597,-5.045340438815299,-7.484745656388753,-8.281102710191169,-2.939419882100154,-1.3913575515850827,-2.7247255928917724,-14.36683608975941,-22.411376311032,-69.31762164349283,-16.874834313197884,-16.40050888328127,-17.40416734432854,-95.74218073063645,-9.521261411867163,-12.235036870456662,-23.362873604445458,-22.30508226793012,-10.01321516264905,-23.345661690893838,-12.640226928798905,-25.53759925957313,-5.862356303023617,-11.730964248079559,-10.106306919268464,-21.545761900475842,-6.141205273911785,0.0,0.0,0.0,0.0,0.001124612722646889,-1.0884570119141634e-05,0.0010000343234973428,1.0884568061738124e-05,0.00012463296512554313,4.539527759762831e-07,0.0,0.0,0.0,0.0,-5.175741187740208,-7.046389483556942,-2.0145149252489745,-1.11386218186707,2.842170943040401e-14,2.842170943040401e-14,-3.404828170285989,1.7763568394002505e-15,86.0,8.281102710191169,-1.3913575515850827,-2.7247255928917724,6.672042626356081e-06,8.586280193732015e-06,1.8953294467635876e-05,0.0005736536169521903,4.352650598947512e-05,3.804713804713804e-07,0.0,49.99878703461277,44.46019697355503,0.0,0.0,5.5410159918321895,0.0
87,i_soln,108701,-99,8.0,0.0,240.0,-0.000492783605584837,-63.42297352997195,0.0,0.0,0.0,0.0,0.9999999999999971,0.0,0.0,0.0,0.0,0.9999999999999971,0.0,0.0,0.0,0.0,0.0,0.0,0.0,0.0,0.0,0.0,0.0,0.0,0.0,0.0,0.0,0.0,-999.999,-999.999,-999.999,-999.999,-8.0,-3.2157004040477073,-999.999,-999.999,-999.999,-999.999,-999.999,-999.999,-999.999,-999.999,-999.999,-999.999,-999.999,-999.999,-999.999,-999.999,-999.999,-999.999,-999.999,-999.999,-999.999,-6.196071767946686e-05,-999.999,-999.999,0.0,0.0,0.0,0.0,0.0,0.0,0.0,0.0,0.0,0.0,0.0,0.0,0.0,0.0,-999.999,-999.999,-999.999,-999.999,-999.999,-999.999,-999.999,-999.999,87.0,8.0,-99.99,-99.99,0.0,8.439959427223632e-06,1.9490608280210833e-05,0.0005480673032906615,4.182149042698228e-05,3.77104377104377e-07,0.0,0.0,0.0,0.0,0.0,0.0,0.0
87,i_soln,108702,-99,8.0,0.0,240.0,2.9986045440461253,99.90701205807707,0.0,0.0,0.0,0.0,0.0,0.0,0.0,0.999999999999999,0.0,0.0,0.0,0.0,0.0,0.0,0.0,0.0,0.999999999999999,0.0,0.0,0.0,0.0,0.0,0.0,0.0,0.0,0.0,-999.999,-999.999,-999.999,-999.999,-8.0,-3.215706120982619,-999.999,-999.999,-999.999,-999.999,-2.212279423983691,-999.999,-999.999,-999.999,-999.999,-999.999,-999.999,-999.999,-999.999,-999.999,-999.999,-999.999,-999.999,-999.999,-999.999,-999.999,-999.999,-999.999,0.0,0.0,0.0,0.0,0.0,0.0,0.0,0.0,0.0,0.0,0.0,0.0,0.0,0.0,-999.999,-999.999,-999.999,-999.999,-999.999,-999.999,-999.999,43.95804465241585,87.0,8.0,-99.99,-99.99,0.0,8.439959427223632e-06,1.9490608280210833e-05,0.0005480673032906615,4.182149042698228e-05,3.77104377104377e-07,0.0,0.0,0.0,0.0,0.0,0.0,0.0
87,react,87,1,8.282388169061619,-7.717104564725761,240.0,0.2531775551131624,15.394964013202701,1.0439099867517827,0.4970999936913312,0.0009941999873826594,0.09941999873826489,6.586294603581435e-06,3.2116226052662225e-10,0.09452589780140377,2.0206034415842005e-05,0.09941999854237961,6.586294603580539e-06,8.952740161173092e-19,1.9003488352960807e-10,1.3112737699701413e-10,0.09443534398296792,9.023407199458452e-05,2.0206034415842005e-05,0.0,4.272560468683956e-14,2.529800369383262e-31,5.92148238303281e-12,1.8644730254571595e-23,1.3277022494477551e-12,3.7111356251076864e-28,6.248696858779987e-15,4.51189336334582e-30,1.3088243117678998e-10,-6.155767148971383,-5.634350357342658,-5.046850696076422,-7.486170139533307,-8.282388169061619,-2.938133796479623,-1.3914433257016587,-2.726096825878791,-14.365602627546327,-22.41271502005998,-69.32163777057676,-16.876187734904335,-16.401877017666198,-17.40555019139193,-95.74625570843426,-9.521314035274612,-12.235208418689817,-23.36482686852884,-22.30705024469198,-10.013844430382932,-23.347644380334167,-12.64087090921126,-25.539596661691935,-5.863041919517123,-11.731578803134969,-10.105620676024868,-21.546414366260223,-6.140005589157893,0.0,0.0,0.0,0.0,0.001114154533479845,-1.045818916704409e-05,0.001010492510680811,1.0458187183468243e-05,0.00012508012703422346,4.471619086803284e-07,0.0,0.0,0.0,0.0,-5.171625608529004,-7.040163177957659,-2.0145149252489674,-1.1146010485181748,-1.4210854715202004e-14,-2.842170943040401e-14,-3.4040893036349473,0.0,87.0,8.282388169061619,-1.3914433257016587,-2.726096825878791,6.7355705820962566e-06,8.439959427223632e-06,1.9490608280210833e-05,0.0005480673032906615,4.182149042698228e-05,3.77104377104377e-07,0.0,49.52398440776679,44.91622467021707,0.0,0.0,5.559790922016142,0.0
88,i_soln,108801,-99,8.0,0.0,240.0,-0.000492783605584837,-63.42297352997195,0.0,0.0,0.0,0.0,0.9999999999999971,0.0,0.0,0.0,0.0,0.9999999999999971,0.0,0.0,0.0,0.0,0.0,0.0,0.0,0.0,0.0,0.0,0.0,0.0,0.0,0.0,0.0,0.0,-999.999,-999.999,-999.999,-999.999,-8.0,-3.2157004040477073,-999.999,-999.999,-999.999,-999.999,-999.999,-999.999,-999.999,-999.999,-999.999,-999.999,-999.999,-999.999,-999.999,-999.999,-999.999,-999.999,-999.999,-999.999,-999.999,-6.196071767946686e-05,-999.999,-999.999,0.0,0.0,0.0,0.0,0.0,0.0,0.0,0.0,0.0,0.0,0.0,0.0,0.0,0.0,-999.999,-999.999,-999.999,-999.999,-999.999,-999.999,-999.999,-999.999,88.0,8.0,-99.99,-99.99,0.0,8.284496498415385e-06,2.0044453541005245e-05,0.0005216937796048917,4.000994501662123e-05,3.737373737373737e-07,0.0,0.0,0.0,0.0,0.0,0.0,0.0
88,i_soln,108802,-99,8.0,0.0,240.0,2.9986045440461253,99.90701205807707,0.0,0.0,0.0,0.0,0.0,0.0,0.0,0.999999999999999,0.0,0.0,0.0,0.0,0.0,0.0,0.0,0.0,0.999999999999999,0.0,0.0,0.0,0.0,0.0,0.0,0.0,0.0,0.0,-999.999,-999.999,-999.999,-999.999,-8.0,-3.215706120982619,-999.999,-999.999,-999.999,-999.999,-2.212279423983691,-999.999,-999.999,-999.999,-999.999,-999.999,-999.999,-999.999,-999.999,-999.999,-999.999,-999.999,-999.999,-999.999,-999.999,-999.999,-999.999,-999.999,0.0,0.0,0.0,0.0,0.0,0.0,0.0,0.0,0.0,0.0,0.0,0.0,0.0,0.0,-999.999,-999.999,-999.999,-999.999,-999.999,-999.999,-999.999,43.95804465241585,88.0,8.0,-99.99,-99.99,0.0,8.284496498415385e-06,2.0044453541005245e-05,0.0005216937796048917,4.000994501662123e-05,3.737373737373737e-07,0.0,0.0,0.0,0.0,0.0,0.0,0.0
88,react,88,1,8.283613642484596,-7.718378031929276,240.0,0.25317865608750506,15.395145760912989,1.0438675826550823,0.4970798012643306,0.0009941596025286588,0.09941596025286482,6.575367709962045e-06,3.2304093517762156e-10,0.09450216465424402,2.0139123922888483e-05,0.09941596005694729,6.575367709961146e-06,8.989453673751988e-19,1.9094852034497787e-10,1.3209241483264372e-10,0.09441145652059049,9.038858922711937e-05,2.0139123922888483e-05,0.0,4.2681480851698624e-14,2.5197748453476344e-31,5.932162554378234e-12,1.8623416181531963e-23,1.326304190638886e-12,3.696323040700443e-28,6.241945165925929e-15,4.4937999255330914e-30,1.3184635973921061e-10,-6.155005487275775,-5.635086484988015,-5.048288684525055,-7.487525867359388,-8.283613642484596,-2.936907723271771,-1.3915255863242195,-2.727404559924331,-14.364423948334137,-22.413988487263495,-69.3254581721873,-16.877475279713643,-16.403178640081297,-17.406865891412828,-95.75013242046799,-9.521361429270275,-12.235372939934962,-23.366686019738363,-22.3089234735073,-10.014444191994736,-23.349531686755277,-12.641484748428855,-25.54149804571884,-5.8636957865399,-11.732164487140977,-10.104966209217235,-21.547033366656105,-6.138862376357493,0.0,0.0,0.0,0.0,0.00110414936435316,-1.0005169126684876e-05,0.001020497677904662,1.0005167223851082e-05,0.00012552034238042295,4.402153461994932e-07,0.0,0.0,0.0,0.0,-5.1677006070376645,-7.034227981832547,-2.0145149252489816,-1.11530290932145,0.0,0.0,-3.403387442831649,0.0,88.0,8.283613642484596,-1.3915255863242195,-2.727404559924331,6.796720219342288e-06,8.284496498415385e-06,2.0044453541005245e-05,0.0005216937796048917,4.000994501662123e-05,3.737373737373737e-07,0.0,49.069654635078265,45.35207846631931,0.0,0.0,5.578266898602417,0.0
89,i_soln,108901,-99,8.0,0.0,240.0,-0.000492783605584837,-63.42297352997195,0.0,0.0,0.0,0.0,0.9999999999999971,0.0,0.0,0.0,0.0,0.9999999999999971,0.0,0.0,0.0,0.0,0.0,0.0,0.0,0.0,0.0,0.0,0.0,0.0,0.0,0.0,0.0,0.0,-999.999,-999.999,-999.999,-999.999,-8.0,-3.2157004040477073,-999.999,-999.999,-999.999,-999.999,-999.999,-999.999,-999.999,-999.999,-999.999,-999.999,-999.999,-999.999,-999.999,-999.999,-999.999,-999.999,-999.999,-999.999,-999.999,-6.196071767946686e-05,-999.999,-999.999,0.0,0.0,0.0,0.0,0.0,0.0,0.0,0.0,0.0,0.0,0.0,0.0,0.0,0.0,-999.999,-999.999,-999.999,-999.999,-999.999,-999.999,-999.999,-999.999,89.0,8.0,-99.99,-99.99,0.0,8.119320202457053e-06,2.061533887044509e-05,0.0004945088259298446,3.80852137437862e-05,3.703703703703703e-07,0.0,0.0,0.0,0.0,0.0,0.0,0.0
89,i_soln,108902,-99,8.0,0.0,240.0,2.9986045440461253,99.90701205807707,0.0,0.0,0.0,0.0,0.0,0.0,0.0,0.999999999999999,0.0,0.0,0.0,0.0,0.0,0.0,0.0,0.0,0.999999999999999,0.0,0.0,0.0,0.0,0.0,0.0,0.0,0.0,0.0,-999.999,-999.999,-999.999,-999.999,-8.0,-3.215706120982619,-999.999,-999.999,-999.999,-999.999,-2.212279423983691,-999.999,-999.999,-999.999,-999.999,-999.999,-999.999,-999.999,-999.999,-999.999,-999.999,-999.999,-999.999,-999.999,-999.999,-999.999,-999.999,-999.999,0.0,0.0,0.0,0.0,0.0,0.0,0.0,0.0,0.0,0.0,0.0,0.0,0.0,0.0,-999.999,-999.999,-999.999,-999.999,-999.999,-999.999,-999.999,43.95804465241585,89.0,8.0,-99.99,-99.99,0.0,8.119320202457053e-06,2.061533887044509e-05,0.0004945088259298446,3.80852137437862e-05,3.703703703703703e-07,0.0,0.0,0.0,0.0,0.0,0.0,0.0
89,react,89,1,8.28477562454093,-7.719582389128579,240.0,0.2531797479140109,15.395321801449834,1.0438272066067944,0.4970605745746699,0.000994121149149338,0.09941211491493267,6.565013705455082e-06,3.2483254363786495e-10,0.09447957367303964,2.0075982245606744e-05,0.09941211471898738,6.56501370545418e-06,9.024478047116935e-19,1.91818296912909e-10,1.3301424672495595e-10,0.09438871386598285,9.054045017422817e-05,2.0075982245606744e-05,0.0,4.2639448825754195e-14,2.5103095709481096e-31,5.942274602285996e-12,1.8603259936097327e-23,1.3249724849605393e-12,3.682338160719169e-28,6.235514349102122e-15,4.476717506020127e-30,1.3276713475503173e-10,-6.154258725807533,-5.635785232221276,-5.049650049997832,-7.4888087286954175,-8.28477562454093,-2.9357451700423396,-1.3916040904609437,-2.728645046117393,-14.363303199074577,-22.415192844462798,-69.32907124378521,-16.87869304017807,-16.40440980381085,-17.408110458407503,-95.7537991051264,-9.521403233240145,-12.235529948208429,-23.368445519162595,-22.310696376196653,-10.015012737484788,-23.351317992709756,-12.642066697184031,-25.54329775493844,-5.864316029636441,-11.732719629365906,-10.104345394947606,-21.547616909585777,-6.137778898437889,0.0,0.0,0.0,0.0,0.0010946255187988475,-9.523845554312545e-06,0.0010300215216442021,9.523843739540037e-06,0.00012595344425035703,4.3310186993407917e-07,0.0,0.0,0.0,0.0,-5.163977434939195,-7.028601134128428,-2.0145149252489887,-1.1159655275609524,1.4210854715202004e-14,-5.684341886080802e-14,-3.4027248245921493,0.0,89.0,8.28477562454093,-1.3916040904609437,-2.728645046117393,6.855238439564699e-06,8.119320202457053e-06,2.061533887044509e-05,0.0004945088259298446,3.80852137437862e-05,3.703703703703703e-07,0.0,48.63704270231532,45.766520030964955,0.0,0.0,5.596437266719747,0.0
90,i_soln,109001,-99,8.0,0.0,240.0,-0.000492783605584837,-63.42297352997195,0.0,0.0,0.0,0.0,0.9999999999999971,0.0,0.0,0.0,0.0,0.9999999999999971,0.0,0.0,0.0,0.0,0.0,0.0,0.0,0.0,0.0,0.0,0.0,0.0,0.0,0.0,0.0,0.0,-999.999,-999.999,-999.999,-999.999,-8.0,-3.2157004040477073,-999.999,-999.999,-999.999,-999.999,-999.999,-999.999,-999.999,-999.999,-999.999,-999.999,-999.999,-999.999,-999.999,-999.999,-999.999,-999.999,-999.999,-999.999,-999.999,-6.196071767946686e-05,-999.999,-999.999,0.0,0.0,0.0,0.0,0.0,0.0,0.0,0.0,0.0,0.0,0.0,0.0,0.0,0.0,-999.999,-999.999,-999.999,-999.999,-999.999,-999.999,-999.999,-999.999,90.0,8.0,-99.99,-99.99,0.0,7.943823645460068e-06,2.1203788537599732e-05,0.00046648747712869037,3.604022472422263e-05,3.67003367003367e-07,0.0,0.0,0.0,0.0,0.0,0.0,0.0
90,i_soln,109002,-99,8.0,0.0,240.0,2.9986045440461253,99.90701205807707,0.0,0.0,0.0,0.0,0.0,0.0,0.0,0.999999999999999,0.0,0.0,0.0,0.0,0.0,0.0,0.0,0.0,0.999999999999999,0.0,0.0,0.0,0.0,0.0,0.0,0.0,0.0,0.0,-999.999,-999.999,-999.999,-999.999,-8.0,-3.215706120982619,-999.999,-999.999,-999.999,-999.999,-2.212279423983691,-999.999,-999.999,-999.999,-999.999,-999.999,-999.999,-999.999,-999.999,-999.999,-999.999,-999.999,-999.999,-999.999,-999.999,-999.999,-999.999,-999.999,0.0,0.0,0.0,0.0,0.0,0.0,0.0,0.0,0.0,0.0,0.0,0.0,0.0,0.0,-999.999,-999.999,-999.999,-999.999,-999.999,-999.999,-999.999,43.95804465241585,90.0,8.0,-99.99,-99.99,0.0,7.943823645460068e-06,2.1203788537599732e-05,0.00046648747712869037,3.604022472422263e-05,3.67003367003367e-07,0.0,0.0,0.0,0.0,0.0,0.0,0.0
90,react,90,1,8.285870385677178,-7.7207135217446154,240.0,0.2531808306519431,15.395491782839176,1.0437889843146644,0.4970423734831796,0.000994084746966357,0.09940847469663437,6.555263197168828e-06,3.265294516827888e-10,0.09445819580049998,2.0016789013646034e-05,0.09940847450066613,6.555263197167922e-06,9.05768385910095e-19,1.9264057144054357e-10,1.3388888024224518e-10,0.09436718704671304,9.0689569024586e-05,2.0016789013646034e-05,0.0,4.2599611941713217e-14,2.501428686941387e-31,5.951779494251629e-12,1.858432202827432e-23,1.3237104147679692e-12,3.6692165814228056e-28,6.229420312551172e-15,4.460689526118048e-30,1.3364076792776032e-10,-6.153527263383485,-5.636444347966562,-5.050930162850068,-7.490014351429565,-8.285870385677178,-2.9346498680950397,-1.3916785805790588,-2.729814297371746,-14.362243727796013,-22.416323977078832,-69.33246464163332,-16.879836859988558,-16.405566310815793,-17.4092796526069,-95.75724325175231,-9.52143906390888,-12.235678928444536,-23.37009947448215,-22.312363018710663,-10.015548247382757,-23.352997322418222,-12.642614894276456,-25.544989771841358,-5.864900655263597,-11.733242452069423,-10.10376022850937,-21.548162875763577,-6.1367586274197325,0.0,0.0,0.0,0.0,0.0010856130687931563,-9.012450005691213e-06,0.0010390339699309227,9.012448286720544e-06,0.0001263792535701066,4.2580931974956046e-07,0.0,0.0,0.0,0.0,-5.160468058743007,-7.023300968759878,-2.014514925248946,-1.1165865246678734,2.842170943040401e-14,1.1368683772161603e-13,-3.402103827485175,1.7763568394002505e-15,90.0,8.285870385677178,-1.3916785805790588,-2.729814297371746,6.910857551393215e-06,7.943823645460068e-06,2.1203788537599732e-05,0.00046648747712869037,3.604022472422263e-05,3.67003367003367e-07,0.0,48.227471731870736,46.15823340170617,0.0,0.0,5.614294866423095,0.0
91,i_soln,109101,-99,8.0,0.0,240.0,-0.000492783605584837,-63.42297352997195,0.0,0.0,0.0,0.0,0.9999999999999971,0.0,0.0,0.0,0.0,0.9999999999999971,0.0,0.0,0.0,0.0,0.0,0.0,0.0,0.0,0.0,0.0,0.0,0.0,0.0,0.0,0.0,0.0,-999.999,-999.999,-999.999,-999.999,-8.0,-3.2157004040477073,-999.999,-999.999,-999.999,-999.999,-999.999,-999.999,-999.999,-999.999,-999.999,-999.999,-999.999,-999.999,-999.999,-999.999,-999.999,-999.999,-999.999,-999.999,-999.999,-6.196071767946686e-05,-999.999,-999.999,0.0,0.0,0.0,0.0,0.0,0.0,0.0,0.0,0.0,0.0,0.0,0.0,0.0,0.0,-999.999,-999.999,-999.999,-999.999,-999.999,-999.999,-999.999,-999.999,91.0,8.0,-99.99,-99.99,0.0,7.757362014636452e-06,2.1810342941641176e-05,0.0004376039999662248,3.386746422037547e-05,3.6363636363636355e-07,0.0,0.0,0.0,0.0,0.0,0.0,0.0
91,i_soln,109102,-99,8.0,0.0,240.0,2.9986045440461253,99.90701205807707,0.0,0.0,0.0,0.0,0.0,0.0,0.0,0.999999999999999,0.0,0.0,0.0,0.0,0.0,0.0,0.0,0.0,0.999999999999999,0.0,0.0,0.0,0.0,0.0,0.0,0.0,0.0,0.0,-999.999,-999.999,-999.999,-999.999,-8.0,-3.215706120982619,-999.999,-999.999,-999.999,-999.999,-2.212279423983691,-999.999,-999.999,-999.999,-999.999,-999.999,-999.999,-999.999,-999.999,-999.999,-999.999,-999.999,-999.999,-999.999,-999.999,-999.999,-999.999,-999.999,0.0,0.0,0.0,0.0,0.0,0.0,0.0,0.0,0.0,0.0,0.0,0.0,0.0,0.0,-999.999,-999.999,-999.999,-999.999,-999.999,-999.999,-999.999,43.95804465241585,91.0,8.0,-99.99,-99.99,0.0,7.757362014636452e-06,2.1810342941641176e-05,0.0004376039999662248,3.386746422037547e-05,3.6363636363636355e-07,0.0,0.0,0.0,0.0,0.0,0.0,0.0
91,react,91,1,8.286893957120592,-7.721767051574886,240.0,0.2531819043642651,15.395655332299773,1.043753049361107,0.4970252616005329,0.0009940505232010636,0.09940505232010532,6.546148862001333e-06,3.281235960653564e-10,0.09443810642207856,1.996173712100272e-05,0.0994050521241193,6.546148862000425e-06,9.088934201918649e-19,1.9341149608307488e-10,1.3471209998228152e-10,0.09434695153861322,9.083585438629257e-05,1.996173712100272e-05,0.0,4.256208066041871e-14,2.4931582372618016e-31,5.960635857790585e-12,1.8566667125924184e-23,1.3225214887795108e-12,3.656996709270005e-28,6.223680056814941e-15,4.445762838472642e-30,1.3446304822739251e-10,-6.152811527906496,-5.637061438526145,-5.052124099130835,-7.491138084485087,-8.286893957120592,-2.933625788063205,-1.3917487838043026,-2.730908072040407,-14.361249097562618,-22.417377506909105,-69.33562523112413,-16.880902316595293,-16.40664369419899,-17.41036896276656,-95.76045154834898,-9.521468513707319,-12.235819334895066,-23.371641615197966,-22.313917086202938,-10.016048785044767,-23.354563316686964,-12.643127358714928,-25.54656769288656,-5.865447542597934,-11.733731062954968,-10.103212832586618,-21.548669009671094,-6.135805259201569,0.0,0.0,0.0,0.0,0.0010771439652558768,-8.469103537279542e-06,0.0010475030718532076,8.469101922284946e-06,0.00012679757806591336,4.1832449580676617e-07,0.0,0.0,0.0,0.0,-5.157185208971779,-7.018346990010398,-2.0145149252489603,-1.1171633703890862,0.0,2.842170943040401e-14,-3.401526981763987,0.0,91.0,8.286893957120592,-1.3917487838043026,-2.730908072040407,6.963294945112458e-06,7.757362014636452e-06,2.1810342941641176e-05,0.0004376039999662248,3.386746422037547e-05,3.6363636363636355e-07,0.0,47.842347886143926,46.52582012424003,0.0,0.0,5.631831989616043,0.0
92,i_soln,109201,-99,8.0,0.0,240.0,-0.000492783605584837,-63.42297352997195,0.0,0.0,0.0,0.0,0.9999999999999971,0.0,0.0,0.0,0.0,0.9999999999999971,0.0,0.0,0.0,0.0,0.0,0.0,0.0,0.0,0.0,0.0,0.0,0.0,0.0,0.0,0.0,0.0,-999.999,-999.999,-999.999,-999.999,-8.0,-3.2157004040477073,-999.999,-999.999,-999.999,-999.999,-999.999,-999.999,-999.999,-999.999,-999.999,-999.999,-999.999,-999.999,-999.999,-999.999,-999.999,-999.999,-999.999,-999.999,-999.999,-6.196071767946686e-05,-999.999,-999.999,0.0,0.0,0.0,0.0,0.0,0.0,0.0,0.0,0.0,0.0,0.0,0.0,0.0,0.0,-999.999,-999.999,-999.999,-999.999,-999.999,-999.999,-999.999,-999.999,92.0,8.0,-99.99,-99.99,0.0,7.559250209115383e-06,2.243555910811649e-05,0.00040783186947690426,3.1558949034271496e-05,3.6026936026936023e-07,0.0,0.0,0.0,0.0,0.0,0.0,0.0
92,i_soln,109202,-99,8.0,0.0,240.0,2.9986045440461253,99.90701205807707,0.0,0.0,0.0,0.0,0.0,0.0,0.0,0.999999999999999,0.0,0.0,0.0,0.0,0.0,0.0,0.0,0.0,0.999999999999999,0.0,0.0,0.0,0.0,0.0,0.0,0.0,0.0,0.0,-999.999,-999.999,-999.999,-999.999,-8.0,-3.215706120982619,-999.999,-999.999,-999.999,-999.999,-2.212279423983691,-999.999,-999.999,-999.999,-999.999,-999.999,-999.999,-999.999,-999.999,-999.999,-999.999,-999.999,-999.999,-999.999,-999.999,-999.999,-999.999,-999.999,0.0,0.0,0.0,0.0,0.0,0.0,0.0,0.0,0.0,0.0,0.0,0.0,0.0,0.0,-999.999,-999.999,-999.999,-999.999,-999.999,-999.999,-999.999,43.95804465241585,92.0,8.0,-99.99,-99.99,0.0,7.559250209115383e-06,2.243555910811649e-05,0.00040783186947690426,3.1558949034271496e-05,3.6026936026936023e-07,0.0,0.0,0.0,0.0,0.0,0.0,0.0
92,react,92,1,8.287842114092895,-7.722738318297853,240.0,0.25318296911787225,15.395812055127672,1.043719543699153,0.4970093065234121,0.0009940186130468216,0.09940186130468102,6.537705606156764e-06,3.296064711302608e-10,0.09441938564558533,1.9911033876983493e-05,0.0994018611086827,6.537705606155852e-06,9.118084337340626e-19,1.9412700945259425e-10,1.3547946167766658e-10,0.09432808754584349,9.0979208831215e-05,1.9911033876983493e-05,0.0,4.252697313726979e-14,2.4855263418240047e-31,5.968799848536194e-12,1.855036438685513e-23,1.321409460035e-12,3.64572001626718e-28,6.21831176551493e-15,4.431988039015612e-30,1.352295360058377e-10,-6.152111978669881,-5.637633957934885,-5.0532266204172815,-7.492174978489793,-8.287842114092896,-2.9326771567030625,-1.3918144110860395,-2.7319218562944556,-14.360323101565298,-22.418348773632072,-69.33853903129304,-16.881884702546838,-16.40763719937911,-17.41137358717526,-95.76340982543218,-9.521491149070144,-12.23595058945857,-23.373065265994796,-22.315351856228347,-10.016512288347208,-23.356009205940946,-12.643601981245947,-25.548024701369123,-5.865954434724962,-11.734183447028832,-10.102705466071761,-21.549132909879205,-6.134922729511004,0.0,0.0,0.0,0.0,0.0010692521554546165,-7.891809801260224e-06,0.001055394880152073,7.891808298865445e-06,0.00012720821112044355,4.106330545301882e-07,0.0,0.0,0.0,0.0,-5.154142433046138,-7.013759953565177,-2.014514925248953,-1.1176933722667641,0.0,5.684341886080802e-14,-3.4009969798863064,0.0,92.0,8.287842114092896,-1.3918144110860395,-2.7319218562944556,7.01225283908351e-06,7.559250209115383e-06,2.243555910811649e-05,0.00040783186947690426,3.1558949034271496e-05,3.6026936026936023e-07,0.0,47.483165581299126,46.86779408605386,0.0,0.0,5.649040332647008,0.0
93,i_soln,109301,-99,8.0,0.0,240.0,-0.000492783605584837,-63.42297352997195,0.0,0.0,0.0,0.0,0.9999999999999971,0.0,0.0,0.0,0.0,0.9999999999999971,0.0,0.0,0.0,0.0,0.0,0.0,0.0,0.0,0.0,0.0,0.0,0.0,0.0,0.0,0.0,0.0,-999.999,-999.999,-999.999,-999.999,-8.0,-3.2157004040477073,-999.999,-999.999,-999.999,-999.999,-999.999,-999.999,-999.999,-999.999,-999.999,-999.999,-999.999,-999.999,-999.999,-999.999,-999.999,-999.999,-999.999,-999.999,-999.999,-6.196071767946686e-05,-999.999,-999.999,0.0,0.0,0.0,0.0,0.0,0.0,0.0,0.0,0.0,0.0,0.0,0.0,0.0,0.0,-999.999,-999.999,-999.999,-999.999,-999.999,-999.999,-999.999,-999.999,93.0,8.0,-99.99,-99.99,0.0,7.348760322732572e-06,2.3080011200488656e-05,0.00037714374460581215,2.910619717550182e-05,3.5690235690235685e-07,0.0,0.0,0.0,0.0,0.0,0.0,0.0
93,i_soln,109302,-99,8.0,0.0,240.0,2.9986045440461253,99.90701205807707,0.0,0.0,0.0,0.0,0.0,0.0,0.0,0.999999999999999,0.0,0.0,0.0,0.0,0.0,0.0,0.0,0.0,0.999999999999999,0.0,0.0,0.0,0.0,0.0,0.0,0.0,0.0,0.0,-999.999,-999.999,-999.999,-999.999,-8.0,-3.215706120982619,-999.999,-999.999,-999.999,-999.999,-2.212279423983691,-999.999,-999.999,-999.999,-999.999,-999.999,-999.999,-999.999,-999.999,-999.999,-999.999,-999.999,-999.999,-999.999,-999.999,-999.999,-999.999,-999.999,0.0,0.0,0.0,0.0,0.0,0.0,0.0,0.0,0.0,0.0,0.0,0.0,0.0,0.0,-999.999,-999.999,-999.999,-999.999,-999.999,-999.999,-999.999,43.95804465241585,93.0,8.0,-99.99,-99.99,0.0,7.348760322732572e-06,2.3080011200488656e-05,0.00037714374460581215,2.910619717550182e-05,3.5690235690235685e-07,0.0,0.0,0.0,0.0,0.0,0.0,0.0
93,react,93,1,8.288710357704748,-7.723622359470308,240.0,0.253184024983843,15.395961533540019,1.043688618179979,0.49699458008571,0.000993989160171417,0.09939891601714047,6.529970739119725e-06,3.309691165720201e-10,0.0944021185985596,1.9864902280511473e-05,0.09939891582113576,6.529970739118811e-06,9.14498134972297e-19,1.947828294347756e-10,1.361862871372445e-10,0.09431068029866876,9.111952848613534e-05,1.9864902280511473e-05,0.0,4.249441583702766e-14,2.478563388509328e-31,5.976225011500567e-12,1.8535487822527599e-23,1.3203783453885005e-12,3.6354313236916257e-28,6.213334899545739e-15,4.419419813605032e-30,1.3593555794832247e-10,-6.151429108448644,-5.638159197606021,-5.054232152076671,-7.493119764905714,-8.288710357704748,-2.93180847500679,-1.3918751563295073,-2.7328508451497697,-14.359469779345208,-22.419232814804527,-69.34119115481042,-16.8827790053117,-16.40854176373638,-17.412288413124937,-95.76610299531917,-9.521506508546326,-12.2360720799455,-23.374363317943843,-22.316660169769804,-10.01693656071621,-23.35732778107481,-12.644036515207354,-25.549353538095396,-5.866418929152616,-11.734597457805426,-10.102240533559675,-21.549552018539575,-6.134115231142621,0.0,0.0,0.0,0.0,0.001061973707745623,-7.2784477089934616e-06,0.0010626733264803554,7.278446328282378e-06,0.0001276109305066284,4.027193861848592e-07,0.0,0.0,0.0,0.0,-5.151354152226883,-7.00956195381791,-2.0145149252489745,-1.1181736642550746,0.0,-2.842170943040401e-14,-3.4005166878980395,0.0,93.0,8.288710357704748,-1.3918751563295073,-2.7328508451497697,7.057418113489389e-06,7.348760322732572e-06,2.3080011200488656e-05,0.00037714374460581215,2.910619717550182e-05,3.5690235690235685e-07,0.0,47.15151303157687,47.18257602461263,0.0,0.0,5.6659109438105,0.0
94,i_soln,109401,-99,8.0,0.0,240.0,-0.000492783605584837,-63.42297352997195,0.0,0.0,0.0,0.0,0.9999999999999971,0.0,0.0,0.0,0.0,0.9999999999999971,0.0,0.0,0.0,0.0,0.0,0.0,0.0,0.0,0.0,0.0,0.0,0.0,0.0,0.0,0.0,0.0,-999.999,-999.999,-999.999,-999.999,-8.0,-3.2157004040477073,-999.999,-999.999,-999.999,-999.999,-999.999,-999.999,-999.999,-999.999,-999.999,-999.999,-999.999,-999.999,-999.999,-999.999,-999.999,-999.999,-999.999,-999.999,-999.999,-6.196071767946686e-05,-999.999,-999.999,0.0,0.0,0.0,0.0,0.0,0.0,0.0,0.0,0.0,0.0,0.0,0.0,0.0,0.0,-999.999,-999.999,-999.999,-999.999,-999.999,-999.999,-999.999,-999.999,94.0,8.0,-99.99,-99.99,0.0,7.1251189695435625e-06,2.3744291047416245e-05,0.00034551144310016155,2.650019669653107e-05,3.5353535353535347e-07,0.0,0.0,0.0,0.0,0.0,0.0,0.0
94,i_soln,109402,-99,8.0,0.0,240.0,2.9986045440461253,99.90701205807707,0.0,0.0,0.0,0.0,0.0,0.0,0.0,0.999999999999999,0.0,0.0,0.0,0.0,0.0,0.0,0.0,0.0,0.999999999999999,0.0,0.0,0.0,0.0,0.0,0.0,0.0,0.0,0.0,-999.999,-999.999,-999.999,-999.999,-8.0,-3.215706120982619,-999.999,-999.999,-999.999,-999.999,-2.212279423983691,-999.999,-999.999,-999.999,-999.999,-999.999,-999.999,-999.999,-999.999,-999.999,-999.999,-999.999,-999.999,-999.999,-999.999,-999.999,-999.999,-999.999,0.0,0.0,0.0,0.0,0.0,0.0,0.0,0.0,0.0,0.0,0.0,0.0,0.0,0.0,-999.999,-999.999,-999.999,-999.999,-999.999,-999.999,-999.999,43.95804465241585,94.0,8.0,-99.99,-99.99,0.0,7.1251189695435625e-06,2.3744291047416245e-05,0.00034551144310016155,2.650019669653107e-05,3.5353535353535347e-07,0.0,0.0,0.0,0.0,0.0,0.0,0.0
94,react,94,1,8.289493895424114,-7.724413888988466,240.0,0.25318507203770135,15.396103325477863,1.043660433114075,0.4969811586257557,0.0009939623172515086,0.09939623172514982,6.5229841635828e-06,3.322021067212812e-10,0.09438639574458799,1.9823582428270482e-05,0.09939623152914501,6.522984163581883e-06,9.16946379769111e-19,1.953744464855375e-10,1.3682766023574368e-10,0.09429482037028554,9.125670251926304e-05,1.9823582428270482e-05,0.0,4.246454421098305e-14,2.472302246731696e-31,5.98286213671404e-12,1.8522116696580237e-23,1.3194324469726173e-12,3.626179117736533e-28,6.208770300759157e-15,4.408117323692864e-30,1.3657620307284206e-10,-6.150763446103845,-5.638634275213672,-5.055134759925419,-7.4939668335891625,-8.289493895424114,-2.93102453774216,-1.3919306954948019,-2.7336899220344364,-14.358693434334104,-22.420024344322684,-69.34356574336488,-16.883579885552297,-16.409351994699417,-17.413107994810414,-95.76851498676342,-9.521514100799852,-12.236183158276122,-23.37552819746149,-22.317834400009893,-10.01731926143814,-23.35851136203734,-12.644428566651726,-25.55054646978036,-5.8668384675949525,-11.734970807804917,-10.101820595572093,-21.549923610070152,-6.133387232588544,0.0,0.0,0.0,0.0,0.0010553469441096832,-6.626763635939883e-06,0.0010693000888668232,6.626762386467786e-06,0.00012800549698880644,3.9456648217803e-07,0.0,0.0,0.0,0.0,-5.148835722937138,-7.005776517857125,-2.0145149252489816,-1.1186011944961578,1.4210854715202004e-14,0.0,-3.4000891576569305,0.0,94.0,8.289493895424114,-1.3919306954948019,-2.7336899220344364,7.098462249798293e-06,7.1251189695435625e-06,2.3744291047416245e-05,0.00034551144310016155,2.650019669653107e-05,3.5353535353535347e-07,0.0,46.849078145484505,47.46848768919051,0.0,0.0,5.682434165324978,0.0
95,i_soln,109501,-99,8.0,0.0,240.0,-0.000492783605584837,-63.42297352997195,0.0,0.0,0.0,0.0,0.9999999999999971,0.0,0.0,0.0,0.0,0.9999999999999971,0.0,0.0,0.0,0.0,0.0,0.0,0.0,0.0,0.0,0.0,0.0,0.0,0.0,0.0,0.0,0.0,-999.999,-999.999,-999.999,-999.999,-8.0,-3.2157004040477073,-999.999,-999.999,-999.999,-999.999,-999.999,-999.999,-999.999,-999.999,-999.999,-999.999,-999.999,-999.999,-999.999,-999.999,-999.999,-999.999,-999.999,-999.999,-999.999,-6.196071767946686e-05,-999.999,-999.999,0.0,0.0,0.0,0.0,0.0,0.0,0.0,0.0,0.0,0.0,0.0,0.0,0.0,0.0,-999.999,-999.999,-999.999,-999.999,-999.999,-999.999,-999.999,-999.999,95.0,8.0,-99.99,-99.99,0.0,6.887504442234402e-06,2.4429008686255585e-05,0.00031290591562829756,2.3731372580828504e-05,3.501683501683502e-07,0.0,0.0,0.0,0.0,0.0,0.0,0.0
95,i_soln,109502,-99,8.0,0.0,240.0,2.9986045440461253,99.90701205807707,0.0,0.0,0.0,0.0,0.0,0.0,0.0,0.999999999999999,0.0,0.0,0.0,0.0,0.0,0.0,0.0,0.0,0.999999999999999,0.0,0.0,0.0,0.0,0.0,0.0,0.0,0.0,0.0,-999.999,-999.999,-999.999,-999.999,-8.0,-3.215706120982619,-999.999,-999.999,-999.999,-999.999,-2.212279423983691,-999.999,-999.999,-999.999,-999.999,-999.999,-999.999,-999.999,-999.999,-999.999,-999.999,-999.999,-999.999,-999.999,-999.999,-999.999,-999.999,-999.999,0.0,0.0,0.0,0.0,0.0,0.0,0.0,0.0,0.0,0.0,0.0,0.0,0.0,0.0,-999.999,-999.999,-999.999,-999.999,-999.999,-999.999,-999.999,43.95804465241585,95.0,8.0,-99.99,-99.99,0.0,6.887504442234402e-06,2.4429008686255585e-05,0.00031290591562829756,2.3731372580828504e-05,3.501683501683502e-07,0.0,0.0,0.0,0.0,0.0,0.0,0.0
95,react,95,1,8.29018761998498,-7.72510727380671,240.0,0.2531861103596738,15.396236963369816,1.0436351588682524,0.49696912327060244,0.0009939382465412015,0.09939382465411886,6.516788583077591e-06,3.3329554170664024e-10,0.09437231321979886,1.978733307665712e-05,0.0993938244581207,6.516788583076672e-06,9.1913613684431e-19,1.9589711752466458e-10,1.3739842418197568e-10,0.09428060401383574,9.13906126152033e-05,1.978733307665712e-05,0.0,4.243750343762604e-14,2.466778505495991e-31,5.988659108405667e-12,1.8510335962286055e-23,1.3185763756734918e-12,3.618015901391279e-28,6.204640305345033e-15,4.398144636297821e-30,1.371463200078685e-10,-6.150115559255848,-5.639056122748367,-5.055928125082711,-7.494710208576933,-8.29018761998498,-2.930330454552374,-1.3919806856643246,-2.7344336367648197,-14.357998652772778,-22.42071772914093,-69.34564589781961,-16.884281653644575,-16.41006214606573,-17.41382652945076,-95.77062867431428,-9.52151340242831,-12.236283138615178,-23.376551832749428,-22.318866418571865,-10.017657895181864,-23.359551763873345,-12.644775583669485,-25.5515952548904,-5.867210324960141,-11.73530105827461,-10.101448379577969,-21.550244778894267,-6.132743498197215,0.0,0.0,0.0,0.0,0.0010494125809703237,-5.9343631393594855e-06,0.0010752344508979852,5.934362031161967e-06,0.00012839165277133435,3.861557825279155e-07,0.0,0.0,0.0,0.0,-5.1466035028591115,-7.002428706797181,-2.0145149252489745,-1.1189727121187403,2.842170943040401e-14,2.842170943040401e-14,-3.399717640034347,0.0,95.0,8.29018761998498,-1.3919806856643246,-2.7344336367648197,7.135041395971261e-06,6.887504442234402e-06,2.4429008686255585e-05,0.00031290591562829756,2.3731372580828504e-05,3.501683501683502e-07,0.0,46.57765479682252,47.72374563421937,0.0,0.0,5.698599568958118,0.0
96,i_soln,109601,-99,8.0,0.0,240.0,-0.000492783605584837,-63.42297352997195,0.0,0.0,0.0,0.0,0.9999999999999971,0.0,0.0,0.0,0.0,0.9999999999999971,0.0,0.0,0.0,0.0,0.0,0.0,0.0,0.0,0.0,0.0,0.0,0.0,0.0,0.0,0.0,0.0,-999.999,-999.999,-999.999,-999.999,-8.0,-3.2157004040477073,-999.999,-999.999,-999.999,-999.999,-999.999,-999.999,-999.999,-999.999,-999.999,-999.999,-999.999,-999.999,-999.999,-999.999,-999.999,-999.999,-999.999,-999.999,-999.999,-6.196071767946686e-05,-999.999,-999.999,0.0,0.0,0.0,0.0,0.0,0.0,0.0,0.0,0.0,0.0,0.0,0.0,0.0,0.0,-999.999,-999.999,-999.999,-999.999,-999.999,-999.999,-999.999,-999.999,96.0,8.0,-99.99,-99.99,0.0,6.635043692988987e-06,2.513479292328487e-05,0.00027929721910241993,2.0789551562160095e-05,3.4680134680134676e-07,0.0,0.0,0.0,0.0,0.0,0.0,0.0
96,i_soln,109602,-99,8.0,0.0,240.0,2.9986045440461253,99.90701205807707,0.0,0.0,0.0,0.0,0.0,0.0,0.0,0.999999999999999,0.0,0.0,0.0,0.0,0.0,0.0,0.0,0.0,0.999999999999999,0.0,0.0,0.0,0.0,0.0,0.0,0.0,0.0,0.0,-999.999,-999.999,-999.999,-999.999,-8.0,-3.215706120982619,-999.999,-999.999,-999.999,-999.999,-2.212279423983691,-999.999,-999.999,-999.999,-999.999,-999.999,-999.999,-999.999,-999.999,-999.999,-999.999,-999.999,-999.999,-999.999,-999.999,-999.999,-999.999,-999.999,0.0,0.0,0.0,0.0,0.0,0.0,0.0,0.0,0.0,0.0,0.0,0.0,0.0,0.0,-999.999,-999.999,-999.999,-999.999,-999.999,-999.999,-999.999,43.95804465241585,96.0,8.0,-99.99,-99.99,0.0,6.635043692988987e-06,2.513479292328487e-05,0.00027929721910241993,2.0789551562160095e-05,3.4680134680134676e-07,0.0,0.0,0.0,0.0,0.0,0.0,0.0
96,react,96,1,8.290786086596905,-7.725696508773362,240.0,0.25318714003501924,15.396361952865165,1.043612976500828,0.49695856023849583,0.0009939171204769877,0.09939171204769744,6.511429729235093e-06,3.3423904093464837e-10,0.09435997319077415,1.9756433376335237e-05,0.0993917118517131,6.511429729234171e-06,9.21049453787401e-19,1.963458606022997e-10,1.3789318033234864e-10,0.09426813352087669,9.15211324112131e-05,1.9756433376335237e-05,0.0,4.241344923543941e-14,2.4620307392265164e-31,5.993560747964506e-12,1.8500236743332555e-23,1.317815076888434e-12,3.610998587410645e-28,6.2009688682138395e-15,4.389571204220931e-30,1.3764051581493154e-10,-6.149486057158691,-5.639421473678707,-5.0566055168818576,-7.495343521959825,-8.290786086596905,-2.929731672755626,-1.392024764080567,-2.7350761817929907,-14.357390324145934,-22.42130696410758,-69.34741360271957,-16.884878244301788,-16.41066609241351,-17.414437831489103,-95.77242580197648,-9.521503855598214,-12.236371295447597,-23.37742561750449,-22.319747559017486,-10.017949800660839,-23.360440260009533,-12.645074844839023,-25.55249110671715,-5.86753159747424,-11.735585608063017,-10.101126791879066,-21.55051242616202,-6.13218911000153,0.0,0.0,0.0,0.0,0.0010442138788119939,-5.198702158329838e-06,0.0010804331520999138,5.1987012019286474e-06,0.0001287691197760502,3.774670047158499e-07,0.0,0.0,0.0,0.0,-5.144674922220215,-6.999545225076522,-2.0145149252489745,-1.1192847529875607,-1.4210854715202004e-14,-2.842170943040401e-14,-3.399405599165539,1.7763568394002505e-15,96.0,8.290786086596905,-1.392024764080567,-2.7350761817929907,7.166796580119239e-06,6.635043692988987e-06,2.513479292328487e-05,0.00027929721910241993,2.0789551562160095e-05,3.4680134680134676e-07,0.0,46.33914949501005,47.94645462046868,0.0,0.0,5.714395884521266,0.0
97,i_soln,109701,-99,8.0,0.0,240.0,-0.000492783605584837,-63.42297352997195,0.0,0.0,0.0,0.0,0.9999999999999971,0.0,0.0,0.0,0.0,0.9999999999999971,0.0,0.0,0.0,0.0,0.0,0.0,0.0,0.0,0.0,0.0,0.0,0.0,0.0,0.0,0.0,0.0,-999.999,-999.999,-999.999,-999.999,-8.0,-3.2157004040477073,-999.999,-999.999,-999.999,-999.999,-999.999,-999.999,-999.999,-999.999,-999.999,-999.999,-999.999,-999.999,-999.999,-999.999,-999.999,-999.999,-999.999,-999.999,-999.999,-6.196071767946686e-05,-999.999,-999.999,0.0,0.0,0.0,0.0,0.0,0.0,0.0,0.0,0.0,0.0,0.0,0.0,0.0,0.0,-999.999,-999.999,-999.999,-999.999,-999.999,-999.999,-999.999,-999.999,97.0,8.0,-99.99,-99.99,0.0,6.3668091257201725e-06,2.5862291911164593e-05,0.00024465448918052987,1.7663924745780232e-05,3.434343434343434e-07,0.0,0.0,0.0,0.0,0.0,0.0,0.0
97,i_soln,109702,-99,8.0,0.0,240.0,2.9986045440461253,99.90701205807707,0.0,0.0,0.0,0.0,0.0,0.0,0.0,0.999999999999999,0.0,0.0,0.0,0.0,0.0,0.0,0.0,0.0,0.999999999999999,0.0,0.0,0.0,0.0,0.0,0.0,0.0,0.0,0.0,-999.999,-999.999,-999.999,-999.999,-8.0,-3.215706120982619,-999.999,-999.999,-999.999,-999.999,-2.212279423983691,-999.999,-999.999,-999.999,-999.999,-999.999,-999.999,-999.999,-999.999,-999.999,-999.999,-999.999,-999.999,-999.999,-999.999,-999.999,-999.999,-999.999,0.0,0.0,0.0,0.0,0.0,0.0,0.0,0.0,0.0,0.0,0.0,0.0,0.0,0.0,-999.999,-999.999,-999.999,-999.999,-999.999,-999.999,-999.999,43.95804465241585,97.0,8.0,-99.99,-99.99,0.0,6.3668091257201725e-06,2.5862291911164593e-05,0.00024465448918052987,1.7663924745780232e-05,3.434343434343434e-07,0.0,0.0,0.0,0.0,0.0,0.0,0.0
97,react,97,1,8.291283488304279,-7.7261751894324515,240.0,0.2531881611543079,15.39647777153164,1.0435940784375088,0.4969495611607251,0.0009938991223214459,0.09938991223214325,6.506956610856634e-06,3.3502173939644833e-10,0.09434948423541824,1.973118480089898e-05,0.09938991203618042,6.5069566108557104e-06,9.226674240401405e-19,1.9671545054301659e-10,1.3830628885343175e-10,0.09425751760287791,9.164812686275938e-05,1.973118480089898e-05,0.0,4.239254875755483e-14,2.458100805129209e-31,5.99750865105687e-12,1.849191686287211e-23,1.3171538588734077e-12,3.6051889379470176e-28,6.19778169985513e-15,4.3824724033261686e-30,1.3805315665963964e-10,-6.148875593929562,-5.639726849145218,-5.057159763691386,-7.495859985694139,-8.291283488304279,-2.929234001995576,-1.3920625471557893,-2.735611366575597,-14.35687366328493,-22.421785644766672,-69.34884964469684,-16.88536318915063,-16.411157301452096,-17.414935304717435,-95.77388690071277,-9.521484865497257,-12.236446861598077,-23.3781403716694,-22.320468577372143,-10.018192138356405,-23.361167542553936,-12.645323446724335,-25.553224653451302,-5.867799189865522,-11.735821681568837,-10.100858930435088,-21.55072324537713,-6.131729491369388,0.0,0.0,0.0,0.0,0.0010397968011482824,-4.417077663711449e-06,0.0010848502289700324,4.41707687011861e-06,0.00012913759772736395,3.6847795131374705e-07,0.0,0.0,0.0,0.0,-5.143068560714383,-6.9971545383923885,-2.0145149252489603,-1.1195336243305647,1.4210854715202004e-14,5.684341886080802e-14,-3.399156727822521,-1.7763568394002505e-15,97.0,8.291283488304279,-1.3920625471557893,-2.735611366575597,7.193354098035766e-06,6.3668091257201725e-06,2.5862291911164593e-05,0.00024465448918052987,1.7663924745780232e-05,3.434343434343434e-07,0.0,46.13558848088299,48.13460059877178,0.0,0.0,5.729810920345237,0.0
98,i_soln,109801,-99,8.0,0.0,240.0,-0.000492783605584837,-63.42297352997195,0.0,0.0,0.0,0.0,0.9999999999999971,0.0,0.0,0.0,0.0,0.9999999999999971,0.0,0.0,0.0,0.0,0.0,0.0,0.0,0.0,0.0,0.0,0.0,0.0,0.0,0.0,0.0,0.0,-999.999,-999.999,-999.999,-999.999,-8.0,-3.2157004040477073,-999.999,-999.999,-999.999,-999.999,-999.999,-999.999,-999.999,-999.999,-999.999,-999.999,-999.999,-999.999,-999.999,-999.999,-999.999,-999.999,-999.999,-999.999,-999.999,-6.196071767946686e-05,-999.999,-999.999,0.0,0.0,0.0,0.0,0.0,0.0,0.0,0.0,0.0,0.0,0.0,0.0,0.0,0.0,-999.999,-999.999,-999.999,-999.999,-999.999,-999.999,-999.999,-999.999,98.0,8.0,-99.99,-99.99,0.0,6.081815187878583e-06,2.661217374416457e-05,0.0002089459119223508,1.4343007894184999e-05,3.4006734006734006e-07,0.0,0.0,0.0,0.0,0.0,0.0,0.0
98,i_soln,109802,-99,8.0,0.0,240.0,2.9986045440461253,99.90701205807707,0.0,0.0,0.0,0.0,0.0,0.0,0.0,0.999999999999999,0.0,0.0,0.0,0.0,0.0,0.0,0.0,0.0,0.999999999999999,0.0,0.0,0.0,0.0,0.0,0.0,0.0,0.0,0.0,-999.999,-999.999,-999.999,-999.999,-8.0,-3.215706120982619,-999.999,-999.999,-999.999,-999.999,-2.212279423983691,-999.999,-999.999,-999.999,-999.999,-999.999,-999.999,-999.999,-999.999,-999.999,-999.999,-999.999,-999.999,-999.999,-999.999,-999.999,-999.999,-999.999,0.0,0.0,0.0,0.0,0.0,0.0,0.0,0.0,0.0,0.0,0.0,0.0,0.0,0.0,-999.999,-999.999,-999.999,-999.999,-999.999,-999.999,-999.999,43.95804465241585,98.0,8.0,-99.99,-99.99,0.0,6.081815187878583e-06,2.661217374416457e-05,0.0002089459119223508,1.4343007894184999e-05,3.4006734006734006e-07,0.0,0.0,0.0,0.0,0.0,0.0,0.0
98,react,98,1,8.291673629324281,-7.72653648258044,240.0,0.25318917381350053,15.396583867508179,1.0435786691909656,0.4969422234245662,0.0009938844468488771,0.09938844468487391,6.5034217872352175e-06,3.3563228735056906e-10,0.09434096174819007,1.9711913296261692e-05,0.0993884444889408,6.503421787234293e-06,9.239701553793576e-19,1.970004157793836e-10,1.3863187157118552e-10,0.09424887179712065,9.177145156947036e-05,1.9711913296261692e-05,0.0,4.23749815754402e-14,2.4550341764738903e-31,6.0004410187855145e-12,1.8485481426490102e-23,1.316598423909386e-12,3.6006540573464284e-28,6.1951064167869755e-15,4.37693013484348e-30,1.3837837066856386e-10,-6.148284871987863,-5.639968543107573,-5.057583221442558,-7.496252361143711,-8.291673629324281,-2.9288436409137804,-1.3920936294573756,-2.736032589897171,-14.356454234269322,-22.422146937914658,-69.34993352414081,-16.88572958704725,-16.41152880409735,-17.415311912111328,-95.77499119915127,-9.521455797563448,-12.236509026201238,-23.378686298925224,-22.321019609376602,-10.018381877212876,-23.36172367930703,-12.645518290329443,-25.553785894953034,-5.868009801526306,-11.736006315676672,-10.100648098712494,-21.550873706802527,-6.131370432650967,0.0,0.0,0.0,0.0,0.0010362101834246284,-3.5866177236539964e-06,0.0010884368460744042,3.58661710437181e-06,0.00012949676201859798,3.5916429123403356e-07,0.0,0.0,0.0,0.0,-5.141804230564249,-6.995287001070103,-2.0145149252489674,-1.1197153881193955,-2.842170943040401e-14,-2.842170943040401e-14,-3.3989749640337337,0.0,98.0,8.291673629324281,-1.3920936294573756,-2.736032589897171,7.214326102475821e-06,6.081815187878583e-06,2.661217374416457e-05,0.0002089459119223508,1.4343007894184999e-05,3.4006734006734006e-07,0.0,45.969125276031605,48.286043249335044,0.0,0.0,5.74483147463333,0.0
99,i_soln,109901,-99,8.0,0.0,240.0,-0.000492783605584837,-63.42297352997195,0.0,0.0,0.0,0.0,0.9999999999999971,0.0,0.0,0.0,0.0,0.9999999999999971,0.0,0.0,0.0,0.0,0.0,0.0,0.0,0.0,0.0,0.0,0.0,0.0,0.0,0.0,0.0,0.0,-999.999,-999.999,-999.999,-999.999,-8.0,-3.2157004040477073,-999.999,-999.999,-999.999,-999.999,-999.999,-999.999,-999.999,-999.999,-999.999,-999.999,-999.999,-999.999,-999.999,-999.999,-999.999,-999.999,-999.999,-999.999,-999.999,-6.196071767946686e-05,-999.999,-999.999,0.0,0.0,0.0,0.0,0.0,0.0,0.0,0.0,0.0,0.0,0.0,0.0,0.0,0.0,-999.999,-999.999,-999.999,-999.999,-999.999,-999.999,-999.999,-999.999,99.0,8.0,-99.99,-99.99,0.0,5.779014749316698e-06,2.73851270717043e-05,0.00017213869457318758,1.0814599231508343e-05,3.367003367003366e-07,0.0,0.0,0.0,0.0,0.0,0.0,0.0
99,i_soln,109902,-99,8.0,0.0,240.0,2.9986045440461253,99.90701205807707,0.0,0.0,0.0,0.0,0.0,0.0,0.0,0.999999999999999,0.0,0.0,0.0,0.0,0.0,0.0,0.0,0.0,0.999999999999999,0.0,0.0,0.0,0.0,0.0,0.0,0.0,0.0,0.0,-999.999,-999.999,-999.999,-999.999,-8.0,-3.215706120982619,-999.999,-999.999,-999.999,-999.999,-2.212279423983691,-999.999,-999.999,-999.999,-999.999,-999.999,-999.999,-999.999,-999.999,-999.999,-999.999,-999.999,-999.999,-999.999,-999.999,-999.999,-999.999,-999.999,0.0,0.0,0.0,0.0,0.0,0.0,0.0,0.0,0.0,0.0,0.0,0.0,0.0,0.0,-999.999,-999.999,-999.999,-999.999,-999.999,-999.999,-999.999,43.95804465241585,99.0,8.0,-99.99,-99.99,0.0,5.779014749316698e-06,2.73851270717043e-05,0.00017213869457318758,1.0814599231508343e-05,3.367003367003366e-07,0.0,0.0,0.0,0.0,0.0,0.0,0.0
99,react,99,1,8.29194989618106,-7.726773094398622,240.0,0.25319017811523864,15.396679658246198,1.0435669661252265,0.49693665053628994,0.0009938733010721767,0.0993873301071965,6.500881668466566e-06,3.360588540350976e-10,0.09433452837113222,1.9698971678947783e-05,0.09938732991130186,6.50088166846564e-06,9.249367404398753e-19,1.971950366441702e-10,1.388638173909274e-10,0.09424231889847755,9.189095201705197e-05,1.9698971678947783e-05,0.0,4.236094076447116e-14,2.4528803168475227e-31,6.002292483589507e-12,1.8481043465531218e-23,1.316154902686362e-12,3.5974669455738957e-28,6.192972707478777e-15,4.3730335018119544e-30,1.3861005335582513e-10,-6.147714645916871,-5.640142606360253,-5.057867739693076,-7.49651292617807,-8.29194989618106,-2.9285672060266013,-1.392117582673553,-2.736332809970122,-14.356137976313143,-22.42238354973284,-69.35064335959535,-16.885970071955196,-16.41177316209506,-17.4155601431988,-95.77571652696487,-9.521415974494449,-12.236556932633611,-23.37905294065348,-22.32139012419462,-10.018515780212713,-23.362098067214813,-12.645656066419042,-25.55416415595058,-5.868159911562799,-11.736136345586747,-10.100497820645625,-21.55096004055384,-6.131118119010356,0.0,0.0,0.0,0.0,0.001033505912476533,-2.7042709480954146e-06,0.0010911411165895164,2.7042705151121213e-06,0.0001298462613316272,3.4949931302922957e-07,0.0,0.0,0.0,0.0,-5.140903066254182,-6.993974993658801,-2.0145149252489745,-1.1198258431172192,0.0,0.0,-3.398864509035863,1.7763568394002505e-15,99.0,8.29194989618106,-1.392117582673553,-2.736332809970122,7.22931142524604e-06,5.779014749316698e-06,2.73851270717043e-05,0.00017213869457318758,1.0814599231508343e-05,3.367003367003366e-07,0.0,45.842048715710746,48.398508047768324,0.0,0.0,5.759443236520933,0.0
100,i_soln,110001,-99,8.0,0.0,240.0,-0.000492783605584837,-63.42297352997195,0.0,0.0,0.0,0.0,0.9999999999999971,0.0,0.0,0.0,0.0,0.9999999999999971,0.0,0.0,0.0,0.0,0.0,0.0,0.0,0.0,0.0,0.0,0.0,0.0,0.0,0.0,0.0,0.0,-999.999,-999.999,-999.999,-999.999,-8.0,-3.2157004040477073,-999.999,-999.999,-999.999,-999.999,-999.999,-999.999,-999.999,-999.999,-999.999,-999.999,-999.999,-999.999,-999.999,-999.999,-999.999,-999.999,-999.999,-999.999,-999.999,-6.196071767946686e-05,-999.999,-999.999,0.0,0.0,0.0,0.0,0.0,0.0,0.0,0.0,0.0,0.0,0.0,0.0,0.0,0.0,-999.999,-999.999,-999.999,-999.999,-999.999,-999.999,-999.999,-999.999,100.0,8.0,-99.99,-99.99,0.0,5.457295254903334e-06,2.818186173076992e-05,0.0001341990354489021,7.0657346115250675e-06,3.333333333333333e-07,0.0,0.0,0.0,0.0,0.0,0.0,0.0
100,i_soln,110002,-99,8.0,0.0,240.0,2.9986045440461253,99.90701205807707,0.0,0.0,0.0,0.0,0.0,0.0,0.0,0.999999999999999,0.0,0.0,0.0,0.0,0.0,0.0,0.0,0.0,0.999999999999999,0.0,0.0,0.0,0.0,0.0,0.0,0.0,0.0,0.0,-999.999,-999.999,-999.999,-999.999,-8.0,-3.215706120982619,-999.999,-999.999,-999.999,-999.999,-2.212279423983691,-999.999,-999.999,-999.999,-999.999,-999.999,-999.999,-999.999,-999.999,-999.999,-999.999,-999.999,-999.999,-999.999,-999.999,-999.999,-999.999,-999.999,0.0,0.0,0.0,0.0,0.0,0.0,0.0,0.0,0.0,0.0,0.0,0.0,0.0,0.0,-999.999,-999.999,-999.999,-999.999,-999.999,-999.999,-999.999,43.95804465241585,100.0,8.0,-99.99,-99.99,0.0,5.457295254903334e-06,2.818186173076992e-05,0.0001341990354489021,7.0657346115250675e-06,3.333333333333333e-07,0.0,0.0,0.0,0.0,0.0,0.0,0.0
100,react,100,1,8.292105226432932,-7.726877235907448,240.0,0.25319117416813103,15.396764529063102,1.0435592002717446,0.4969329525109005,0.0009938659050213298,0.09938659050210837,6.499396845907866e-06,3.3628913610823927e-10,0.09433031445296158,1.9692742318614025e-05,0.09938659030626154,6.499396845906941e-06,9.25545230014814e-19,1.972933453966231e-10,1.389957907116162e-10,0.09423798941929484,9.200646277788498e-05,1.9692742318614025e-05,0.0,4.235063409989478e-14,2.4516931012176323e-31,6.00299392987508e-12,1.847872464777479e-23,1.3158298921912945e-12,3.5957071209598973e-28,6.1914125152056234e-15,4.3708795703507625e-30,1.3874187604270927e-10,-6.147165726549818,-5.64024482931929,-5.05800462497935,-7.496633439575632,-8.292105226432932,-2.9284117630098416,-1.3921339545622755,-2.736504512110727,-14.355931231788452,-22.422487691241667,-69.35095578412184,-16.886076778125506,-16.411882432926852,-17.415671978692075,-95.77603921013726,-9.521364672986518,-12.236589676411022,-23.379229126005363,-22.321568874207987,-10.01859038871725,-23.36227938188966,-12.645733239585063,-25.554348035286907,-5.868245762633094,-11.736208389429803,-10.100411856810442,-21.55097821822748,-6.13097916064721,0.0,0.0,0.0,0.0,0.0010317391172031296,-1.7667952734033883e-06,0.0010929079116286998,1.7667950391834098e-06,0.000130185714975137,3.3945364350979903e-07,0.0,0.0,0.0,0.0,-5.140387621537702,-6.993253071709573,-2.0145149252489745,-1.1198605054444855,-1.4210854715202004e-14,0.0,-3.398829846708611,0.0,100.0,8.292105226432932,-1.3921339545622755,-2.736504512110727,7.237896665685508e-06,5.457295254903334e-06,2.818186173076992e-05,0.0001341990354489021,7.0657346115250675e-06,3.333333333333333e-07,0.0,45.756791497589475,48.46957782702229,0.0,0.0,5.773630675388225,0.0
